30. ROUND;Ch. Odessa - Karpaty;https://www.betexplorer.com/soccer/ukraine/premier-league-2013-2014/ch-odessa-karpaty/8A1jBbEn/;Dnipro - Met. Donetsk;https://www.betexplorer.com/soccer/ukraine/premier-league-2013-2014/dnipro-met-donetsk/UPka9xqa/;Dyn. Kyiv - FK Zorya Luhansk;https://www.betexplorer.com/soccer/ukraine/premier-league-2013-2014/dynamo-kyiv-zorya/EDiB6zTH/;Metalist Kharkiv - Vorskla Poltava;https://www.betexplorer.com/soccer/ukraine/premier-league-2013-2014/metalist-kharkiv-vorskla-poltava/n10fAITh/;Met. Zaporizhya - Arsenal Kiev;https://www.betexplorer.com/soccer/ukraine/premier-league-2013-2014/fc-metalurh-zaporizhya-arsenal-kiev/t0g38db5/;Shakhtar Donetsk - Volyn Lutsk;https://www.betexplorer.com/soccer/ukraine/premier-league-2013-2014/shakhtar-volyn-lutsk/WlnG5frO/;FC Sevastopol - Hoverla Uzhhorod;https://www.betexplorer.com/soccer/ukraine/premier-league-2013-2014/fc-sevastopol-hoverla-uzhhorod/AuoK4EcU/;Tavriya - Mariupol;https://www.betexplorer.com/soccer/ukraine/premier-league-2013-2014/tavriya-fc-mariupol/zNh77GDB/
29. ROUND;Arsenal Kiev - Tavriya;https://www.betexplorer.com/soccer/ukraine/premier-league-2013-2014/arsenal-kiev-tavriya/SdTTgcqC/;FK Zorya Luhansk - Shakhtar Donetsk;https://www.betexplorer.com/soccer/ukraine/premier-league-2013-2014/zorya-shakhtar/8fDSeJEa/;Hoverla Uzhhorod - Ch. Odessa;https://www.betexplorer.com/soccer/ukraine/premier-league-2013-2014/hoverla-uzhhorod-ch-odessa/vycnCvat/;Karpaty - Metalist Kharkiv;https://www.betexplorer.com/soccer/ukraine/premier-league-2013-2014/karpaty-metalist-kharkiv/xSAKGKjP/;Mariupol - Dyn. Kyiv;https://www.betexplorer.com/soccer/ukraine/premier-league-2013-2014/fc-mariupol-dynamo-kyiv/l6UPfwU5/;Met. Donetsk - Met. Zaporizhya;https://www.betexplorer.com/soccer/ukraine/premier-league-2013-2014/met-donetsk-fc-metalurh-zaporizhya/MJSXhHbI/;Volyn Lutsk - FC Sevastopol;https://www.betexplorer.com/soccer/ukraine/premier-league-2013-2014/volyn-lutsk-fc-sevastopol/U3EOdaag/;Vorskla Poltava - Dnipro;https://www.betexplorer.com/soccer/ukraine/premier-league-2013-2014/vorskla-poltava-dnipro/zNWyhyEO/
22. ROUND;FC Sevastopol - Metalist Kharkiv;https://www.betexplorer.com/soccer/ukraine/premier-league-2013-2014/fc-sevastopol-metalist-kharkiv/rkuRUUhn/
28. ROUND;Dnipro - Karpaty;https://www.betexplorer.com/soccer/ukraine/premier-league-2013-2014/dnipro-karpaty/SzhgsKa6/;Hoverla Uzhhorod - Volyn Lutsk;https://www.betexplorer.com/soccer/ukraine/premier-league-2013-2014/hoverla-uzhhorod-volyn-lutsk/zsFKcupm/;Tavriya - Met. Donetsk;https://www.betexplorer.com/soccer/ukraine/premier-league-2013-2014/tavriya-met-donetsk/ljt2ubUI/;Dyn. Kyiv - Arsenal Kiev;https://www.betexplorer.com/soccer/ukraine/premier-league-2013-2014/dynamo-kyiv-arsenal-kiev/x6Zq4s7J/;Met. Zaporizhya - Vorskla Poltava;https://www.betexplorer.com/soccer/ukraine/premier-league-2013-2014/fc-metalurh-zaporizhya-vorskla-poltava/AasbtvFC/;Ch. Odessa - Metalist Kharkiv;https://www.betexplorer.com/soccer/ukraine/premier-league-2013-2014/ch-odessa-metalist-kharkiv/UkZkr0p0/;FC Sevastopol - FK Zorya Luhansk;https://www.betexplorer.com/soccer/ukraine/premier-league-2013-2014/fc-sevastopol-zorya/MwBGbLUt/;Shakhtar Donetsk - Mariupol;https://www.betexplorer.com/soccer/ukraine/premier-league-2013-2014/shakhtar-fc-mariupol/GdYm31MP/
27. ROUND;Volyn Lutsk - Ch. Odessa;https://www.betexplorer.com/soccer/ukraine/premier-league-2013-2014/volyn-lutsk-ch-odessa/zTZoqtVg/;Vorskla Poltava - Tavriya;https://www.betexplorer.com/soccer/ukraine/premier-league-2013-2014/vorskla-poltava-tavriya/rVf7jOxK/;FK Zorya Luhansk - Hoverla Uzhhorod;https://www.betexplorer.com/soccer/ukraine/premier-league-2013-2014/zorya-hoverla-uzhhorod/dxyrpMFm/;Karpaty - Met. Zaporizhya;https://www.betexplorer.com/soccer/ukraine/premier-league-2013-2014/karpaty-fc-metalurh-zaporizhya/xhfBkrhQ/;Mariupol - FC Sevastopol;https://www.betexplorer.com/soccer/ukraine/premier-league-2013-2014/fc-mariupol-fc-sevastopol/n3RIqh47/;Metalist Kharkiv - Dnipro;https://www.betexplorer.com/soccer/ukraine/premier-league-2013-2014/metalist-kharkiv-dnipro/v1two20s/;Met. Donetsk - Dyn. Kyiv;https://www.betexplorer.com/soccer/ukraine/premier-league-2013-2014/met-donetsk-dynamo-kyiv/URj3i4ND/;Arsenal Kiev - Shakhtar Donetsk;https://www.betexplorer.com/soccer/ukraine/premier-league-2013-2014/arsenal-kiev-shakhtar/QgQMrCJD/
20. ROUND;Ch. Odessa - Dyn. Kyiv;https://www.betexplorer.com/soccer/ukraine/premier-league-2013-2014/ch-odessa-dynamo-kyiv/6k1lLKPK/;Hoverla Uzhhorod - Dnipro;https://www.betexplorer.com/soccer/ukraine/premier-league-2013-2014/hoverla-uzhhorod-dnipro/S03HEI2l/;Mariupol - Vorskla Poltava;https://www.betexplorer.com/soccer/ukraine/premier-league-2013-2014/fc-mariupol-vorskla-poltava/IkdUBGn7/;Volyn Lutsk - Metalist Kharkiv;https://www.betexplorer.com/soccer/ukraine/premier-league-2013-2014/volyn-lutsk-metalist-kharkiv/MN2LDxIf/;FC Sevastopol - Met. Zaporizhya;https://www.betexplorer.com/soccer/ukraine/premier-league-2013-2014/fc-sevastopol-fc-metalurh-zaporizhya/lA4DFbmr/;FK Zorya Luhansk - Karpaty;https://www.betexplorer.com/soccer/ukraine/premier-league-2013-2014/zorya-karpaty/zR6PCdX0/;Shakhtar Donetsk - Tavriya;https://www.betexplorer.com/soccer/ukraine/premier-league-2013-2014/shakhtar-tavriya/pt0hKvuR/
26. ROUND;Ch. Odessa - Dnipro;https://www.betexplorer.com/soccer/ukraine/premier-league-2013-2014/ch-odessa-dnipro/x6JL74jc/;Dyn. Kyiv - Vorskla Poltava;https://www.betexplorer.com/soccer/ukraine/premier-league-2013-2014/dynamo-kyiv-vorskla-poltava/COBY42zG/;Met. Zaporizhya - Metalist Kharkiv;https://www.betexplorer.com/soccer/ukraine/premier-league-2013-2014/fc-metalurh-zaporizhya-metalist-kharkiv/GdIP6O53/;Tavriya - Karpaty;https://www.betexplorer.com/soccer/ukraine/premier-league-2013-2014/tavriya-karpaty/YXCU5rL9/;Volyn Lutsk - FK Zorya Luhansk;https://www.betexplorer.com/soccer/ukraine/premier-league-2013-2014/volyn-lutsk-zorya/vwSEpYl1/;FC Sevastopol - Arsenal Kiev;https://www.betexplorer.com/soccer/ukraine/premier-league-2013-2014/fc-sevastopol-arsenal-kiev/INw6nfKl/;Hoverla Uzhhorod - Mariupol;https://www.betexplorer.com/soccer/ukraine/premier-league-2013-2014/hoverla-uzhhorod-fc-mariupol/0nTAoEZf/;Shakhtar Donetsk - Met. Donetsk;https://www.betexplorer.com/soccer/ukraine/premier-league-2013-2014/shakhtar-met-donetsk/4KZ1mz5r/
19. ROUND;Metalist Kharkiv - FK Zorya Luhansk;https://www.betexplorer.com/soccer/ukraine/premier-league-2013-2014/metalist-kharkiv-zorya/ITKgaw31/;Tavriya - FC Sevastopol;https://www.betexplorer.com/soccer/ukraine/premier-league-2013-2014/tavriya-fc-sevastopol/hnyF6LAR/;Dyn. Kyiv - Shakhtar Donetsk;https://www.betexplorer.com/soccer/ukraine/premier-league-2013-2014/dynamo-kyiv-shakhtar/SvSt2uJr/;Karpaty - Mariupol;https://www.betexplorer.com/soccer/ukraine/premier-league-2013-2014/karpaty-fc-mariupol/lfGk0Jme/;Met. Donetsk - Ch. Odessa;https://www.betexplorer.com/soccer/ukraine/premier-league-2013-2014/met-donetsk-ch-odessa/CS1pM0AE/;Met. Zaporizhya - Hoverla Uzhhorod;https://www.betexplorer.com/soccer/ukraine/premier-league-2013-2014/fc-metalurh-zaporizhya-hoverla-uzhhorod/bPctNte8/;Dnipro - Volyn Lutsk;https://www.betexplorer.com/soccer/ukraine/premier-league-2013-2014/dnipro-volyn-lutsk/dKJcbcI7/
25. ROUND;Metalist Kharkiv - Tavriya;https://www.betexplorer.com/soccer/ukraine/premier-league-2013-2014/metalist-kharkiv-tavriya/bLoaj3LM/;Arsenal Kiev - Hoverla Uzhhorod;https://www.betexplorer.com/soccer/ukraine/premier-league-2013-2014/arsenal-kiev-hoverla-uzhhorod/CSRZq1bj/;Dnipro - Met. Zaporizhya;https://www.betexplorer.com/soccer/ukraine/premier-league-2013-2014/dnipro-fc-metalurh-zaporizhya/Sfj3kNzT/;FK Zorya Luhansk - Ch. Odessa;https://www.betexplorer.com/soccer/ukraine/premier-league-2013-2014/zorya-ch-odessa/O2VwqLDd/;Karpaty - Dyn. Kyiv;https://www.betexplorer.com/soccer/ukraine/premier-league-2013-2014/karpaty-dynamo-kyiv/KUneiq6G/;Vorskla Poltava - Shakhtar Donetsk;https://www.betexplorer.com/soccer/ukraine/premier-league-2013-2014/vorskla-poltava-shakhtar/x6cjhPjA/;Mariupol - Volyn Lutsk;https://www.betexplorer.com/soccer/ukraine/premier-league-2013-2014/fc-mariupol-volyn-lutsk/U3xVpsqp/;Met. Donetsk - FC Sevastopol;https://www.betexplorer.com/soccer/ukraine/premier-league-2013-2014/met-donetsk-fc-sevastopol/O2gng5y4/
24. ROUND;Ch. Odessa - Met. Zaporizhya;https://www.betexplorer.com/soccer/ukraine/premier-league-2013-2014/ch-odessa-fc-metalurh-zaporizhya/YcdLv6MA/;Dyn. Kyiv - Metalist Kharkiv;https://www.betexplorer.com/soccer/ukraine/premier-league-2013-2014/dynamo-kyiv-metalist-kharkiv/fDpUxpiN/;FK Zorya Luhansk - Mariupol;https://www.betexplorer.com/soccer/ukraine/premier-league-2013-2014/zorya-fc-mariupol/UufrfoMc/;Hoverla Uzhhorod - Met. Donetsk;https://www.betexplorer.com/soccer/ukraine/premier-league-2013-2014/hoverla-uzhhorod-met-donetsk/4nz4WsUj/;Shakhtar Donetsk - Karpaty;https://www.betexplorer.com/soccer/ukraine/premier-league-2013-2014/shakhtar-karpaty/8GlYy46T/;Tavriya - Dnipro;https://www.betexplorer.com/soccer/ukraine/premier-league-2013-2014/tavriya-dnipro/ClePwQyH/;Volyn Lutsk - Arsenal Kiev;https://www.betexplorer.com/soccer/ukraine/premier-league-2013-2014/volyn-lutsk-arsenal-kiev/jkeveR6i/;FC Sevastopol - Vorskla Poltava;https://www.betexplorer.com/soccer/ukraine/premier-league-2013-2014/fc-sevastopol-vorskla-poltava/Qey0XNEp/
23. ROUND;Dnipro - Dyn. Kyiv;https://www.betexplorer.com/soccer/ukraine/premier-league-2013-2014/dnipro-dynamo-kyiv/GMPfOpxU/;Mariupol - Ch. Odessa;https://www.betexplorer.com/soccer/ukraine/premier-league-2013-2014/fc-mariupol-ch-odessa/4OiHun74/;Metalist Kharkiv - Shakhtar Donetsk;https://www.betexplorer.com/soccer/ukraine/premier-league-2013-2014/metalist-kharkiv-shakhtar/boVkPQMN/;Arsenal Kiev - FK Zorya Luhansk;https://www.betexplorer.com/soccer/ukraine/premier-league-2013-2014/arsenal-kiev-zorya/WYa4rlNo/;Karpaty - FC Sevastopol;https://www.betexplorer.com/soccer/ukraine/premier-league-2013-2014/karpaty-fc-sevastopol/KfWoQ67H/;Met. Donetsk - Volyn Lutsk;https://www.betexplorer.com/soccer/ukraine/premier-league-2013-2014/met-donetsk-volyn-lutsk/r938s8xh/;Vorskla Poltava - Hoverla Uzhhorod;https://www.betexplorer.com/soccer/ukraine/premier-league-2013-2014/vorskla-poltava-hoverla-uzhhorod/QXhDtSib/;Met. Zaporizhya - Tavriya;https://www.betexplorer.com/soccer/ukraine/premier-league-2013-2014/fc-metalurh-zaporizhya-tavriya/IVBMJ4po/
22. ROUND;FK Zorya Luhansk - Met. Donetsk;https://www.betexplorer.com/soccer/ukraine/premier-league-2013-2014/zorya-met-donetsk/CUSwSSx5/;Hoverla Uzhhorod - Karpaty;https://www.betexplorer.com/soccer/ukraine/premier-league-2013-2014/hoverla-uzhhorod-karpaty/jFvVTl8h/;Volyn Lutsk - Vorskla Poltava;https://www.betexplorer.com/soccer/ukraine/premier-league-2013-2014/volyn-lutsk-vorskla-poltava/U5wZS8Nb/;Ch. Odessa - Tavriya;https://www.betexplorer.com/soccer/ukraine/premier-league-2013-2014/ch-odessa-tavriya/QXACB7hO/;Dyn. Kyiv - Met. Zaporizhya;https://www.betexplorer.com/soccer/ukraine/premier-league-2013-2014/dynamo-kyiv-fc-metalurh-zaporizhya/vyFGAR7U/;Mariupol - Arsenal Kiev;https://www.betexplorer.com/soccer/ukraine/premier-league-2013-2014/fc-mariupol-arsenal-kiev/QXWsRnhB/;Shakhtar Donetsk - Dnipro;https://www.betexplorer.com/soccer/ukraine/premier-league-2013-2014/shakhtar-dnipro/4btNVAwt/
21. ROUND;Metalist Kharkiv - Hoverla Uzhhorod;https://www.betexplorer.com/soccer/ukraine/premier-league-2013-2014/metalist-kharkiv-hoverla-uzhhorod/hKC4DTNB/;Met. Zaporizhya - Shakhtar Donetsk;https://www.betexplorer.com/soccer/ukraine/premier-league-2013-2014/fc-metalurh-zaporizhya-shakhtar/MLBqIi9t/;Tavriya - Dyn. Kyiv;https://www.betexplorer.com/soccer/ukraine/premier-league-2013-2014/tavriya-dynamo-kyiv/4p1lHBOn/;Vorskla Poltava - FK Zorya Luhansk;https://www.betexplorer.com/soccer/ukraine/premier-league-2013-2014/vorskla-poltava-zorya/dhJeFkga/;Arsenal Kiev - Ch. Odessa;https://www.betexplorer.com/soccer/ukraine/premier-league-2013-2014/arsenal-kiev-ch-odessa/WAB8CmwI/;Dnipro - FC Sevastopol;https://www.betexplorer.com/soccer/ukraine/premier-league-2013-2014/dnipro-fc-sevastopol/pdlGZJvE/;Karpaty - Volyn Lutsk;https://www.betexplorer.com/soccer/ukraine/premier-league-2013-2014/karpaty-volyn-lutsk/zqIaE985/;Met. Donetsk - Mariupol;https://www.betexplorer.com/soccer/ukraine/premier-league-2013-2014/met-donetsk-fc-mariupol/2VJiGVwg/
20. ROUND;Arsenal Kiev - Met. Donetsk;https://www.betexplorer.com/soccer/ukraine/premier-league-2013-2014/arsenal-kiev-met-donetsk/dteYAz2D/
19. ROUND;Vorskla Poltava - Arsenal Kiev;https://www.betexplorer.com/soccer/ukraine/premier-league-2013-2014/vorskla-poltava-arsenal-kiev/A3Ho1aYl/
12. ROUND;Dnipro - Metalist Kharkiv;https://www.betexplorer.com/soccer/ukraine/premier-league-2013-2014/dnipro-metalist-kharkiv/jutbUvu3/
18. ROUND;Ch. Odessa - Shakhtar Donetsk;https://www.betexplorer.com/soccer/ukraine/premier-league-2013-2014/ch-odessa-shakhtar/zo33lMlq/;FC Sevastopol - Dyn. Kyiv;https://www.betexplorer.com/soccer/ukraine/premier-league-2013-2014/fc-sevastopol-dynamo-kyiv/Ey27mt4k/;FK Zorya Luhansk - Dnipro;https://www.betexplorer.com/soccer/ukraine/premier-league-2013-2014/zorya-dnipro/O6qbA3B2/;Volyn Lutsk - Met. Zaporizhya;https://www.betexplorer.com/soccer/ukraine/premier-league-2013-2014/volyn-lutsk-fc-metalurh-zaporizhya/A3eGoKY1/;Arsenal Kiev - Karpaty;https://www.betexplorer.com/soccer/ukraine/premier-league-2013-2014/arsenal-kiev-karpaty/KYx78stF/;Hoverla Uzhhorod - Tavriya;https://www.betexplorer.com/soccer/ukraine/premier-league-2013-2014/hoverla-uzhhorod-tavriya/d0iCn0Je/;Mariupol - Metalist Kharkiv;https://www.betexplorer.com/soccer/ukraine/premier-league-2013-2014/fc-mariupol-metalist-kharkiv/2cr29NQ8/;Met. Donetsk - Vorskla Poltava;https://www.betexplorer.com/soccer/ukraine/premier-league-2013-2014/met-donetsk-vorskla-poltava/bPyB71eL/
17. ROUND;Dyn. Kyiv - Hoverla Uzhhorod;https://www.betexplorer.com/soccer/ukraine/premier-league-2013-2014/dynamo-kyiv-hoverla-uzhhorod/v12YgrRL/;Tavriya - Volyn Lutsk;https://www.betexplorer.com/soccer/ukraine/premier-league-2013-2014/tavriya-volyn-lutsk/dxDTfOBF/;Dnipro - Mariupol;https://www.betexplorer.com/soccer/ukraine/premier-league-2013-2014/dnipro-fc-mariupol/lC9Ldps3/;Karpaty - Met. Donetsk;https://www.betexplorer.com/soccer/ukraine/premier-league-2013-2014/karpaty-met-donetsk/Y3RYYtkd/;Metalist Kharkiv - Arsenal Kiev;https://www.betexplorer.com/soccer/ukraine/premier-league-2013-2014/metalist-kharkiv-arsenal-kiev/ALAHcQRd/;Shakhtar Donetsk - FC Sevastopol;https://www.betexplorer.com/soccer/ukraine/premier-league-2013-2014/shakhtar-fc-sevastopol/fDSUZMZk/;Vorskla Poltava - Ch. Odessa;https://www.betexplorer.com/soccer/ukraine/premier-league-2013-2014/vorskla-poltava-ch-odessa/Ii1xg2tS/;Met. Zaporizhya - FK Zorya Luhansk;https://www.betexplorer.com/soccer/ukraine/premier-league-2013-2014/fc-metalurh-zaporizhya-zorya/rZ8Pe4d9/
16. ROUND;Arsenal Kiev - Dnipro;https://www.betexplorer.com/soccer/ukraine/premier-league-2013-2014/arsenal-kiev-dnipro/rZnftPdM/;Ch. Odessa - FC Sevastopol;https://www.betexplorer.com/soccer/ukraine/premier-league-2013-2014/ch-odessa-fc-sevastopol/0jiZpmri/;Met. Donetsk - Metalist Kharkiv;https://www.betexplorer.com/soccer/ukraine/premier-league-2013-2014/met-donetsk-metalist-kharkiv/QcxauqCS/;Volyn Lutsk - Dyn. Kyiv;https://www.betexplorer.com/soccer/ukraine/premier-league-2013-2014/volyn-lutsk-dynamo-kyiv/dIprqRC3/;FK Zorya Luhansk - Tavriya;https://www.betexplorer.com/soccer/ukraine/premier-league-2013-2014/zorya-tavriya/z9qnroS9/;Hoverla Uzhhorod - Shakhtar Donetsk;https://www.betexplorer.com/soccer/ukraine/premier-league-2013-2014/hoverla-uzhhorod-shakhtar/Egewp7cc/;Vorskla Poltava - Karpaty;https://www.betexplorer.com/soccer/ukraine/premier-league-2013-2014/vorskla-poltava-karpaty/0jTQz3Kq/;Mariupol - Met. Zaporizhya;https://www.betexplorer.com/soccer/ukraine/premier-league-2013-2014/fc-mariupol-fc-metalurh-zaporizhya/4rljs5sG/
15. ROUND;Arsenal Kiev - Met. Zaporizhya;https://www.betexplorer.com/soccer/ukraine/premier-league-2013-2014/arsenal-kiev-fc-metalurh-zaporizhya/IRafymhm/;FK Zorya Luhansk - Dyn. Kyiv;https://www.betexplorer.com/soccer/ukraine/premier-league-2013-2014/zorya-dynamo-kyiv/vsl3ZQMa/;Karpaty - Ch. Odessa;https://www.betexplorer.com/soccer/ukraine/premier-league-2013-2014/karpaty-ch-odessa/ALAKskFJ/;Met. Donetsk - Dnipro;https://www.betexplorer.com/soccer/ukraine/premier-league-2013-2014/met-donetsk-dnipro/6idjxTxs/;Vorskla Poltava - Metalist Kharkiv;https://www.betexplorer.com/soccer/ukraine/premier-league-2013-2014/vorskla-poltava-metalist-kharkiv/lC9Ot9UP/;Hoverla Uzhhorod - FC Sevastopol;https://www.betexplorer.com/soccer/ukraine/premier-league-2013-2014/hoverla-uzhhorod-fc-sevastopol/n7iBX4iC/;Mariupol - Tavriya;https://www.betexplorer.com/soccer/ukraine/premier-league-2013-2014/fc-mariupol-tavriya/0jkaz77g/;Volyn Lutsk - Shakhtar Donetsk;https://www.betexplorer.com/soccer/ukraine/premier-league-2013-2014/volyn-lutsk-shakhtar/8Gh7Ypx6/
14. ROUND;Ch. Odessa - Hoverla Uzhhorod;https://www.betexplorer.com/soccer/ukraine/premier-league-2013-2014/ch-odessa-hoverla-uzhhorod/Y3RyJ5xJ/;Dnipro - Vorskla Poltava;https://www.betexplorer.com/soccer/ukraine/premier-league-2013-2014/dnipro-vorskla-poltava/0jTTKR76/;Dyn. Kyiv - Mariupol;https://www.betexplorer.com/soccer/ukraine/premier-league-2013-2014/dynamo-kyiv-fc-mariupol/QXzHNTNm/;FC Sevastopol - Volyn Lutsk;https://www.betexplorer.com/soccer/ukraine/premier-league-2013-2014/fc-sevastopol-volyn-lutsk/UmznTk0Q/;Metalist Kharkiv - Karpaty;https://www.betexplorer.com/soccer/ukraine/premier-league-2013-2014/metalist-kharkiv-karpaty/fDSXJoNC/;Met. Zaporizhya - Met. Donetsk;https://www.betexplorer.com/soccer/ukraine/premier-league-2013-2014/fc-metalurh-zaporizhya-met-donetsk/nmPPL7h0/;Shakhtar Donetsk - FK Zorya Luhansk;https://www.betexplorer.com/soccer/ukraine/premier-league-2013-2014/shakhtar-zorya/WdMDO98s/;Tavriya - Arsenal Kiev;https://www.betexplorer.com/soccer/ukraine/premier-league-2013-2014/tavriya-arsenal-kiev/4OZKMmwf/
13. ROUND;Arsenal Kiev - Dyn. Kyiv;https://www.betexplorer.com/soccer/ukraine/premier-league-2013-2014/arsenal-kiev-dynamo-kyiv/tSgi78w7/;FK Zorya Luhansk - FC Sevastopol;https://www.betexplorer.com/soccer/ukraine/premier-league-2013-2014/zorya-fc-sevastopol/YLtwVBVD/;Metalist Kharkiv - Ch. Odessa;https://www.betexplorer.com/soccer/ukraine/premier-league-2013-2014/metalist-kharkiv-ch-odessa/v3czBjvr/;Met. Donetsk - Tavriya;https://www.betexplorer.com/soccer/ukraine/premier-league-2013-2014/met-donetsk-tavriya/Ojan8lO0/;Karpaty - Dnipro;https://www.betexplorer.com/soccer/ukraine/premier-league-2013-2014/karpaty-dnipro/jw1vAAgl/;Mariupol - Shakhtar Donetsk;https://www.betexplorer.com/soccer/ukraine/premier-league-2013-2014/fc-mariupol-shakhtar/KIhe6ShD/;Vorskla Poltava - Met. Zaporizhya;https://www.betexplorer.com/soccer/ukraine/premier-league-2013-2014/vorskla-poltava-fc-metalurh-zaporizhya/p00r9U8f/;Volyn Lutsk - Hoverla Uzhhorod;https://www.betexplorer.com/soccer/ukraine/premier-league-2013-2014/volyn-lutsk-hoverla-uzhhorod/nPpsUVpK/
12. ROUND;Ch. Odessa - Volyn Lutsk;https://www.betexplorer.com/soccer/ukraine/premier-league-2013-2014/ch-odessa-volyn-lutsk/b5q6SI9F/;Dyn. Kyiv - Met. Donetsk;https://www.betexplorer.com/soccer/ukraine/premier-league-2013-2014/dynamo-kyiv-met-donetsk/dta77HXk/;FC Sevastopol - Mariupol;https://www.betexplorer.com/soccer/ukraine/premier-league-2013-2014/fc-sevastopol-fc-mariupol/0ADyDwAS/;Hoverla Uzhhorod - FK Zorya Luhansk;https://www.betexplorer.com/soccer/ukraine/premier-league-2013-2014/hoverla-uzhhorod-zorya/KEp2Tbf9/;Met. Zaporizhya - Karpaty;https://www.betexplorer.com/soccer/ukraine/premier-league-2013-2014/fc-metalurh-zaporizhya-karpaty/ClsfVKPd/;Shakhtar Donetsk - Arsenal Kiev;https://www.betexplorer.com/soccer/ukraine/premier-league-2013-2014/shakhtar-arsenal-kiev/2Ja38cIq/;Tavriya - Vorskla Poltava;https://www.betexplorer.com/soccer/ukraine/premier-league-2013-2014/tavriya-vorskla-poltava/Aq3B6ymd/
11. ROUND;Arsenal Kiev - FC Sevastopol;https://www.betexplorer.com/soccer/ukraine/premier-league-2013-2014/arsenal-kiev-fc-sevastopol/nobWFuQ9/;Karpaty - Tavriya;https://www.betexplorer.com/soccer/ukraine/premier-league-2013-2014/karpaty-tavriya/CS5JIsti/;Mariupol - Hoverla Uzhhorod;https://www.betexplorer.com/soccer/ukraine/premier-league-2013-2014/fc-mariupol-hoverla-uzhhorod/t8czFauG/;Metalist Kharkiv - Met. Zaporizhya;https://www.betexplorer.com/soccer/ukraine/premier-league-2013-2014/metalist-kharkiv-fc-metalurh-zaporizhya/OCCyfb3j/;Vorskla Poltava - Dyn. Kyiv;https://www.betexplorer.com/soccer/ukraine/premier-league-2013-2014/vorskla-poltava-dynamo-kyiv/jJ4NH1ec/;Dnipro - Ch. Odessa;https://www.betexplorer.com/soccer/ukraine/premier-league-2013-2014/dnipro-ch-odessa/pMDXfvlp/;FK Zorya Luhansk - Volyn Lutsk;https://www.betexplorer.com/soccer/ukraine/premier-league-2013-2014/zorya-volyn-lutsk/KbdvEJfM/;Met. Donetsk - Shakhtar Donetsk;https://www.betexplorer.com/soccer/ukraine/premier-league-2013-2014/met-donetsk-shakhtar/YsfSGLA3/
10. ROUND;Ch. Odessa - FK Zorya Luhansk;https://www.betexplorer.com/soccer/ukraine/premier-league-2013-2014/ch-odessa-zorya/vuy5aKuT/;Dyn. Kyiv - Karpaty;https://www.betexplorer.com/soccer/ukraine/premier-league-2013-2014/dynamo-kyiv-karpaty/CEQp4rRc/;Met. Zaporizhya - Dnipro;https://www.betexplorer.com/soccer/ukraine/premier-league-2013-2014/fc-metalurh-zaporizhya-dnipro/8tKg2MeA/;Hoverla Uzhhorod - Arsenal Kiev;https://www.betexplorer.com/soccer/ukraine/premier-league-2013-2014/hoverla-uzhhorod-arsenal-kiev/tfI100QM/;Shakhtar Donetsk - Vorskla Poltava;https://www.betexplorer.com/soccer/ukraine/premier-league-2013-2014/shakhtar-vorskla-poltava/IiRt5OBi/;Tavriya - Metalist Kharkiv;https://www.betexplorer.com/soccer/ukraine/premier-league-2013-2014/tavriya-metalist-kharkiv/j5Pl32t4/;FC Sevastopol - Met. Donetsk;https://www.betexplorer.com/soccer/ukraine/premier-league-2013-2014/fc-sevastopol-met-donetsk/4lNx64do/;Volyn Lutsk - Mariupol;https://www.betexplorer.com/soccer/ukraine/premier-league-2013-2014/volyn-lutsk-fc-mariupol/nXIc1tBG/
9. ROUND;Dnipro - Tavriya;https://www.betexplorer.com/soccer/ukraine/premier-league-2013-2014/dnipro-tavriya/Sb8cEpZb/;Metalist Kharkiv - Dyn. Kyiv;https://www.betexplorer.com/soccer/ukraine/premier-league-2013-2014/metalist-kharkiv-dynamo-kyiv/ML71D4l5/;Met. Donetsk - Hoverla Uzhhorod;https://www.betexplorer.com/soccer/ukraine/premier-league-2013-2014/met-donetsk-hoverla-uzhhorod/dv0EA2YN/;Arsenal Kiev - Volyn Lutsk;https://www.betexplorer.com/soccer/ukraine/premier-league-2013-2014/arsenal-kiev-volyn-lutsk/44aI9MmU/;Mariupol - FK Zorya Luhansk;https://www.betexplorer.com/soccer/ukraine/premier-league-2013-2014/fc-mariupol-zorya/6Dop5tdo/;Vorskla Poltava - FC Sevastopol;https://www.betexplorer.com/soccer/ukraine/premier-league-2013-2014/vorskla-poltava-fc-sevastopol/Im1ABrJH/;Karpaty - Shakhtar Donetsk;https://www.betexplorer.com/soccer/ukraine/premier-league-2013-2014/karpaty-shakhtar/zPB5CO3B/;Met. Zaporizhya - Ch. Odessa;https://www.betexplorer.com/soccer/ukraine/premier-league-2013-2014/fc-metalurh-zaporizhya-ch-odessa/l89gFQJh/
8. ROUND;Ch. Odessa - Mariupol;https://www.betexplorer.com/soccer/ukraine/premier-league-2013-2014/ch-odessa-fc-mariupol/WWElG64n/;Dyn. Kyiv - Dnipro;https://www.betexplorer.com/soccer/ukraine/premier-league-2013-2014/dynamo-kyiv-dnipro/rVnSb5ZB/;FK Zorya Luhansk - Arsenal Kiev;https://www.betexplorer.com/soccer/ukraine/premier-league-2013-2014/zorya-arsenal-kiev/4pyycq4O/;Volyn Lutsk - Met. Donetsk;https://www.betexplorer.com/soccer/ukraine/premier-league-2013-2014/volyn-lutsk-met-donetsk/GKvud3JU/;FC Sevastopol - Karpaty;https://www.betexplorer.com/soccer/ukraine/premier-league-2013-2014/fc-sevastopol-karpaty/z5qK0R4a/;Hoverla Uzhhorod - Vorskla Poltava;https://www.betexplorer.com/soccer/ukraine/premier-league-2013-2014/hoverla-uzhhorod-vorskla-poltava/htGpHnkt/;Shakhtar Donetsk - Metalist Kharkiv;https://www.betexplorer.com/soccer/ukraine/premier-league-2013-2014/shakhtar-metalist-kharkiv/EerOaoK5/;Tavriya - Met. Zaporizhya;https://www.betexplorer.com/soccer/ukraine/premier-league-2013-2014/tavriya-fc-metalurh-zaporizhya/MLoWcPlI/
7. ROUND;Dnipro - Shakhtar Donetsk;https://www.betexplorer.com/soccer/ukraine/premier-league-2013-2014/dnipro-shakhtar/rc9achb7/;Karpaty - Hoverla Uzhhorod;https://www.betexplorer.com/soccer/ukraine/premier-league-2013-2014/karpaty-hoverla-uzhhorod/8jTwLejE/;Met. Zaporizhya - Dyn. Kyiv;https://www.betexplorer.com/soccer/ukraine/premier-league-2013-2014/fc-metalurh-zaporizhya-dynamo-kyiv/lzAebYr1/;Tavriya - Ch. Odessa;https://www.betexplorer.com/soccer/ukraine/premier-league-2013-2014/tavriya-ch-odessa/zX5iaETf/;Arsenal Kiev - Mariupol;https://www.betexplorer.com/soccer/ukraine/premier-league-2013-2014/arsenal-kiev-fc-mariupol/htfF17kg/;Metalist Kharkiv - FC Sevastopol;https://www.betexplorer.com/soccer/ukraine/premier-league-2013-2014/metalist-kharkiv-fc-sevastopol/Mm83dCDD/;Vorskla Poltava - Volyn Lutsk;https://www.betexplorer.com/soccer/ukraine/premier-league-2013-2014/vorskla-poltava-volyn-lutsk/pGj73TKt/;Met. Donetsk - FK Zorya Luhansk;https://www.betexplorer.com/soccer/ukraine/premier-league-2013-2014/met-donetsk-zorya/vwjB2mzm/
6. ROUND;Volyn Lutsk - Karpaty;https://www.betexplorer.com/soccer/ukraine/premier-league-2013-2014/volyn-lutsk-karpaty/MPPG5GjR/;Dyn. Kyiv - Tavriya;https://www.betexplorer.com/soccer/ukraine/premier-league-2013-2014/dynamo-kyiv-tavriya/lzY38I68/;FK Zorya Luhansk - Vorskla Poltava;https://www.betexplorer.com/soccer/ukraine/premier-league-2013-2014/zorya-vorskla-poltava/rZQC6dyL/;Shakhtar Donetsk - Met. Zaporizhya;https://www.betexplorer.com/soccer/ukraine/premier-league-2013-2014/shakhtar-fc-metalurh-zaporizhya/zXqMqZT7/;FC Sevastopol - Dnipro;https://www.betexplorer.com/soccer/ukraine/premier-league-2013-2014/fc-sevastopol-dnipro/dtoIpFE1/;Hoverla Uzhhorod - Metalist Kharkiv;https://www.betexplorer.com/soccer/ukraine/premier-league-2013-2014/hoverla-uzhhorod-metalist-kharkiv/EHHr1zar/;Mariupol - Met. Donetsk;https://www.betexplorer.com/soccer/ukraine/premier-league-2013-2014/fc-mariupol-met-donetsk/0Ay87xME/;Ch. Odessa - Arsenal Kiev;https://www.betexplorer.com/soccer/ukraine/premier-league-2013-2014/ch-odessa-arsenal-kiev/h8Gn0fEl/
5. ROUND;Dnipro - Hoverla Uzhhorod;https://www.betexplorer.com/soccer/ukraine/premier-league-2013-2014/dnipro-hoverla-uzhhorod/n7BYhw7L/;Dyn. Kyiv - Ch. Odessa;https://www.betexplorer.com/soccer/ukraine/premier-league-2013-2014/dynamo-kyiv-ch-odessa/MaEMeuN2/;Met. Donetsk - Arsenal Kiev;https://www.betexplorer.com/soccer/ukraine/premier-league-2013-2014/met-donetsk-arsenal-kiev/v5jDoeae/;Karpaty - FK Zorya Luhansk;https://www.betexplorer.com/soccer/ukraine/premier-league-2013-2014/karpaty-zorya/6ih5mHUr/;Metalist Kharkiv - Volyn Lutsk;https://www.betexplorer.com/soccer/ukraine/premier-league-2013-2014/metalist-kharkiv-volyn-lutsk/UV0whcMR/;Tavriya - Shakhtar Donetsk;https://www.betexplorer.com/soccer/ukraine/premier-league-2013-2014/tavriya-shakhtar/0jDQfax9/;Vorskla Poltava - Mariupol;https://www.betexplorer.com/soccer/ukraine/premier-league-2013-2014/vorskla-poltava-fc-mariupol/0Ei9nypk/;Met. Zaporizhya - FC Sevastopol;https://www.betexplorer.com/soccer/ukraine/premier-league-2013-2014/fc-metalurh-zaporizhya-fc-sevastopol/8GCUgJiF/
4. ROUND;Ch. Odessa - Met. Donetsk;https://www.betexplorer.com/soccer/ukraine/premier-league-2013-2014/ch-odessa-met-donetsk/KfzvXep2/;Shakhtar Donetsk - Dyn. Kyiv;https://www.betexplorer.com/soccer/ukraine/premier-league-2013-2014/shakhtar-dynamo-kyiv/KWiit0NF/;Arsenal Kiev - Vorskla Poltava;https://www.betexplorer.com/soccer/ukraine/premier-league-2013-2014/arsenal-kiev-vorskla-poltava/EgieuKxM/;FC Sevastopol - Tavriya;https://www.betexplorer.com/soccer/ukraine/premier-league-2013-2014/fc-sevastopol-tavriya/MoZmst89/;FK Zorya Luhansk - Metalist Kharkiv;https://www.betexplorer.com/soccer/ukraine/premier-league-2013-2014/zorya-metalist-kharkiv/YwYRZc0q/;Hoverla Uzhhorod - Met. Zaporizhya;https://www.betexplorer.com/soccer/ukraine/premier-league-2013-2014/hoverla-uzhhorod-fc-metalurh-zaporizhya/6iWZXyVe/;Volyn Lutsk - Dnipro;https://www.betexplorer.com/soccer/ukraine/premier-league-2013-2014/volyn-lutsk-dnipro/CUWVYHFk/;Mariupol - Karpaty;https://www.betexplorer.com/soccer/ukraine/premier-league-2013-2014/fc-mariupol-karpaty/hpjavvhS/
3. ROUND;Dyn. Kyiv - FC Sevastopol;https://www.betexplorer.com/soccer/ukraine/premier-league-2013-2014/dynamo-kyiv-fc-sevastopol/KICIR08M/;Shakhtar Donetsk - Ch. Odessa;https://www.betexplorer.com/soccer/ukraine/premier-league-2013-2014/shakhtar-ch-odessa/tSDEStgG/;Tavriya - Hoverla Uzhhorod;https://www.betexplorer.com/soccer/ukraine/premier-league-2013-2014/tavriya-hoverla-uzhhorod/EuCMQKNS/;Dnipro - FK Zorya Luhansk;https://www.betexplorer.com/soccer/ukraine/premier-league-2013-2014/dnipro-zorya/YPhgLboj/;Karpaty - Arsenal Kiev;https://www.betexplorer.com/soccer/ukraine/premier-league-2013-2014/karpaty-arsenal-kiev/0Wpuq2wc/;Met. Zaporizhya - Volyn Lutsk;https://www.betexplorer.com/soccer/ukraine/premier-league-2013-2014/fc-metalurh-zaporizhya-volyn-lutsk/j13lMvWq/;Vorskla Poltava - Met. Donetsk;https://www.betexplorer.com/soccer/ukraine/premier-league-2013-2014/vorskla-poltava-met-donetsk/vNqqrMh3/;Metalist Kharkiv - Mariupol;https://www.betexplorer.com/soccer/ukraine/premier-league-2013-2014/metalist-kharkiv-fc-mariupol/CGicKI0d/
2. ROUND;FK Zorya Luhansk - Met. Zaporizhya;https://www.betexplorer.com/soccer/ukraine/premier-league-2013-2014/zorya-fc-metalurh-zaporizhya/Eaf5WOgi/;Ch. Odessa - Vorskla Poltava;https://www.betexplorer.com/soccer/ukraine/premier-league-2013-2014/ch-odessa-vorskla-poltava/0GdHTMwA/;FC Sevastopol - Shakhtar Donetsk;https://www.betexplorer.com/soccer/ukraine/premier-league-2013-2014/fc-sevastopol-shakhtar/S4koRTHB/;Volyn Lutsk - Tavriya;https://www.betexplorer.com/soccer/ukraine/premier-league-2013-2014/volyn-lutsk-tavriya/S2b9Vr9c/;Arsenal Kiev - Metalist Kharkiv;https://www.betexplorer.com/soccer/ukraine/premier-league-2013-2014/arsenal-kiev-metalist-kharkiv/Y3HI8L1p/;Hoverla Uzhhorod - Dyn. Kyiv;https://www.betexplorer.com/soccer/ukraine/premier-league-2013-2014/hoverla-uzhhorod-dynamo-kyiv/MPcDU2O3/;Met. Donetsk - Karpaty;https://www.betexplorer.com/soccer/ukraine/premier-league-2013-2014/met-donetsk-karpaty/6elkQmXH/;Mariupol - Dnipro;https://www.betexplorer.com/soccer/ukraine/premier-league-2013-2014/fc-mariupol-dnipro/CfGM7uHj/
1. ROUND;Metalist Kharkiv - Met. Donetsk;https://www.betexplorer.com/soccer/ukraine/premier-league-2013-2014/metalist-kharkiv-met-donetsk/Y5dxTkma/;Dyn. Kyiv - Volyn Lutsk;https://www.betexplorer.com/soccer/ukraine/premier-league-2013-2014/dynamo-kyiv-volyn-lutsk/t8HczYfP/;FC Sevastopol - Ch. Odessa;https://www.betexplorer.com/soccer/ukraine/premier-league-2013-2014/fc-sevastopol-ch-odessa/E1PBCU2I/;Karpaty - Vorskla Poltava;https://www.betexplorer.com/soccer/ukraine/premier-league-2013-2014/karpaty-vorskla-poltava/pt0tS925/;Shakhtar Donetsk - Hoverla Uzhhorod;https://www.betexplorer.com/soccer/ukraine/premier-league-2013-2014/shakhtar-hoverla-uzhhorod/S4TFBlIO/;Dnipro - Arsenal Kiev;https://www.betexplorer.com/soccer/ukraine/premier-league-2013-2014/dnipro-arsenal-kiev/vqcYTVXh/;Met. Zaporizhya - Mariupol;https://www.betexplorer.com/soccer/ukraine/premier-league-2013-2014/fc-metalurh-zaporizhya-fc-mariupol/0hbUUBIn/;Tavriya - FK Zorya Luhansk;https://www.betexplorer.com/soccer/ukraine/premier-league-2013-2014/tavriya-zorya/rH3PVi3t/
