30. ROUND;Anderlecht - Antwerp;https://www.betexplorer.com/soccer/belgium/jupiler-league-2017-2018/anderlecht-antwerp/pdWUBLuP/;Eupen - Mouscron;https://www.betexplorer.com/soccer/belgium/jupiler-league-2017-2018/eupen-royal-excel-mouscron/KCmsFi7n/;Genk - Gent;https://www.betexplorer.com/soccer/belgium/jupiler-league-2017-2018/genk-gent/Ot2BKDqP/;Kortrijk - Charleroi;https://www.betexplorer.com/soccer/belgium/jupiler-league-2017-2018/kortrijk-charleroi/QklwGXit/;KV Mechelen - Waasland-Beveren;https://www.betexplorer.com/soccer/belgium/jupiler-league-2017-2018/kv-mechelen-waasland-beveren/GvsjDVya/;Lokeren - Waregem;https://www.betexplorer.com/soccer/belgium/jupiler-league-2017-2018/lokeren-waregem/fVufCki5/;Oostende - St. Liege;https://www.betexplorer.com/soccer/belgium/jupiler-league-2017-2018/oostende-st-liege/YFioEBMh/;St. Truiden - Club Brugge KV;https://www.betexplorer.com/soccer/belgium/jupiler-league-2017-2018/st-truiden-club-brugge/2eubB96B/
29. ROUND;Antwerp - Eupen;https://www.betexplorer.com/soccer/belgium/jupiler-league-2017-2018/antwerp-eupen/CrYMDsBC/;Charleroi - St. Truiden;https://www.betexplorer.com/soccer/belgium/jupiler-league-2017-2018/charleroi-st-truiden/EcFJENe6/;Club Brugge KV - Kortrijk;https://www.betexplorer.com/soccer/belgium/jupiler-league-2017-2018/club-brugge-kortrijk/vyozNolQ/;Gent - Oostende;https://www.betexplorer.com/soccer/belgium/jupiler-league-2017-2018/gent-oostende/O8M6HPBm/;Mouscron - Lokeren;https://www.betexplorer.com/soccer/belgium/jupiler-league-2017-2018/royal-excel-mouscron-lokeren/hrRAGqRg/;St. Liege - KV Mechelen;https://www.betexplorer.com/soccer/belgium/jupiler-league-2017-2018/st-liege-kv-mechelen/pIN2I5ds/;Waasland-Beveren - Genk;https://www.betexplorer.com/soccer/belgium/jupiler-league-2017-2018/waasland-beveren-genk/65XQC1QI/;Waregem - Anderlecht;https://www.betexplorer.com/soccer/belgium/jupiler-league-2017-2018/waregem-anderlecht/WYPEF3t0/
28. ROUND;Anderlecht - Mouscron;https://www.betexplorer.com/soccer/belgium/jupiler-league-2017-2018/anderlecht-royal-excel-mouscron/OnoW4nSs/;Kortrijk - Waregem;https://www.betexplorer.com/soccer/belgium/jupiler-league-2017-2018/kortrijk-waregem/Eyvq2pC0/;St. Liege - Club Brugge KV;https://www.betexplorer.com/soccer/belgium/jupiler-league-2017-2018/st-liege-club-brugge/6Bzy46sl/;Eupen - Lokeren;https://www.betexplorer.com/soccer/belgium/jupiler-league-2017-2018/eupen-lokeren/hSxm14R6/;KV Mechelen - Charleroi;https://www.betexplorer.com/soccer/belgium/jupiler-league-2017-2018/kv-mechelen-charleroi/CUhlardJ/;Oostende - St. Truiden;https://www.betexplorer.com/soccer/belgium/jupiler-league-2017-2018/oostende-st-truiden/Ywfp0OtD/;Waasland-Beveren - Gent;https://www.betexplorer.com/soccer/belgium/jupiler-league-2017-2018/waasland-beveren-gent/QXtWNRYJ/;Genk - Antwerp;https://www.betexplorer.com/soccer/belgium/jupiler-league-2017-2018/genk-antwerp/KEvu3Qdf/
27. ROUND;Charleroi - St. Liege;https://www.betexplorer.com/soccer/belgium/jupiler-league-2017-2018/charleroi-st-liege/EDedBlkE/;Gent - KV Mechelen;https://www.betexplorer.com/soccer/belgium/jupiler-league-2017-2018/gent-kv-mechelen/SKF1k7Sf/;Mouscron - Waasland-Beveren;https://www.betexplorer.com/soccer/belgium/jupiler-league-2017-2018/royal-excel-mouscron-waasland-beveren/6BE5lRs1/;Antwerp - Oostende;https://www.betexplorer.com/soccer/belgium/jupiler-league-2017-2018/antwerp-oostende/h4f0A84K/;Club Brugge KV - Genk;https://www.betexplorer.com/soccer/belgium/jupiler-league-2017-2018/club-brugge-genk/AqLdjmDl/;Lokeren - Kortrijk;https://www.betexplorer.com/soccer/belgium/jupiler-league-2017-2018/lokeren-kortrijk/C8HDn5CD/;Waregem - Eupen;https://www.betexplorer.com/soccer/belgium/jupiler-league-2017-2018/waregem-eupen/0YD9moc7/;St. Truiden - Anderlecht;https://www.betexplorer.com/soccer/belgium/jupiler-league-2017-2018/st-truiden-anderlecht/Mwa49SJQ/
26. ROUND;Charleroi - Lokeren;https://www.betexplorer.com/soccer/belgium/jupiler-league-2017-2018/charleroi-lokeren/vcbP8eTF/;St. Liege - Mouscron;https://www.betexplorer.com/soccer/belgium/jupiler-league-2017-2018/st-liege-royal-excel-mouscron/U7EMlzxp/;Waasland-Beveren - Club Brugge KV;https://www.betexplorer.com/soccer/belgium/jupiler-league-2017-2018/waasland-beveren-club-brugge/WhMhiTcr/;Gent - St. Truiden;https://www.betexplorer.com/soccer/belgium/jupiler-league-2017-2018/gent-st-truiden/CW3Rmfij/;Kortrijk - Antwerp;https://www.betexplorer.com/soccer/belgium/jupiler-league-2017-2018/kortrijk-antwerp/4v6CBcqc/;KV Mechelen - Eupen;https://www.betexplorer.com/soccer/belgium/jupiler-league-2017-2018/kv-mechelen-eupen/QgfL9yE9/;Oostende - Anderlecht;https://www.betexplorer.com/soccer/belgium/jupiler-league-2017-2018/oostende-anderlecht/rV4GAHb3/;Genk - Waregem;https://www.betexplorer.com/soccer/belgium/jupiler-league-2017-2018/genk-waregem/jN2VnE6d/
25. ROUND;Anderlecht - KV Mechelen;https://www.betexplorer.com/soccer/belgium/jupiler-league-2017-2018/anderlecht-kv-mechelen/I9SVbKai/;Club Brugge KV - Charleroi;https://www.betexplorer.com/soccer/belgium/jupiler-league-2017-2018/club-brugge-charleroi/G4lmzyNj/;Waregem - Oostende;https://www.betexplorer.com/soccer/belgium/jupiler-league-2017-2018/waregem-oostende/2cUsdIqA/;Eupen - Gent;https://www.betexplorer.com/soccer/belgium/jupiler-league-2017-2018/eupen-gent/O6VwcbU3/;Lokeren - St. Liege;https://www.betexplorer.com/soccer/belgium/jupiler-league-2017-2018/lokeren-st-liege/KYOnexaG/;Mouscron - Genk;https://www.betexplorer.com/soccer/belgium/jupiler-league-2017-2018/royal-excel-mouscron-genk/UqWZcvFc/;St. Truiden - Kortrijk;https://www.betexplorer.com/soccer/belgium/jupiler-league-2017-2018/st-truiden-kortrijk/hnNfgGTS/;Antwerp - Waasland-Beveren;https://www.betexplorer.com/soccer/belgium/jupiler-league-2017-2018/antwerp-waasland-beveren/bPNjfdEM/
24. ROUND;Gent - Club Brugge KV;https://www.betexplorer.com/soccer/belgium/jupiler-league-2017-2018/gent-club-brugge/xj7dpLpb/;Oostende - Lokeren;https://www.betexplorer.com/soccer/belgium/jupiler-league-2017-2018/oostende-lokeren/O698sJUG/;St. Liege - Anderlecht;https://www.betexplorer.com/soccer/belgium/jupiler-league-2017-2018/st-liege-anderlecht/dvjao1Vi/;Charleroi - Antwerp;https://www.betexplorer.com/soccer/belgium/jupiler-league-2017-2018/charleroi-antwerp/pMcHucaT/;Genk - St. Truiden;https://www.betexplorer.com/soccer/belgium/jupiler-league-2017-2018/genk-st-truiden/Gt60qu04/;Kortrijk - Eupen;https://www.betexplorer.com/soccer/belgium/jupiler-league-2017-2018/kortrijk-eupen/A354raFA/;Waasland-Beveren - Waregem;https://www.betexplorer.com/soccer/belgium/jupiler-league-2017-2018/waasland-beveren-waregem/xEkqyH7p/;KV Mechelen - Mouscron;https://www.betexplorer.com/soccer/belgium/jupiler-league-2017-2018/kv-mechelen-royal-excel-mouscron/6VbDtwpN/
23. ROUND;Club Brugge KV - Oostende;https://www.betexplorer.com/soccer/belgium/jupiler-league-2017-2018/club-brugge-oostende/GKUPW1Gb/;Anderlecht - Waasland-Beveren;https://www.betexplorer.com/soccer/belgium/jupiler-league-2017-2018/anderlecht-waasland-beveren/bqKUVLV4/;Antwerp - Gent;https://www.betexplorer.com/soccer/belgium/jupiler-league-2017-2018/antwerp-gent/4p3DNcwo/;Eupen - Charleroi;https://www.betexplorer.com/soccer/belgium/jupiler-league-2017-2018/eupen-charleroi/69NxUa0H/;Lokeren - Genk;https://www.betexplorer.com/soccer/belgium/jupiler-league-2017-2018/lokeren-genk/SOBoSwVT/;Mouscron - Kortrijk;https://www.betexplorer.com/soccer/belgium/jupiler-league-2017-2018/royal-excel-mouscron-kortrijk/xzJYUuoB/;St. Truiden - KV Mechelen;https://www.betexplorer.com/soccer/belgium/jupiler-league-2017-2018/st-truiden-kv-mechelen/ImiensGo/;Waregem - St. Liege;https://www.betexplorer.com/soccer/belgium/jupiler-league-2017-2018/waregem-st-liege/p0MtTJFN/
22. ROUND;Antwerp - Club Brugge KV;https://www.betexplorer.com/soccer/belgium/jupiler-league-2017-2018/antwerp-club-brugge/OCCIYNon/;Genk - Anderlecht;https://www.betexplorer.com/soccer/belgium/jupiler-league-2017-2018/genk-anderlecht/CYr0GtWH/;Gent - Lokeren;https://www.betexplorer.com/soccer/belgium/jupiler-league-2017-2018/gent-lokeren/bVvdHMGB/;KV Mechelen - Waregem;https://www.betexplorer.com/soccer/belgium/jupiler-league-2017-2018/kv-mechelen-waregem/pns8EK0U/;Oostende - Kortrijk;https://www.betexplorer.com/soccer/belgium/jupiler-league-2017-2018/oostende-kortrijk/6er4F0oO/;St. Liege - Eupen;https://www.betexplorer.com/soccer/belgium/jupiler-league-2017-2018/st-liege-eupen/G6kiI215/;Waasland-Beveren - St. Truiden;https://www.betexplorer.com/soccer/belgium/jupiler-league-2017-2018/waasland-beveren-st-truiden/IZBMXs1h/;Charleroi - Mouscron;https://www.betexplorer.com/soccer/belgium/jupiler-league-2017-2018/charleroi-royal-excel-mouscron/pMDEZ3Wu/
21. ROUND;Oostende - Genk;https://www.betexplorer.com/soccer/belgium/jupiler-league-2017-2018/oostende-genk/8z3zMp2t/;Kortrijk - St. Liege;https://www.betexplorer.com/soccer/belgium/jupiler-league-2017-2018/kortrijk-st-liege/renPETfD/;St. Truiden - Antwerp;https://www.betexplorer.com/soccer/belgium/jupiler-league-2017-2018/st-truiden-antwerp/xGjmJrna/;Anderlecht - Gent;https://www.betexplorer.com/soccer/belgium/jupiler-league-2017-2018/anderlecht-gent/44mLF9u7/;Club Brugge KV - Mouscron;https://www.betexplorer.com/soccer/belgium/jupiler-league-2017-2018/club-brugge-royal-excel-mouscron/nThGGkQ0/;Eupen - Waasland-Beveren;https://www.betexplorer.com/soccer/belgium/jupiler-league-2017-2018/eupen-waasland-beveren/dbz7wDXD/;Lokeren - KV Mechelen;https://www.betexplorer.com/soccer/belgium/jupiler-league-2017-2018/lokeren-kv-mechelen/UkiqKOWh/;Waregem - Charleroi;https://www.betexplorer.com/soccer/belgium/jupiler-league-2017-2018/waregem-charleroi/jahuL4Hn/
20. ROUND;Genk - Kortrijk;https://www.betexplorer.com/soccer/belgium/jupiler-league-2017-2018/genk-kortrijk/I7FXODIK/;Mouscron - Waregem;https://www.betexplorer.com/soccer/belgium/jupiler-league-2017-2018/royal-excel-mouscron-waregem/dbEyOXXQ/;St. Liege - St. Truiden;https://www.betexplorer.com/soccer/belgium/jupiler-league-2017-2018/st-liege-st-truiden/AsCPQZm8/;Anderlecht - Eupen;https://www.betexplorer.com/soccer/belgium/jupiler-league-2017-2018/anderlecht-eupen/8xYt2jB7/;Waasland-Beveren - Oostende;https://www.betexplorer.com/soccer/belgium/jupiler-league-2017-2018/waasland-beveren-oostende/8xfCHVAf/;Antwerp - Lokeren;https://www.betexplorer.com/soccer/belgium/jupiler-league-2017-2018/antwerp-lokeren/EFf8IBel/;Gent - Charleroi;https://www.betexplorer.com/soccer/belgium/jupiler-league-2017-2018/gent-charleroi/lYATPg3E/;KV Mechelen - Club Brugge KV;https://www.betexplorer.com/soccer/belgium/jupiler-league-2017-2018/kv-mechelen-club-brugge/2ui4Jitr/
19. ROUND;Charleroi - Genk;https://www.betexplorer.com/soccer/belgium/jupiler-league-2017-2018/charleroi-genk/fZTx3We1/;Club Brugge KV - Anderlecht;https://www.betexplorer.com/soccer/belgium/jupiler-league-2017-2018/club-brugge-anderlecht/21KgDGJ8/;Waregem - Antwerp;https://www.betexplorer.com/soccer/belgium/jupiler-league-2017-2018/waregem-antwerp/MLVU4hRl/;Eupen - St. Truiden;https://www.betexplorer.com/soccer/belgium/jupiler-league-2017-2018/eupen-st-truiden/faaY5YBr/;Kortrijk - KV Mechelen;https://www.betexplorer.com/soccer/belgium/jupiler-league-2017-2018/kortrijk-kv-mechelen/bTD2BflL/;Lokeren - Waasland-Beveren;https://www.betexplorer.com/soccer/belgium/jupiler-league-2017-2018/lokeren-waasland-beveren/0CUY3Cte/;St. Liege - Gent;https://www.betexplorer.com/soccer/belgium/jupiler-league-2017-2018/st-liege-gent/pQ9bCzZE/;Mouscron - Oostende;https://www.betexplorer.com/soccer/belgium/jupiler-league-2017-2018/royal-excel-mouscron-oostende/hjD6AE3R/
18. ROUND;Anderlecht - Charleroi;https://www.betexplorer.com/soccer/belgium/jupiler-league-2017-2018/anderlecht-charleroi/6ZlPcyKL/;Club Brugge KV - Lokeren;https://www.betexplorer.com/soccer/belgium/jupiler-league-2017-2018/club-brugge-lokeren/lbfKbH4F/;St. Truiden - Waregem;https://www.betexplorer.com/soccer/belgium/jupiler-league-2017-2018/st-truiden-waregem/OALkEd42/;Antwerp - Mouscron;https://www.betexplorer.com/soccer/belgium/jupiler-league-2017-2018/antwerp-royal-excel-mouscron/d4T3jgCe/;Genk - Eupen;https://www.betexplorer.com/soccer/belgium/jupiler-league-2017-2018/genk-eupen/25zehFsq/;Gent - Kortrijk;https://www.betexplorer.com/soccer/belgium/jupiler-league-2017-2018/gent-kortrijk/pQmTdeZR/;Oostende - KV Mechelen;https://www.betexplorer.com/soccer/belgium/jupiler-league-2017-2018/oostende-kv-mechelen/EuvaiZdk/;Waasland-Beveren - St. Liege;https://www.betexplorer.com/soccer/belgium/jupiler-league-2017-2018/waasland-beveren-st-liege/zeS7kDR1/
17. ROUND;Eupen - Club Brugge KV;https://www.betexplorer.com/soccer/belgium/jupiler-league-2017-2018/eupen-club-brugge/KISNg71j/;St. Liege - Antwerp;https://www.betexplorer.com/soccer/belgium/jupiler-league-2017-2018/st-liege-antwerp/SKim09OM/;Waregem - Gent;https://www.betexplorer.com/soccer/belgium/jupiler-league-2017-2018/waregem-gent/b9RRhRGd/;Kortrijk - Waasland-Beveren;https://www.betexplorer.com/soccer/belgium/jupiler-league-2017-2018/kortrijk-waasland-beveren/AqshaTwT/;KV Mechelen - Genk;https://www.betexplorer.com/soccer/belgium/jupiler-league-2017-2018/kv-mechelen-genk/2sh81JKd/;Lokeren - Anderlecht;https://www.betexplorer.com/soccer/belgium/jupiler-league-2017-2018/lokeren-anderlecht/GpdC0wz3/;Mouscron - St. Truiden;https://www.betexplorer.com/soccer/belgium/jupiler-league-2017-2018/royal-excel-mouscron-st-truiden/ChTJfmnp/;Charleroi - Oostende;https://www.betexplorer.com/soccer/belgium/jupiler-league-2017-2018/charleroi-oostende/A7eGack9/
16. ROUND;Anderlecht - Kortrijk;https://www.betexplorer.com/soccer/belgium/jupiler-league-2017-2018/anderlecht-kortrijk/YmkssUHp/;Club Brugge KV - Waregem;https://www.betexplorer.com/soccer/belgium/jupiler-league-2017-2018/club-brugge-waregem/hjyDbdmI/;Genk - St. Liege;https://www.betexplorer.com/soccer/belgium/jupiler-league-2017-2018/genk-st-liege/pxdS4X9i/;Antwerp - KV Mechelen;https://www.betexplorer.com/soccer/belgium/jupiler-league-2017-2018/antwerp-kv-mechelen/t4ky3Bv4/;Oostende - Eupen;https://www.betexplorer.com/soccer/belgium/jupiler-league-2017-2018/oostende-eupen/OSfW3iPc/;St. Truiden - Lokeren;https://www.betexplorer.com/soccer/belgium/jupiler-league-2017-2018/st-truiden-lokeren/EHmq1k9G/;Waasland-Beveren - Charleroi;https://www.betexplorer.com/soccer/belgium/jupiler-league-2017-2018/waasland-beveren-charleroi/Kflu2VgA/;Gent - Mouscron;https://www.betexplorer.com/soccer/belgium/jupiler-league-2017-2018/gent-royal-excel-mouscron/WY7ptlXj/
15. ROUND;Club Brugge KV - Waasland-Beveren;https://www.betexplorer.com/soccer/belgium/jupiler-league-2017-2018/club-brugge-waasland-beveren/EqlopcYO/;Lokeren - Gent;https://www.betexplorer.com/soccer/belgium/jupiler-league-2017-2018/lokeren-gent/pQX40II5/;Waregem - Genk;https://www.betexplorer.com/soccer/belgium/jupiler-league-2017-2018/waregem-genk/6ZY01b3a/;Eupen - Antwerp;https://www.betexplorer.com/soccer/belgium/jupiler-league-2017-2018/eupen-antwerp/OAqd2vlg/;Kortrijk - St. Truiden;https://www.betexplorer.com/soccer/belgium/jupiler-league-2017-2018/kortrijk-st-truiden/Gptl40Jt/;Mouscron - Anderlecht;https://www.betexplorer.com/soccer/belgium/jupiler-league-2017-2018/royal-excel-mouscron-anderlecht/A7uh3KYn/;St. Liege - Oostende;https://www.betexplorer.com/soccer/belgium/jupiler-league-2017-2018/st-liege-oostende/EyfM8tBP/;Charleroi - KV Mechelen;https://www.betexplorer.com/soccer/belgium/jupiler-league-2017-2018/charleroi-kv-mechelen/Eax9axYB/
14. ROUND;Anderlecht - Club Brugge KV;https://www.betexplorer.com/soccer/belgium/jupiler-league-2017-2018/anderlecht-club-brugge/h6HkeNtQ/;Antwerp - Charleroi;https://www.betexplorer.com/soccer/belgium/jupiler-league-2017-2018/antwerp-charleroi/SSoZnal6/;Oostende - Waregem;https://www.betexplorer.com/soccer/belgium/jupiler-league-2017-2018/oostende-waregem/6DcQlLJg/;Genk - Lokeren;https://www.betexplorer.com/soccer/belgium/jupiler-league-2017-2018/genk-lokeren/xvgMk14m/;KV Mechelen - Kortrijk;https://www.betexplorer.com/soccer/belgium/jupiler-league-2017-2018/kv-mechelen-kortrijk/p4dUmuZa/;St. Truiden - Eupen;https://www.betexplorer.com/soccer/belgium/jupiler-league-2017-2018/st-truiden-eupen/zgksowJI/;Waasland-Beveren - Mouscron;https://www.betexplorer.com/soccer/belgium/jupiler-league-2017-2018/waasland-beveren-royal-excel-mouscron/tWkwnJ3C/;Gent - St. Liege;https://www.betexplorer.com/soccer/belgium/jupiler-league-2017-2018/gent-st-liege/bmfIjsks/
13. ROUND;Club Brugge KV - St. Truiden;https://www.betexplorer.com/soccer/belgium/jupiler-league-2017-2018/club-brugge-st-truiden/2LvvwOKs/;Mouscron - Antwerp;https://www.betexplorer.com/soccer/belgium/jupiler-league-2017-2018/royal-excel-mouscron-antwerp/hAXjzM40/;St. Liege - Waasland-Beveren;https://www.betexplorer.com/soccer/belgium/jupiler-league-2017-2018/st-liege-waasland-beveren/ppUrxrzl/;Eupen - Anderlecht;https://www.betexplorer.com/soccer/belgium/jupiler-league-2017-2018/eupen-anderlecht/W0WfZuK6/;Kortrijk - Genk;https://www.betexplorer.com/soccer/belgium/jupiler-league-2017-2018/kortrijk-genk/bmYny2kf/;Lokeren - Oostende;https://www.betexplorer.com/soccer/belgium/jupiler-league-2017-2018/lokeren-oostende/SSP3XJlJ/;Waregem - KV Mechelen;https://www.betexplorer.com/soccer/belgium/jupiler-league-2017-2018/waregem-kv-mechelen/lxRaYaZC/;Charleroi - Gent;https://www.betexplorer.com/soccer/belgium/jupiler-league-2017-2018/charleroi-gent/tWDod3RJ/
12. ROUND;Antwerp - St. Liege;https://www.betexplorer.com/soccer/belgium/jupiler-league-2017-2018/antwerp-st-liege/b7IfTDiG/;St. Truiden - Mouscron;https://www.betexplorer.com/soccer/belgium/jupiler-league-2017-2018/st-truiden-royal-excel-mouscron/UguSA5yk/;Anderlecht - Waregem;https://www.betexplorer.com/soccer/belgium/jupiler-league-2017-2018/anderlecht-waregem/UZK28CFj/;Genk - Club Brugge KV;https://www.betexplorer.com/soccer/belgium/jupiler-league-2017-2018/genk-club-brugge/pr3kWF7c/;Waasland-Beveren - Kortrijk;https://www.betexplorer.com/soccer/belgium/jupiler-league-2017-2018/waasland-beveren-kortrijk/zXuOBoMr/;Gent - Eupen;https://www.betexplorer.com/soccer/belgium/jupiler-league-2017-2018/gent-eupen/WvaoXehi/;KV Mechelen - Lokeren;https://www.betexplorer.com/soccer/belgium/jupiler-league-2017-2018/kv-mechelen-lokeren/Ie1cUgxA/;Oostende - Charleroi;https://www.betexplorer.com/soccer/belgium/jupiler-league-2017-2018/oostende-charleroi/v52gVZM3/
11. ROUND;Anderlecht - Genk;https://www.betexplorer.com/soccer/belgium/jupiler-league-2017-2018/anderlecht-genk/6wPCIdwb/;Club Brugge KV - Antwerp;https://www.betexplorer.com/soccer/belgium/jupiler-league-2017-2018/club-brugge-antwerp/l2U7JxOi/;Waregem - Waasland-Beveren;https://www.betexplorer.com/soccer/belgium/jupiler-league-2017-2018/waregem-waasland-beveren/K0VSEExN/;Eupen - KV Mechelen;https://www.betexplorer.com/soccer/belgium/jupiler-league-2017-2018/eupen-kv-mechelen/xxtOFfNG/;Kortrijk - Gent;https://www.betexplorer.com/soccer/belgium/jupiler-league-2017-2018/kortrijk-gent/pUNGHGh4/;Lokeren - Charleroi;https://www.betexplorer.com/soccer/belgium/jupiler-league-2017-2018/lokeren-charleroi/biUWDYiT/;St. Truiden - Oostende;https://www.betexplorer.com/soccer/belgium/jupiler-league-2017-2018/st-truiden-oostende/jqMb9h0p/;Mouscron - St. Liege;https://www.betexplorer.com/soccer/belgium/jupiler-league-2017-2018/royal-excel-mouscron-st-liege/viNKGz8A/
10. ROUND;Antwerp - Waregem;https://www.betexplorer.com/soccer/belgium/jupiler-league-2017-2018/antwerp-waregem/ABV3KI8o/;Oostende - Club Brugge KV;https://www.betexplorer.com/soccer/belgium/jupiler-league-2017-2018/oostende-club-brugge/bX1o2ygH/;St. Liege - Kortrijk;https://www.betexplorer.com/soccer/belgium/jupiler-league-2017-2018/st-liege-kortrijk/UiEY4w9b/;Charleroi - Eupen;https://www.betexplorer.com/soccer/belgium/jupiler-league-2017-2018/charleroi-eupen/d8sMeZVp/;Genk - Mouscron;https://www.betexplorer.com/soccer/belgium/jupiler-league-2017-2018/genk-royal-excel-mouscron/j72s3HwB/;Gent - Waasland-Beveren;https://www.betexplorer.com/soccer/belgium/jupiler-league-2017-2018/gent-waasland-beveren/CG3w4cO4/;Lokeren - St. Truiden;https://www.betexplorer.com/soccer/belgium/jupiler-league-2017-2018/lokeren-st-truiden/Knjf0FNT/;KV Mechelen - Anderlecht;https://www.betexplorer.com/soccer/belgium/jupiler-league-2017-2018/kv-mechelen-anderlecht/xO0k1e8N/
9. ROUND;Anderlecht - St. Liege;https://www.betexplorer.com/soccer/belgium/jupiler-league-2017-2018/anderlecht-st-liege/bDw4kb9B/;Club Brugge KV - Gent;https://www.betexplorer.com/soccer/belgium/jupiler-league-2017-2018/club-brugge-gent/Gllajvf5/;Waregem - Lokeren;https://www.betexplorer.com/soccer/belgium/jupiler-league-2017-2018/waregem-lokeren/ryCM7uPu/;Eupen - Genk;https://www.betexplorer.com/soccer/belgium/jupiler-league-2017-2018/eupen-genk/r1uGndgU/;Kortrijk - Oostende;https://www.betexplorer.com/soccer/belgium/jupiler-league-2017-2018/kortrijk-oostende/Ams8lIOH/;Mouscron - KV Mechelen;https://www.betexplorer.com/soccer/belgium/jupiler-league-2017-2018/royal-excel-mouscron-kv-mechelen/4AtCmxvO/;Waasland-Beveren - Antwerp;https://www.betexplorer.com/soccer/belgium/jupiler-league-2017-2018/waasland-beveren-antwerp/MRAQ6avn/;St. Truiden - Charleroi;https://www.betexplorer.com/soccer/belgium/jupiler-league-2017-2018/st-truiden-charleroi/GlAU5Jgh/
8. ROUND;Charleroi - Club Brugge KV;https://www.betexplorer.com/soccer/belgium/jupiler-league-2017-2018/charleroi-club-brugge/UXomgtAn/;Gent - Waregem;https://www.betexplorer.com/soccer/belgium/jupiler-league-2017-2018/gent-waregem/IgIUzafI/;St. Liege - Lokeren;https://www.betexplorer.com/soccer/belgium/jupiler-league-2017-2018/st-liege-lokeren/jXoYyuuC/;Genk - Oostende;https://www.betexplorer.com/soccer/belgium/jupiler-league-2017-2018/genk-oostende/dpHYZI9O/;KV Mechelen - St. Truiden;https://www.betexplorer.com/soccer/belgium/jupiler-league-2017-2018/kv-mechelen-st-truiden/n9drfMft/;Mouscron - Eupen;https://www.betexplorer.com/soccer/belgium/jupiler-league-2017-2018/royal-excel-mouscron-eupen/Am5Gb2nP/;Waasland-Beveren - Anderlecht;https://www.betexplorer.com/soccer/belgium/jupiler-league-2017-2018/waasland-beveren-anderlecht/xbkeiKva/;Antwerp - Kortrijk;https://www.betexplorer.com/soccer/belgium/jupiler-league-2017-2018/antwerp-kortrijk/8Opih0Ph/
7. ROUND;Eupen - St. Liege;https://www.betexplorer.com/soccer/belgium/jupiler-league-2017-2018/eupen-st-liege/GhSqbVeE/;Oostende - Gent;https://www.betexplorer.com/soccer/belgium/jupiler-league-2017-2018/oostende-gent/r1eDt3Qt/;Waregem - Mouscron;https://www.betexplorer.com/soccer/belgium/jupiler-league-2017-2018/waregem-royal-excel-mouscron/MifHuNum/;Charleroi - Waasland-Beveren;https://www.betexplorer.com/soccer/belgium/jupiler-league-2017-2018/charleroi-waasland-beveren/IJmQw1Aa/;Kortrijk - Anderlecht;https://www.betexplorer.com/soccer/belgium/jupiler-league-2017-2018/kortrijk-anderlecht/x2TuaBt8/;Lokeren - Antwerp;https://www.betexplorer.com/soccer/belgium/jupiler-league-2017-2018/lokeren-antwerp/4GqMvseg/;St. Truiden - Genk;https://www.betexplorer.com/soccer/belgium/jupiler-league-2017-2018/st-truiden-genk/CtmUxLP5/;Club Brugge KV - KV Mechelen;https://www.betexplorer.com/soccer/belgium/jupiler-league-2017-2018/club-brugge-kv-mechelen/YT2ajJx8/
6. ROUND;Gent - Genk;https://www.betexplorer.com/soccer/belgium/jupiler-league-2017-2018/gent-genk/lt1mgLhk/;KV Mechelen - Oostende;https://www.betexplorer.com/soccer/belgium/jupiler-league-2017-2018/kv-mechelen-oostende/MgaeiaN1/;St. Liege - Charleroi;https://www.betexplorer.com/soccer/belgium/jupiler-league-2017-2018/st-liege-charleroi/SWaihu8e/;Antwerp - St. Truiden;https://www.betexplorer.com/soccer/belgium/jupiler-league-2017-2018/antwerp-st-truiden/zZKCaNFL/;Mouscron - Club Brugge KV;https://www.betexplorer.com/soccer/belgium/jupiler-league-2017-2018/royal-excel-mouscron-club-brugge/MVG8030F/;Waasland-Beveren - Eupen;https://www.betexplorer.com/soccer/belgium/jupiler-league-2017-2018/waasland-beveren-eupen/UeKGbsVR/;Waregem - Kortrijk;https://www.betexplorer.com/soccer/belgium/jupiler-league-2017-2018/waregem-kortrijk/W46rf1wq/;Anderlecht - Lokeren;https://www.betexplorer.com/soccer/belgium/jupiler-league-2017-2018/anderlecht-lokeren/v7R31qo9/
5. ROUND;Club Brugge KV - St. Liege;https://www.betexplorer.com/soccer/belgium/jupiler-league-2017-2018/club-brugge-st-liege/fJuEvMwd/;Gent - Anderlecht;https://www.betexplorer.com/soccer/belgium/jupiler-league-2017-2018/gent-anderlecht/Y9vIwtg2/;Oostende - Antwerp;https://www.betexplorer.com/soccer/belgium/jupiler-league-2017-2018/oostende-antwerp/0GSa2PV2/;Charleroi - Waregem;https://www.betexplorer.com/soccer/belgium/jupiler-league-2017-2018/charleroi-waregem/2L0Zo4oM/;Genk - KV Mechelen;https://www.betexplorer.com/soccer/belgium/jupiler-league-2017-2018/genk-kv-mechelen/Cfj9u2Ok/;Lokeren - Eupen;https://www.betexplorer.com/soccer/belgium/jupiler-league-2017-2018/lokeren-eupen/tCawoO0S/;St. Truiden - Waasland-Beveren;https://www.betexplorer.com/soccer/belgium/jupiler-league-2017-2018/st-truiden-waasland-beveren/bin5tr9q/;Kortrijk - Mouscron;https://www.betexplorer.com/soccer/belgium/jupiler-league-2017-2018/kortrijk-royal-excel-mouscron/pp6UnpWF/
4. ROUND;Anderlecht - St. Truiden;https://www.betexplorer.com/soccer/belgium/jupiler-league-2017-2018/anderlecht-st-truiden/YkCWRrfj/;Kortrijk - Club Brugge KV;https://www.betexplorer.com/soccer/belgium/jupiler-league-2017-2018/kortrijk-club-brugge/EokJknnc/;Mouscron - Gent;https://www.betexplorer.com/soccer/belgium/jupiler-league-2017-2018/royal-excel-mouscron-gent/CW7Ml613/;Eupen - Oostende;https://www.betexplorer.com/soccer/belgium/jupiler-league-2017-2018/eupen-oostende/6g7QmQG9/;Genk - Charleroi;https://www.betexplorer.com/soccer/belgium/jupiler-league-2017-2018/genk-charleroi/CtBzR29d/;KV Mechelen - Antwerp;https://www.betexplorer.com/soccer/belgium/jupiler-league-2017-2018/kv-mechelen-antwerp/4G7SSOvp/;Waasland-Beveren - Lokeren;https://www.betexplorer.com/soccer/belgium/jupiler-league-2017-2018/waasland-beveren-lokeren/27L0X4WS/;St. Liege - Waregem;https://www.betexplorer.com/soccer/belgium/jupiler-league-2017-2018/st-liege-waregem/KrWeYpHM/
3. ROUND;Antwerp - Genk;https://www.betexplorer.com/soccer/belgium/jupiler-league-2017-2018/antwerp-genk/YRTqymX3/;Charleroi - Anderlecht;https://www.betexplorer.com/soccer/belgium/jupiler-league-2017-2018/charleroi-anderlecht/CISmz7nA/;St. Truiden - St. Liege;https://www.betexplorer.com/soccer/belgium/jupiler-league-2017-2018/st-truiden-st-liege/6uSiZQ1G/;Eupen - Kortrijk;https://www.betexplorer.com/soccer/belgium/jupiler-league-2017-2018/eupen-kortrijk/0MP0EPPj/;KV Mechelen - Gent;https://www.betexplorer.com/soccer/belgium/jupiler-league-2017-2018/kv-mechelen-gent/nJLdF5Ap/;Lokeren - Mouscron;https://www.betexplorer.com/soccer/belgium/jupiler-league-2017-2018/lokeren-royal-excel-mouscron/EPDrw92i/;Oostende - Waasland-Beveren;https://www.betexplorer.com/soccer/belgium/jupiler-league-2017-2018/oostende-waasland-beveren/hGCnxTHc/;Waregem - Club Brugge KV;https://www.betexplorer.com/soccer/belgium/jupiler-league-2017-2018/waregem-club-brugge/txqUJo2T/
2. ROUND;Anderlecht - Oostende;https://www.betexplorer.com/soccer/belgium/jupiler-league-2017-2018/anderlecht-oostende/YBuML7XG/;Club Brugge KV - Eupen;https://www.betexplorer.com/soccer/belgium/jupiler-league-2017-2018/club-brugge-eupen/2opQKRnN/;Gent - Antwerp;https://www.betexplorer.com/soccer/belgium/jupiler-league-2017-2018/gent-antwerp/fLtIMmIA/;Kortrijk - Lokeren;https://www.betexplorer.com/soccer/belgium/jupiler-league-2017-2018/kortrijk-lokeren/6al5PkYi/;Mouscron - Charleroi;https://www.betexplorer.com/soccer/belgium/jupiler-league-2017-2018/royal-excel-mouscron-charleroi/S8k1QVIo/;Waasland-Beveren - KV Mechelen;https://www.betexplorer.com/soccer/belgium/jupiler-league-2017-2018/waasland-beveren-kv-mechelen/0Mm9O9mb/;Waregem - St. Truiden;https://www.betexplorer.com/soccer/belgium/jupiler-league-2017-2018/waregem-st-truiden/CdiDNT24/;St. Liege - Genk;https://www.betexplorer.com/soccer/belgium/jupiler-league-2017-2018/st-liege-genk/ji6I1nto/
1. ROUND;KV Mechelen - St. Liege;https://www.betexplorer.com/soccer/belgium/jupiler-league-2017-2018/kv-mechelen-st-liege/61usLzs6/;Oostende - Mouscron;https://www.betexplorer.com/soccer/belgium/jupiler-league-2017-2018/oostende-royal-excel-mouscron/ERrkJEBI/;St. Truiden - Gent;https://www.betexplorer.com/soccer/belgium/jupiler-league-2017-2018/st-truiden-gent/K4qoKfdC/;Charleroi - Kortrijk;https://www.betexplorer.com/soccer/belgium/jupiler-league-2017-2018/charleroi-kortrijk/OxjxMGRa/;Eupen - Waregem;https://www.betexplorer.com/soccer/belgium/jupiler-league-2017-2018/eupen-waregem/pniYMdCg/;Genk - Waasland-Beveren;https://www.betexplorer.com/soccer/belgium/jupiler-league-2017-2018/genk-waasland-beveren/jBxVNxcm/;Lokeren - Club Brugge KV;https://www.betexplorer.com/soccer/belgium/jupiler-league-2017-2018/lokeren-club-brugge/CKwROIss/;Antwerp - Anderlecht;https://www.betexplorer.com/soccer/belgium/jupiler-league-2017-2018/antwerp-anderlecht/6w1bTbZP/
10. ROUND;Anderlecht - Genk;https://www.betexplorer.com/soccer/belgium/jupiler-league-2017-2018/anderlecht-genk/8M55gm03/;Charleroi - St. Liege;https://www.betexplorer.com/soccer/belgium/jupiler-league-2017-2018/charleroi-st-liege/UV61fTpc/;Club Brugge KV - Gent;https://www.betexplorer.com/soccer/belgium/jupiler-league-2017-2018/club-brugge-gent/SQSIVq8d/
9. ROUND;Genk - Charleroi;https://www.betexplorer.com/soccer/belgium/jupiler-league-2017-2018/genk-charleroi/GjPEWPhj/;Gent - Anderlecht;https://www.betexplorer.com/soccer/belgium/jupiler-league-2017-2018/gent-anderlecht/KKwqxnVS/;St. Liege - Club Brugge KV;https://www.betexplorer.com/soccer/belgium/jupiler-league-2017-2018/st-liege-club-brugge/MTPAX5wp/
8. ROUND;Anderlecht - St. Liege;https://www.betexplorer.com/soccer/belgium/jupiler-league-2017-2018/anderlecht-st-liege/UVpWvloA/;Charleroi - Club Brugge KV;https://www.betexplorer.com/soccer/belgium/jupiler-league-2017-2018/charleroi-club-brugge/Ohpzv80G/;Genk - Gent;https://www.betexplorer.com/soccer/belgium/jupiler-league-2017-2018/genk-gent/2qqvwSFM/
7. ROUND;Club Brugge KV - Anderlecht;https://www.betexplorer.com/soccer/belgium/jupiler-league-2017-2018/club-brugge-anderlecht/Y3iNtAGc/;St. Liege - Genk;https://www.betexplorer.com/soccer/belgium/jupiler-league-2017-2018/st-liege-genk/GStSuUV3/;Gent - Charleroi;https://www.betexplorer.com/soccer/belgium/jupiler-league-2017-2018/gent-charleroi/fDhJsj1i/
6. ROUND;Anderlecht - Charleroi;https://www.betexplorer.com/soccer/belgium/jupiler-league-2017-2018/anderlecht-charleroi/25jYJn9p/;Gent - St. Liege;https://www.betexplorer.com/soccer/belgium/jupiler-league-2017-2018/gent-st-liege/tdkxJ6Oj/;Genk - Club Brugge KV;https://www.betexplorer.com/soccer/belgium/jupiler-league-2017-2018/genk-club-brugge/dOD5OS0T/
5. ROUND;Charleroi - Gent;https://www.betexplorer.com/soccer/belgium/jupiler-league-2017-2018/charleroi-gent/rL91P8oN/;Club Brugge KV - St. Liege;https://www.betexplorer.com/soccer/belgium/jupiler-league-2017-2018/club-brugge-st-liege/lbAcQlWG/;Genk - Anderlecht;https://www.betexplorer.com/soccer/belgium/jupiler-league-2017-2018/genk-anderlecht/A7BgRUGA/
4. ROUND;Club Brugge KV - Charleroi;https://www.betexplorer.com/soccer/belgium/jupiler-league-2017-2018/club-brugge-charleroi/hWGlSA14/;St. Liege - Anderlecht;https://www.betexplorer.com/soccer/belgium/jupiler-league-2017-2018/st-liege-anderlecht/EuIpTjnb/;Gent - Genk;https://www.betexplorer.com/soccer/belgium/jupiler-league-2017-2018/gent-genk/KIItUWWi/
3. ROUND;Anderlecht - Club Brugge KV;https://www.betexplorer.com/soccer/belgium/jupiler-league-2017-2018/anderlecht-club-brugge/8rFxVCHo/;St. Liege - Gent;https://www.betexplorer.com/soccer/belgium/jupiler-league-2017-2018/st-liege-gent/6wyf6Tvo/;Charleroi - Genk;https://www.betexplorer.com/soccer/belgium/jupiler-league-2017-2018/charleroi-genk/4UlSA9WT/
2. ROUND;Gent - Club Brugge KV;https://www.betexplorer.com/soccer/belgium/jupiler-league-2017-2018/gent-club-brugge/zepOBkHN/;Genk - St. Liege;https://www.betexplorer.com/soccer/belgium/jupiler-league-2017-2018/genk-st-liege/d4oKCV1H/;Charleroi - Anderlecht;https://www.betexplorer.com/soccer/belgium/jupiler-league-2017-2018/charleroi-anderlecht/EudFDBnB/
1. ROUND;Club Brugge KV - Genk;https://www.betexplorer.com/soccer/belgium/jupiler-league-2017-2018/club-brugge-genk/0xhBEiX4/;Anderlecht - Gent;https://www.betexplorer.com/soccer/belgium/jupiler-league-2017-2018/anderlecht-gent/6Fh7FXHb/;St. Liege - Charleroi;https://www.betexplorer.com/soccer/belgium/jupiler-league-2017-2018/st-liege-charleroi/SOg3GD2h/
GROUP B - 10. ROUND;Beerschot Wilrijk - Eupen;https://www.betexplorer.com/soccer/belgium/jupiler-league-2017-2018/beerschot-wilrijk-eupen/QgQi4vl9/;Oostende - Antwerp;https://www.betexplorer.com/soccer/belgium/jupiler-league-2017-2018/oostende-antwerp/dKLm5KY2/;St. Truiden - Lokeren;https://www.betexplorer.com/soccer/belgium/jupiler-league-2017-2018/st-truiden-lokeren/ITMq60Jd/
GROUP A - 10. ROUND;Mouscron - Leuven;https://www.betexplorer.com/soccer/belgium/jupiler-league-2017-2018/royal-excel-mouscron-leuven/EZOgeOms/;Waasland-Beveren - Kortrijk;https://www.betexplorer.com/soccer/belgium/jupiler-league-2017-2018/waasland-beveren-kortrijk/fkrN0pQJ/;Waregem - Lierse;https://www.betexplorer.com/soccer/belgium/jupiler-league-2017-2018/waregem-lierse-sk/YusRa4uQ/
GROUP B - 9. ROUND;Antwerp - St. Truiden;https://www.betexplorer.com/soccer/belgium/jupiler-league-2017-2018/antwerp-st-truiden/0hhabl0j/;Eupen - Oostende;https://www.betexplorer.com/soccer/belgium/jupiler-league-2017-2018/eupen-oostende/Eed3c8Fd/;Lokeren - Beerschot Wilrijk;https://www.betexplorer.com/soccer/belgium/jupiler-league-2017-2018/lokeren-beerschot-wilrijk/6VheaUpp/
GROUP A - 9. ROUND;Kortrijk - Mouscron;https://www.betexplorer.com/soccer/belgium/jupiler-league-2017-2018/kortrijk-royal-excel-mouscron/nm1WwNI6/;Leuven - Waregem;https://www.betexplorer.com/soccer/belgium/jupiler-league-2017-2018/leuven-waregem/tnfux1mJ/;Lierse - Waasland-Beveren;https://www.betexplorer.com/soccer/belgium/jupiler-league-2017-2018/lierse-sk-waasland-beveren/UBjywsYC/
GROUP B - 8. ROUND;Antwerp - Eupen;https://www.betexplorer.com/soccer/belgium/jupiler-league-2017-2018/antwerp-eupen/4M6T3AxT/;Oostende - Lokeren;https://www.betexplorer.com/soccer/belgium/jupiler-league-2017-2018/oostende-lokeren/OAkW4jNM/;St. Truiden - Beerschot Wilrijk;https://www.betexplorer.com/soccer/belgium/jupiler-league-2017-2018/st-truiden-beerschot-wilrijk/pKjS5W7G/
GROUP A - 8. ROUND;Leuven - Kortrijk;https://www.betexplorer.com/soccer/belgium/jupiler-league-2017-2018/leuven-kortrijk/8d2Sv330/;Mouscron - Lierse;https://www.betexplorer.com/soccer/belgium/jupiler-league-2017-2018/royal-excel-mouscron-lierse-sk/vNcOuqlf/;Waregem - Waasland-Beveren;https://www.betexplorer.com/soccer/belgium/jupiler-league-2017-2018/waregem-waasland-beveren/0WbKtPYm/
GROUP B - 7. ROUND;Beerschot Wilrijk - Oostende;https://www.betexplorer.com/soccer/belgium/jupiler-league-2017-2018/beerschot-wilrijk-oostende/jciO6ChA/;Eupen - St. Truiden;https://www.betexplorer.com/soccer/belgium/jupiler-league-2017-2018/eupen-st-truiden/fVcF8YNc/;Lokeren - Antwerp;https://www.betexplorer.com/soccer/belgium/jupiler-league-2017-2018/lokeren-antwerp/xfmK7hw4/
GROUP A - 7. ROUND;Kortrijk - Waregem;https://www.betexplorer.com/soccer/belgium/jupiler-league-2017-2018/kortrijk-waregem/nPIqmReK/;Lierse - Leuven;https://www.betexplorer.com/soccer/belgium/jupiler-league-2017-2018/lierse-sk-leuven/I79Fs5Js/;Waasland-Beveren - Mouscron;https://www.betexplorer.com/soccer/belgium/jupiler-league-2017-2018/waasland-beveren-royal-excel-mouscron/tnImnoBQ/
GROUP B - 6. ROUND;Beerschot Wilrijk - Antwerp;https://www.betexplorer.com/soccer/belgium/jupiler-league-2017-2018/beerschot-wilrijk-antwerp/GvaB9E8i/;Eupen - Lokeren;https://www.betexplorer.com/soccer/belgium/jupiler-league-2017-2018/eupen-lokeren/lY6PoBGp/;St. Truiden - Oostende;https://www.betexplorer.com/soccer/belgium/jupiler-league-2017-2018/st-truiden-oostende/SO5TpVVj/
GROUP A - 6. ROUND;Kortrijk - Lierse;https://www.betexplorer.com/soccer/belgium/jupiler-league-2017-2018/kortrijk-lierse-sk/8tE4PN3D/;Leuven - Waasland-Beveren;https://www.betexplorer.com/soccer/belgium/jupiler-league-2017-2018/leuven-waasland-beveren/8YJul7tE/;Mouscron - Waregem;https://www.betexplorer.com/soccer/belgium/jupiler-league-2017-2018/royal-excel-mouscron-waregem/UkF0Q3l7/
GROUP B - 5. ROUND;Antwerp - Lokeren;https://www.betexplorer.com/soccer/belgium/jupiler-league-2017-2018/antwerp-lokeren/riUdji8T/;Oostende - Beerschot Wilrijk;https://www.betexplorer.com/soccer/belgium/jupiler-league-2017-2018/oostende-beerschot-wilrijk/WGQhiXhN/;St. Truiden - Eupen;https://www.betexplorer.com/soccer/belgium/jupiler-league-2017-2018/st-truiden-eupen/xfRlhDwH/
GROUP A - 5. ROUND;Leuven - Mouscron;https://www.betexplorer.com/soccer/belgium/jupiler-league-2017-2018/leuven-royal-excel-mouscron/MPBhSPJf/;Waasland-Beveren - Lierse;https://www.betexplorer.com/soccer/belgium/jupiler-league-2017-2018/waasland-beveren-lierse-sk/zTFdRqZ0/;Waregem - Kortrijk;https://www.betexplorer.com/soccer/belgium/jupiler-league-2017-2018/waregem-kortrijk/v1MmT54l/
GROUP B - 4. ROUND;Beerschot Wilrijk - St. Truiden;https://www.betexplorer.com/soccer/belgium/jupiler-league-2017-2018/beerschot-wilrijk-st-truiden/b3SpggOA/;Eupen - Antwerp;https://www.betexplorer.com/soccer/belgium/jupiler-league-2017-2018/eupen-antwerp/tSXufZ84/;Lokeren - Oostende;https://www.betexplorer.com/soccer/belgium/jupiler-league-2017-2018/lokeren-oostende/2yZyeFgb/
GROUP A - 4. ROUND;Kortrijk - Leuven;https://www.betexplorer.com/soccer/belgium/jupiler-league-2017-2018/kortrijk-leuven/8IVHYRtR/;Lierse - Waregem;https://www.betexplorer.com/soccer/belgium/jupiler-league-2017-2018/lierse-sk-waregem/0ANqUokr/;Mouscron - Waasland-Beveren;https://www.betexplorer.com/soccer/belgium/jupiler-league-2017-2018/royal-excel-mouscron-waasland-beveren/URWDZ7RK/
GROUP B - 3. ROUND;Antwerp - Beerschot Wilrijk;https://www.betexplorer.com/soccer/belgium/jupiler-league-2017-2018/antwerp-beerschot-wilrijk/fBVTdyPo/;Oostende - St. Truiden;https://www.betexplorer.com/soccer/belgium/jupiler-league-2017-2018/oostende-st-truiden/8EZXeevh/;Lokeren - Eupen;https://www.betexplorer.com/soccer/belgium/jupiler-league-2017-2018/lokeren-eupen/h6ioYino/
GROUP A - 3. ROUND;Lierse - Kortrijk;https://www.betexplorer.com/soccer/belgium/jupiler-league-2017-2018/lierse-sk-kortrijk/lIO5yUd8/;Waasland-Beveren - Leuven;https://www.betexplorer.com/soccer/belgium/jupiler-league-2017-2018/waasland-beveren-leuven/n3s9zlCE/;Waregem - Mouscron;https://www.betexplorer.com/soccer/belgium/jupiler-league-2017-2018/waregem-royal-excel-mouscron/zFzOCpK7/
GROUP A - 2. ROUND;Mouscron - Kortrijk;https://www.betexplorer.com/soccer/belgium/jupiler-league-2017-2018/royal-excel-mouscron-kortrijk/dOyKDQ41/;Waasland-Beveren - Waregem;https://www.betexplorer.com/soccer/belgium/jupiler-league-2017-2018/waasland-beveren-waregem/vmsFE6ke/
GROUP B - 2. ROUND;Beerschot Wilrijk - Lokeren;https://www.betexplorer.com/soccer/belgium/jupiler-league-2017-2018/beerschot-wilrijk-lokeren/rFGAitm6/;Oostende - Eupen;https://www.betexplorer.com/soccer/belgium/jupiler-league-2017-2018/oostende-eupen/M5FEj02C/;St. Truiden - Antwerp;https://www.betexplorer.com/soccer/belgium/jupiler-league-2017-2018/st-truiden-antwerp/GtUHkKHI/
GROUP A - 2. ROUND;Leuven - Lierse;https://www.betexplorer.com/soccer/belgium/jupiler-league-2017-2018/leuven-lierse-sk/0drBFnzk/
GROUP B - 1. ROUND;Antwerp - Oostende;https://www.betexplorer.com/soccer/belgium/jupiler-league-2017-2018/antwerp-oostende/0jR5hMXa/
GROUP A - 1. ROUND;Waregem - Leuven;https://www.betexplorer.com/soccer/belgium/jupiler-league-2017-2018/waregem-leuven/6Zr7GSKr/
GROUP B - 1. ROUND;Eupen - Beerschot Wilrijk;https://www.betexplorer.com/soccer/belgium/jupiler-league-2017-2018/eupen-beerschot-wilrijk/nmN1g2Ig/;Lokeren - St. Truiden;https://www.betexplorer.com/soccer/belgium/jupiler-league-2017-2018/lokeren-st-truiden/hQNcfr3m/
GROUP A - 1. ROUND;Kortrijk - Waasland-Beveren;https://www.betexplorer.com/soccer/belgium/jupiler-league-2017-2018/kortrijk-waasland-beveren/nk2zMlcL/;Lierse - Mouscron;https://www.betexplorer.com/soccer/belgium/jupiler-league-2017-2018/lierse-sk-royal-excel-mouscron/UDiuL8CR/
FINAL;Genk - Waregem;https://www.betexplorer.com/soccer/belgium/jupiler-league-2017-2018/genk-waregem/Wd6YMWQn/
SEMI-FINALS;Waregem - Lokeren;https://www.betexplorer.com/soccer/belgium/jupiler-league-2017-2018/waregem-lokeren/fRDziF1H/
