17. ROUND;FC Tokyo - Shimizu;https://www.betexplorer.com/soccer/japan/j-league-2015/fc-tokyo-shimizu/ncpBnm4d/;Kashima - Kawasaki Frontale;https://www.betexplorer.com/soccer/japan/j-league-2015/kashima-kawasaki-frontale/vXt3l9Zq/;Kobe - Yokohama M.;https://www.betexplorer.com/soccer/japan/j-league-2015/kobe-yokohama-m/dSR19AB9/;Kofu - Kashiwa;https://www.betexplorer.com/soccer/japan/j-league-2015/kofu-kashiwa/l2OgBWtc/;Montedio Yamagata - G-Osaka;https://www.betexplorer.com/soccer/japan/j-league-2015/montedio-yamagata-g-osaka/xOfygkRS/;Sagan Tosu - Hiroshima;https://www.betexplorer.com/soccer/japan/j-league-2015/tosu-hiroshima/zJQ58UQF/;Urawa - Albirex Niigata;https://www.betexplorer.com/soccer/japan/j-league-2015/urawa-albirex-niigata/Ygt7mTlj/;Vegalta Sendai - Nagoya;https://www.betexplorer.com/soccer/japan/j-league-2015/vegalta-sendai-nagoya/dCwvfVBM/;Yamaga - Shonan;https://www.betexplorer.com/soccer/japan/j-league-2015/matsumoto-yamaga-shonan/ShNcAjd3/
13. ROUND;Kashiwa - G-Osaka;https://www.betexplorer.com/soccer/japan/j-league-2015/kashiwa-g-osaka/j9cNWq8s/
16. ROUND;G-Osaka - Vegalta Sendai;https://www.betexplorer.com/soccer/japan/j-league-2015/g-osaka-vegalta-sendai/SWoNcDCc/;Hiroshima - Montedio Yamagata;https://www.betexplorer.com/soccer/japan/j-league-2015/hiroshima-montedio-yamagata/ObuWeisA/;Kawasaki Frontale - Yamaga;https://www.betexplorer.com/soccer/japan/j-league-2015/kawasaki-frontale-matsumoto-yamaga/riOagbLB/;Kobe - Urawa;https://www.betexplorer.com/soccer/japan/j-league-2015/kobe-urawa/AeySdXR3/;Nagoya - Kashiwa;https://www.betexplorer.com/soccer/japan/j-league-2015/nagoya-kashiwa/ltmJbgci/;Sagan Tosu - FC Tokyo;https://www.betexplorer.com/soccer/japan/j-league-2015/tosu-fc-tokyo/ILvzeBdG/;Shimizu - Kofu;https://www.betexplorer.com/soccer/japan/j-league-2015/shimizu-kofu/0QgyzAKj/;Shonan - Albirex Niigata;https://www.betexplorer.com/soccer/japan/j-league-2015/shonan-albirex-niigata/MZfXzj5p/;Yokohama M. - Kashima;https://www.betexplorer.com/soccer/japan/j-league-2015/yokohama-m-kashima/txs3hIzI/
15. ROUND;Albirex Niigata - Nagoya;https://www.betexplorer.com/soccer/japan/j-league-2015/albirex-niigata-nagoya/AwQieKja/;G-Osaka - Kobe;https://www.betexplorer.com/soccer/japan/j-league-2015/g-osaka-kobe/lUOefv65/;Kashiwa - Hiroshima;https://www.betexplorer.com/soccer/japan/j-league-2015/kashiwa-hiroshima/rTuD22bP/;Kawasaki Frontale - Shonan;https://www.betexplorer.com/soccer/japan/j-league-2015/kawasaki-frontale-shonan/KlXvbM6t/;Kofu - Yokohama M.;https://www.betexplorer.com/soccer/japan/j-league-2015/kofu-yokohama-m/EBWrctMn/;Montedio Yamagata - Kashima;https://www.betexplorer.com/soccer/japan/j-league-2015/montedio-yamagata-kashima/2X2Qva6I/;Urawa - Shimizu;https://www.betexplorer.com/soccer/japan/j-league-2015/urawa-shimizu/tO1UwJLO/;Vegalta Sendai - Sagan Tosu;https://www.betexplorer.com/soccer/japan/j-league-2015/vegalta-sendai-tosu/f73MuuiC/;Yamaga - FC Tokyo;https://www.betexplorer.com/soccer/japan/j-league-2015/matsumoto-yamaga-fc-tokyo/h2Vnd0yg/
10. ROUND;G-Osaka - Kashima;https://www.betexplorer.com/soccer/japan/j-league-2015/g-osaka-kashima/KSHUQHui/;Kashiwa - Urawa;https://www.betexplorer.com/soccer/japan/j-league-2015/kashiwa-urawa/GfilIPyi/
14. ROUND;Albirex Niigata - Kofu;https://www.betexplorer.com/soccer/japan/j-league-2015/albirex-niigata-kofu/2DvqSLMC/;FC Tokyo - Kashiwa;https://www.betexplorer.com/soccer/japan/j-league-2015/fc-tokyo-kashiwa/nyD1p3xs/;Kashima - Yamaga;https://www.betexplorer.com/soccer/japan/j-league-2015/kashima-matsumoto-yamaga/6sVYlqUP/;Kobe - Vegalta Sendai;https://www.betexplorer.com/soccer/japan/j-league-2015/kobe-vegalta-sendai/SjWUkPEJ/;Nagoya - Montedio Yamagata;https://www.betexplorer.com/soccer/japan/j-league-2015/nagoya-montedio-yamagata/EmrmRuxJ/;Sagan Tosu - Urawa;https://www.betexplorer.com/soccer/japan/j-league-2015/tosu-urawa/GG4ItLy6/;Shimizu - Kawasaki Frontale;https://www.betexplorer.com/soccer/japan/j-league-2015/shimizu-kawasaki-frontale/YiFDs1Ma/;Shonan - Hiroshima;https://www.betexplorer.com/soccer/japan/j-league-2015/shonan-hiroshima/KlB9rs7g/;Yokohama M. - G-Osaka;https://www.betexplorer.com/soccer/japan/j-league-2015/yokohama-m-g-osaka/QRB5qNim/
13. ROUND;FC Tokyo - Nagoya;https://www.betexplorer.com/soccer/japan/j-league-2015/fc-tokyo-nagoya/YXnSV3Nm/;Hiroshima - Albirex Niigata;https://www.betexplorer.com/soccer/japan/j-league-2015/hiroshima-albirex-niigata/KlkvT176/;Kawasaki Frontale - Sagan Tosu;https://www.betexplorer.com/soccer/japan/j-league-2015/kawasaki-frontale-tosu/COoWUNxf/;Montedio Yamagata - Kobe;https://www.betexplorer.com/soccer/japan/j-league-2015/montedio-yamagata-kobe/fXnDE2hD/;Shonan - Shimizu;https://www.betexplorer.com/soccer/japan/j-league-2015/shonan-shimizu/tz8mwnVD/;Urawa - Kashima;https://www.betexplorer.com/soccer/japan/j-league-2015/urawa-kashima/Em6eyQaQ/;Vegalta Sendai - Kofu;https://www.betexplorer.com/soccer/japan/j-league-2015/vegalta-sendai-kofu/KQ6ix6pK/;Yamaga - Yokohama M.;https://www.betexplorer.com/soccer/japan/j-league-2015/matsumoto-yamaga-yokohama-m/tbjzUsh0/
12. ROUND;Albirex Niigata - Vegalta Sendai;https://www.betexplorer.com/soccer/japan/j-league-2015/albirex-niigata-vegalta-sendai/f94QN6VQ/;G-Osaka - Kawasaki Frontale;https://www.betexplorer.com/soccer/japan/j-league-2015/g-osaka-kawasaki-frontale/MJl5GON0/;Kashima - Hiroshima;https://www.betexplorer.com/soccer/japan/j-league-2015/kashima-hiroshima/n1dhJQwr/;Kofu - Montedio Yamagata;https://www.betexplorer.com/soccer/japan/j-league-2015/kofu-montedio-yamagata/YgGHPS0E/;Nagoya - Sagan Tosu;https://www.betexplorer.com/soccer/japan/j-league-2015/nagoya-tosu/Gtl9Frw7/;Shimizu - Yokohama M.;https://www.betexplorer.com/soccer/japan/j-league-2015/shimizu-yokohama-m/QiedIpgl/;Urawa - FC Tokyo;https://www.betexplorer.com/soccer/japan/j-league-2015/urawa-fc-tokyo/8Gp1H48f/;Yamaga - Kobe;https://www.betexplorer.com/soccer/japan/j-league-2015/matsumoto-yamaga-kobe/GI5MOnGK/;Kashiwa - Shonan;https://www.betexplorer.com/soccer/japan/j-league-2015/kashiwa-shonan/MJCDQ8o8/
11. ROUND;FC Tokyo - Kashima;https://www.betexplorer.com/soccer/japan/j-league-2015/fc-tokyo-kashima/ClVM3ove/;Hiroshima - G-Osaka;https://www.betexplorer.com/soccer/japan/j-league-2015/hiroshima-g-osaka/8GOV1P87/;Kobe - Shimizu;https://www.betexplorer.com/soccer/japan/j-league-2015/kobe-shimizu/UPPR25g1/;Kofu - Shonan;https://www.betexplorer.com/soccer/japan/j-league-2015/kofu-shonan/Sb4oNZvG/;Montedio Yamagata - Kashiwa;https://www.betexplorer.com/soccer/japan/j-league-2015/montedio-yamagata-kashiwa/6qGxPeA3/;Nagoya - Kawasaki Frontale;https://www.betexplorer.com/soccer/japan/j-league-2015/nagoya-kawasaki-frontale/bJGYPyec/;Sagan Tosu - Yamaga;https://www.betexplorer.com/soccer/japan/j-league-2015/tosu-matsumoto-yamaga/YcWI4ROl/;Vegalta Sendai - Urawa;https://www.betexplorer.com/soccer/japan/j-league-2015/vegalta-sendai-urawa/vyXE579r/;Yokohama M. - Albirex Niigata;https://www.betexplorer.com/soccer/japan/j-league-2015/yokohama-m-albirex-niigata/pzFtOFP9/
10. ROUND;Albirex Niigata - Montedio Yamagata;https://www.betexplorer.com/soccer/japan/j-league-2015/albirex-niigata-montedio-yamagata/Ag85QmUA/;Kawasaki Frontale - Hiroshima;https://www.betexplorer.com/soccer/japan/j-league-2015/kawasaki-frontale-hiroshima/6L1EORbN/;Shimizu - Sagan Tosu;https://www.betexplorer.com/soccer/japan/j-league-2015/shimizu-tosu/lp79P7qH/;Shonan - Kobe;https://www.betexplorer.com/soccer/japan/j-league-2015/shonan-kobe/2impJ5Mp/;Vegalta Sendai - FC Tokyo;https://www.betexplorer.com/soccer/japan/j-league-2015/vegalta-sendai-fc-tokyo/IojbS9ab/;Yamaga - Kofu;https://www.betexplorer.com/soccer/japan/j-league-2015/matsumoto-yamaga-kofu/GW81RTE4/;Yokohama M. - Nagoya;https://www.betexplorer.com/soccer/japan/j-league-2015/yokohama-m-nagoya/pC0INoET/
9. ROUND;FC Tokyo - Kawasaki Frontale;https://www.betexplorer.com/soccer/japan/j-league-2015/fc-tokyo-kawasaki-frontale/8G875nho/;Hiroshima - Vegalta Sendai;https://www.betexplorer.com/soccer/japan/j-league-2015/hiroshima-vegalta-sendai/dW1kUVUo/;Kashima - Kofu;https://www.betexplorer.com/soccer/japan/j-league-2015/kashima-kofu/OrXzB8UN/;Kashiwa - Shimizu;https://www.betexplorer.com/soccer/japan/j-league-2015/kashiwa-shimizu/67MuASqU/;Montedio Yamagata - Yokohama M.;https://www.betexplorer.com/soccer/japan/j-league-2015/montedio-yamagata-yokohama-m/xSUODAp5/;Nagoya - Shonan;https://www.betexplorer.com/soccer/japan/j-league-2015/nagoya-shonan/dGDREjVb/;Sagan Tosu - Kobe;https://www.betexplorer.com/soccer/japan/j-league-2015/tosu-kobe/GITSCUaB/;Urawa - G-Osaka;https://www.betexplorer.com/soccer/japan/j-league-2015/urawa-g-osaka/AuTWBlFH/;Yamaga - Albirex Niigata;https://www.betexplorer.com/soccer/japan/j-league-2015/matsumoto-yamaga-albirex-niigata/zN0gTkph/
8. ROUND;Albirex Niigata - FC Tokyo;https://www.betexplorer.com/soccer/japan/j-league-2015/albirex-niigata-fc-tokyo/xCt1bVpI/;G-Osaka - Yamaga;https://www.betexplorer.com/soccer/japan/j-league-2015/g-osaka-matsumoto-yamaga/AaBFHhot/;Kawasaki Frontale - Kashiwa;https://www.betexplorer.com/soccer/japan/j-league-2015/kawasaki-frontale-kashiwa/bLscaBVB/;Kobe - Nagoya;https://www.betexplorer.com/soccer/japan/j-league-2015/kobe-nagoya/O2FJGC0n/;Kofu - Urawa;https://www.betexplorer.com/soccer/japan/j-league-2015/kofu-urawa/4Mll1X0a/;Shimizu - Montedio Yamagata;https://www.betexplorer.com/soccer/japan/j-league-2015/shimizu-montedio-yamagata/6oo5ck0O/;Shonan - Sagan Tosu;https://www.betexplorer.com/soccer/japan/j-league-2015/shonan-tosu/pxp9d9FU/;Vegalta Sendai - Kashima;https://www.betexplorer.com/soccer/japan/j-league-2015/vegalta-sendai-kashima/Gdhh0iG5/;Yokohama M. - Hiroshima;https://www.betexplorer.com/soccer/japan/j-league-2015/yokohama-m-hiroshima/IPENFWFh/
7. ROUND;G-Osaka - Albirex Niigata;https://www.betexplorer.com/soccer/japan/j-league-2015/g-osaka-albirex-niigata/Aakp2Dog/;Hiroshima - Shimizu;https://www.betexplorer.com/soccer/japan/j-league-2015/hiroshima-shimizu/2gSIoh1C/;Kashima - Kobe;https://www.betexplorer.com/soccer/japan/j-league-2015/kashima-kobe/UREBmEWa/;Kawasaki Frontale - Kofu;https://www.betexplorer.com/soccer/japan/j-league-2015/kawasaki-frontale-kofu/W8jt3gWn/;Montedio Yamagata - FC Tokyo;https://www.betexplorer.com/soccer/japan/j-league-2015/montedio-yamagata-fc-tokyo/EXey4ZGt/;Sagan Tosu - Kashiwa;https://www.betexplorer.com/soccer/japan/j-league-2015/tosu-kashiwa/bLLRqWVO/;Urawa - Nagoya;https://www.betexplorer.com/soccer/japan/j-league-2015/urawa-nagoya/CO998F8P/;Yamaga - Vegalta Sendai;https://www.betexplorer.com/soccer/japan/j-league-2015/matsumoto-yamaga-vegalta-sendai/O2TEnYo6/;Yokohama M. - Shonan;https://www.betexplorer.com/soccer/japan/j-league-2015/yokohama-m-shonan/pIHNpCGI/
6. ROUND;Albirex Niigata - Kobe;https://www.betexplorer.com/soccer/japan/j-league-2015/albirex-niigata-kobe/2DbV7rIE/;FC Tokyo - Hiroshima;https://www.betexplorer.com/soccer/japan/j-league-2015/fc-tokyo-hiroshima/f9MbjGns/;Kofu - Sagan Tosu;https://www.betexplorer.com/soccer/japan/j-league-2015/kofu-tosu/n5GrpuQ7/;Montedio Yamagata - Yamaga;https://www.betexplorer.com/soccer/japan/j-league-2015/montedio-yamagata-matsumoto-yamaga/8EHvoLA1/;Nagoya - Shimizu;https://www.betexplorer.com/soccer/japan/j-league-2015/nagoya-shimizu/OMaR8O28/;Shonan - G-Osaka;https://www.betexplorer.com/soccer/japan/j-league-2015/shonan-g-osaka/jyG7lfHg/;Urawa - Yokohama M.;https://www.betexplorer.com/soccer/japan/j-league-2015/urawa-yokohama-m/8CQ2kz2m/;Vegalta Sendai - Kawasaki Frontale;https://www.betexplorer.com/soccer/japan/j-league-2015/vegalta-sendai-kawasaki-frontale/EiIzn1ee/;Kashiwa - Kashima;https://www.betexplorer.com/soccer/japan/j-league-2015/kashiwa-kashima/2HEWnstk/
5. ROUND;Kashima - Albirex Niigata;https://www.betexplorer.com/soccer/japan/j-league-2015/kashima-albirex-niigata/KhPRmNQr/;Kawasaki Frontale - Urawa;https://www.betexplorer.com/soccer/japan/j-league-2015/kawasaki-frontale-urawa/Iqw0h3IR/;Kobe - Kofu;https://www.betexplorer.com/soccer/japan/j-league-2015/kobe-kofu/AJZifPmF/;Nagoya - Hiroshima;https://www.betexplorer.com/soccer/japan/j-league-2015/nagoya-hiroshima/0lh1X1t2/;Sagan Tosu - Montedio Yamagata;https://www.betexplorer.com/soccer/japan/j-league-2015/tosu-montedio-yamagata/lAYegq3L/;Shimizu - G-Osaka;https://www.betexplorer.com/soccer/japan/j-league-2015/shimizu-g-osaka/EitqdoJ2/;Shonan - FC Tokyo;https://www.betexplorer.com/soccer/japan/j-league-2015/shonan-fc-tokyo/Sfpme5Y8/;Yamaga - Kashiwa;https://www.betexplorer.com/soccer/japan/j-league-2015/matsumoto-yamaga-kashiwa/tnx0ZNBk/;Yokohama M. - Vegalta Sendai;https://www.betexplorer.com/soccer/japan/j-league-2015/yokohama-m-vegalta-sendai/McgcYsRe/
4. ROUND;FC Tokyo - Kofu;https://www.betexplorer.com/soccer/japan/j-league-2015/fc-tokyo-kofu/pGjUvplS/;Hiroshima - Kobe;https://www.betexplorer.com/soccer/japan/j-league-2015/hiroshima-kobe/2ewdz4dq/;Kashiwa - Yokohama M.;https://www.betexplorer.com/soccer/japan/j-league-2015/kashiwa-yokohama-m/0SGQKOdd/;Kawasaki Frontale - Albirex Niigata;https://www.betexplorer.com/soccer/japan/j-league-2015/kawasaki-frontale-albirex-niigata/WCnQuQYL/;Montedio Yamagata - Shonan;https://www.betexplorer.com/soccer/japan/j-league-2015/montedio-yamagata-shonan/AcbHsn49/;Urawa - Yamaga;https://www.betexplorer.com/soccer/japan/j-league-2015/urawa-matsumoto-yamaga/llcLt6JF/;Vegalta Sendai - Shimizu;https://www.betexplorer.com/soccer/japan/j-league-2015/vegalta-sendai-shimizu/tOgDrSl3/;G-Osaka - Nagoya;https://www.betexplorer.com/soccer/japan/j-league-2015/g-osaka-nagoya/2Xf9q8Zd/;Kashima - Sagan Tosu;https://www.betexplorer.com/soccer/japan/j-league-2015/kashima-tosu/2sbNL4sj/
3. ROUND;Albirex Niigata - Kashiwa;https://www.betexplorer.com/soccer/japan/j-league-2015/albirex-niigata-kashiwa/t4RRWUki/;Hiroshima - Urawa;https://www.betexplorer.com/soccer/japan/j-league-2015/hiroshima-urawa/2JFzV8K3/;Kobe - FC Tokyo;https://www.betexplorer.com/soccer/japan/j-league-2015/kobe-fc-tokyo/6BCiRQJS/;Kofu - G-Osaka;https://www.betexplorer.com/soccer/japan/j-league-2015/kofu-g-osaka/Ecwp8oDj/;Montedio Yamagata - Kawasaki Frontale;https://www.betexplorer.com/soccer/japan/j-league-2015/montedio-yamagata-kawasaki-frontale/8KbJMpSq/;Nagoya - Kashima;https://www.betexplorer.com/soccer/japan/j-league-2015/nagoya-kashima/lzInS64M/;Shimizu - Yamaga;https://www.betexplorer.com/soccer/japan/j-league-2015/shimizu-matsumoto-yamaga/KfQVVl5c/;Shonan - Vegalta Sendai;https://www.betexplorer.com/soccer/japan/j-league-2015/shonan-vegalta-sendai/AqJrTnkG/;Yokohama M. - Sagan Tosu;https://www.betexplorer.com/soccer/japan/j-league-2015/yokohama-m-tosu/GMJvUSZ9/
2. ROUND;Albirex Niigata - Shimizu;https://www.betexplorer.com/soccer/japan/j-league-2015/albirex-niigata-shimizu/hK6lJBLi/;FC Tokyo - Yokohama M.;https://www.betexplorer.com/soccer/japan/j-league-2015/fc-tokyo-yokohama-m/QX4dHkj4/;Kashima - Shonan;https://www.betexplorer.com/soccer/japan/j-league-2015/kashima-shonan/ns6hIVzb/;Kawasaki Frontale - Kobe;https://www.betexplorer.com/soccer/japan/j-league-2015/kawasaki-frontale-kobe/GMc9EmzN/;Kofu - Nagoya;https://www.betexplorer.com/soccer/japan/j-league-2015/kofu-nagoya/r9a1G95A/;Sagan Tosu - G-Osaka;https://www.betexplorer.com/soccer/japan/j-league-2015/tosu-g-osaka/UP1DD7kT/;Urawa - Montedio Yamagata;https://www.betexplorer.com/soccer/japan/j-league-2015/urawa-montedio-yamagata/Mab5FTKG/;Yamaga - Hiroshima;https://www.betexplorer.com/soccer/japan/j-league-2015/matsumoto-yamaga-hiroshima/z7vt9Rcp/;Kashiwa - Vegalta Sendai;https://www.betexplorer.com/soccer/japan/j-league-2015/kashiwa-vegalta-sendai/tp3pKi6o/
1. ROUND;Shimizu - Kashima;https://www.betexplorer.com/soccer/japan/j-league-2015/shimizu-kashima/vuP1e8Tp/;G-Osaka - FC Tokyo;https://www.betexplorer.com/soccer/japan/j-league-2015/g-osaka-fc-tokyo/405DHbpm/;Hiroshima - Kofu;https://www.betexplorer.com/soccer/japan/j-league-2015/hiroshima-kofu/bN4HGIag/;Kobe - Kashiwa;https://www.betexplorer.com/soccer/japan/j-league-2015/kobe-kashiwa/YucUDGqC/;Nagoya - Yamaga;https://www.betexplorer.com/soccer/japan/j-league-2015/nagoya-matsumoto-yamaga/Q969IvVt/;Sagan Tosu - Albirex Niigata;https://www.betexplorer.com/soccer/japan/j-league-2015/tosu-albirex-niigata/CQ8LFxFa/;Shonan - Urawa;https://www.betexplorer.com/soccer/japan/j-league-2015/shonan-urawa/2F1YCzaI/;Vegalta Sendai - Montedio Yamagata;https://www.betexplorer.com/soccer/japan/j-league-2015/vegalta-sendai-montedio-yamagata/zVnkNKMP/;Yokohama M. - Kawasaki Frontale;https://www.betexplorer.com/soccer/japan/j-league-2015/yokohama-m-kawasaki-frontale/fkbQEdU5/
34. ROUND;FC Tokyo - Sagan Tosu;https://www.betexplorer.com/soccer/japan/j-league-2015/fc-tokyo-tosu/48JcjmvK/;G-Osaka - Montedio Yamagata;https://www.betexplorer.com/soccer/japan/j-league-2015/g-osaka-montedio-yamagata/WI3xq5Wg/;Hiroshima - Shonan;https://www.betexplorer.com/soccer/japan/j-league-2015/hiroshima-shonan/EsgsrPo0/;Kashima - Nagoya;https://www.betexplorer.com/soccer/japan/j-league-2015/kashima-nagoya/ETD8TPW6/;Kashiwa - Albirex Niigata;https://www.betexplorer.com/soccer/japan/j-league-2015/kashiwa-albirex-niigata/QHKgiTOD/;Kawasaki Frontale - Vegalta Sendai;https://www.betexplorer.com/soccer/japan/j-league-2015/kawasaki-frontale-vegalta-sendai/MqE2k7gQ/;Kofu - Shimizu;https://www.betexplorer.com/soccer/japan/j-league-2015/kofu-shimizu/IFaYqoHm/;Urawa - Kobe;https://www.betexplorer.com/soccer/japan/j-league-2015/urawa-kobe/CEWBSqnD/;Yokohama M. - Yamaga;https://www.betexplorer.com/soccer/japan/j-league-2015/yokohama-m-matsumoto-yamaga/Oh0UpR1s/
33. ROUND;Albirex Niigata - Shonan;https://www.betexplorer.com/soccer/japan/j-league-2015/albirex-niigata-shonan/v7qPylPQ/;G-Osaka - Hiroshima;https://www.betexplorer.com/soccer/japan/j-league-2015/g-osaka-hiroshima/OvLeWRnl/;Kashima - Yokohama M.;https://www.betexplorer.com/soccer/japan/j-league-2015/kashima-yokohama-m/hjsDvju8/;Kashiwa - FC Tokyo;https://www.betexplorer.com/soccer/japan/j-league-2015/kashiwa-fc-tokyo/Q3uLxU9K/;Kobe - Yamaga;https://www.betexplorer.com/soccer/japan/j-league-2015/kobe-matsumoto-yamaga/hEPaVo2f/;Montedio Yamagata - Shimizu;https://www.betexplorer.com/soccer/japan/j-league-2015/montedio-yamagata-shimizu/jVlvWcy8/;Nagoya - Kofu;https://www.betexplorer.com/soccer/japan/j-league-2015/nagoya-kofu/plMiX7Xs/;Sagan Tosu - Vegalta Sendai;https://www.betexplorer.com/soccer/japan/j-league-2015/tosu-vegalta-sendai/W4O3U5H0/;Urawa - Kawasaki Frontale;https://www.betexplorer.com/soccer/japan/j-league-2015/urawa-kawasaki-frontale/WttHwAfE/
32. ROUND;Vegalta Sendai - G-Osaka;https://www.betexplorer.com/soccer/japan/j-league-2015/vegalta-sendai-g-osaka/IHEvr4U2/;FC Tokyo - Urawa;https://www.betexplorer.com/soccer/japan/j-league-2015/fc-tokyo-urawa/UiIrsOq9/;Kawasaki Frontale - Yokohama M.;https://www.betexplorer.com/soccer/japan/j-league-2015/kawasaki-frontale-yokohama-m/CG7mtraF/;Kobe - Montedio Yamagata;https://www.betexplorer.com/soccer/japan/j-league-2015/kobe-montedio-yamagata/CvjzXwM1/;Kofu - Hiroshima;https://www.betexplorer.com/soccer/japan/j-league-2015/kofu-hiroshima/KtBevMTR/;Nagoya - Albirex Niigata;https://www.betexplorer.com/soccer/japan/j-league-2015/nagoya-albirex-niigata/IHjWXJ6e/;Shimizu - Kashiwa;https://www.betexplorer.com/soccer/japan/j-league-2015/shimizu-kashiwa/4EnSYaik/;Shonan - Kashima;https://www.betexplorer.com/soccer/japan/j-league-2015/shonan-kashima/j76iu2EL/;Yamaga - Sagan Tosu;https://www.betexplorer.com/soccer/japan/j-league-2015/matsumoto-yamaga-tosu/MkcNZuxq/
31. ROUND;Albirex Niigata - Yamaga;https://www.betexplorer.com/soccer/japan/j-league-2015/albirex-niigata-matsumoto-yamaga/CGoIQ2aS/;FC Tokyo - Shonan;https://www.betexplorer.com/soccer/japan/j-league-2015/fc-tokyo-shonan/Glh9SOUF/;G-Osaka - Urawa;https://www.betexplorer.com/soccer/japan/j-league-2015/g-osaka-urawa/8nXmLtNk/;Hiroshima - Kawasaki Frontale;https://www.betexplorer.com/soccer/japan/j-league-2015/hiroshima-kawasaki-frontale/QNRhK0xd/;Kashima - Kashiwa;https://www.betexplorer.com/soccer/japan/j-league-2015/kashima-kashiwa/xbg5T4F9/;Montedio Yamagata - Kofu;https://www.betexplorer.com/soccer/japan/j-league-2015/montedio-yamagata-kofu/rNv2Up03/;Sagan Tosu - Nagoya;https://www.betexplorer.com/soccer/japan/j-league-2015/tosu-nagoya/4EQdJKi2/;Shimizu - Vegalta Sendai;https://www.betexplorer.com/soccer/japan/j-league-2015/shimizu-vegalta-sendai/UeYqMM7q/;Yokohama M. - Kobe;https://www.betexplorer.com/soccer/japan/j-league-2015/yokohama-m-kobe/bDsERrpM/
30. ROUND;Kawasaki Frontale - G-Osaka;https://www.betexplorer.com/soccer/japan/j-league-2015/kawasaki-frontale-g-osaka/00tZQBgB/;Hiroshima - FC Tokyo;https://www.betexplorer.com/soccer/japan/j-league-2015/hiroshima-fc-tokyo/4WubVQpc/;Kashiwa - Nagoya;https://www.betexplorer.com/soccer/japan/j-league-2015/kashiwa-nagoya/M9sVRiv5/;Kobe - Kashima;https://www.betexplorer.com/soccer/japan/j-league-2015/kobe-kashima/2R1F6s8d/;Kofu - Albirex Niigata;https://www.betexplorer.com/soccer/japan/j-league-2015/kofu-albirex-niigata/f1b783wp/;Shonan - Montedio Yamagata;https://www.betexplorer.com/soccer/japan/j-league-2015/shonan-montedio-yamagata/IyyvQV8H/;Urawa - Sagan Tosu;https://www.betexplorer.com/soccer/japan/j-league-2015/urawa-tosu/SnrRSXOb/;Vegalta Sendai - Yokohama M.;https://www.betexplorer.com/soccer/japan/j-league-2015/vegalta-sendai-yokohama-m/GCvNTD9h/;Yamaga - Shimizu;https://www.betexplorer.com/soccer/japan/j-league-2015/matsumoto-yamaga-shimizu/lOcB7Nhj/
29. ROUND;Albirex Niigata - Kawasaki Frontale;https://www.betexplorer.com/soccer/japan/j-league-2015/albirex-niigata-kawasaki-frontale/M9LaCCvI/;FC Tokyo - Yamaga;https://www.betexplorer.com/soccer/japan/j-league-2015/fc-tokyo-matsumoto-yamaga/EqIiEY95/;G-Osaka - Kashiwa;https://www.betexplorer.com/soccer/japan/j-league-2015/g-osaka-kashiwa/fcjEVZvt/;Kashima - Urawa;https://www.betexplorer.com/soccer/japan/j-league-2015/kashima-urawa/zgJmFEfa/;Montedio Yamagata - Vegalta Sendai;https://www.betexplorer.com/soccer/japan/j-league-2015/montedio-yamagata-vegalta-sendai/fs2jGfug/;Nagoya - Kobe;https://www.betexplorer.com/soccer/japan/j-league-2015/nagoya-kobe/rP98Aj9U/;Sagan Tosu - Kofu;https://www.betexplorer.com/soccer/japan/j-league-2015/tosu-kofu/YmkIUgfn/;Shimizu - Hiroshima;https://www.betexplorer.com/soccer/japan/j-league-2015/shimizu-hiroshima/4YA4BWgO/;Shonan - Yokohama M.;https://www.betexplorer.com/soccer/japan/j-league-2015/shonan-yokohama-m/86HeDhPB/
26. ROUND;Yamaga - Montedio Yamagata;https://www.betexplorer.com/soccer/japan/j-league-2015/matsumoto-yamaga-montedio-yamagata/Gj3nHzQn/
28. ROUND;Kashiwa - Montedio Yamagata;https://www.betexplorer.com/soccer/japan/j-league-2015/kashiwa-montedio-yamagata/GxOD2yBg/;Yamaga - G-Osaka;https://www.betexplorer.com/soccer/japan/j-league-2015/matsumoto-yamaga-g-osaka/4CZTbgAI/;Hiroshima - Sagan Tosu;https://www.betexplorer.com/soccer/japan/j-league-2015/hiroshima-tosu/MT3rIGAt/;Kawasaki Frontale - Nagoya;https://www.betexplorer.com/soccer/japan/j-league-2015/kawasaki-frontale-nagoya/ENtH1eQa/;Kobe - Albirex Niigata;https://www.betexplorer.com/soccer/japan/j-league-2015/kobe-albirex-niigata/p8CGMd2P/;Kofu - Kashima;https://www.betexplorer.com/soccer/japan/j-league-2015/kofu-kashima/zwVPaZfC/;Shimizu - Urawa;https://www.betexplorer.com/soccer/japan/j-league-2015/shimizu-urawa/r3YXcDPO/;Vegalta Sendai - Shonan;https://www.betexplorer.com/soccer/japan/j-league-2015/vegalta-sendai-shonan/MFO93Hem/;Yokohama M. - FC Tokyo;https://www.betexplorer.com/soccer/japan/j-league-2015/yokohama-m-fc-tokyo/dnWL0Fu6/
27. ROUND;Albirex Niigata - Yokohama M.;https://www.betexplorer.com/soccer/japan/j-league-2015/albirex-niigata-yokohama-m/OvqZ9JIJ/;FC Tokyo - Kobe;https://www.betexplorer.com/soccer/japan/j-league-2015/fc-tokyo-kobe/E91rmdB6/;Kashima - G-Osaka;https://www.betexplorer.com/soccer/japan/j-league-2015/kashima-g-osaka/Sh3zkItf/;Kofu - Kawasaki Frontale;https://www.betexplorer.com/soccer/japan/j-league-2015/kofu-kawasaki-frontale/AyeioztJ/;Montedio Yamagata - Hiroshima;https://www.betexplorer.com/soccer/japan/j-league-2015/montedio-yamagata-hiroshima/l24WkbRm/;Nagoya - Vegalta Sendai;https://www.betexplorer.com/soccer/japan/j-league-2015/nagoya-vegalta-sendai/2Vsw9wYP/;Sagan Tosu - Shimizu;https://www.betexplorer.com/soccer/japan/j-league-2015/tosu-shimizu/rPP54cts/;Shonan - Yamaga;https://www.betexplorer.com/soccer/japan/j-league-2015/shonan-matsumoto-yamaga/dYjmnGQC/;Urawa - Kashiwa;https://www.betexplorer.com/soccer/japan/j-league-2015/urawa-kashiwa/zJ2vlxd0/
26. ROUND;G-Osaka - Shonan;https://www.betexplorer.com/soccer/japan/j-league-2015/g-osaka-shonan/zeOed0lK/;Kashiwa - Kofu;https://www.betexplorer.com/soccer/japan/j-league-2015/kashiwa-kofu/nZs1zJR0/;Hiroshima - Nagoya;https://www.betexplorer.com/soccer/japan/j-league-2015/hiroshima-nagoya/6wFRjvCs/;Kawasaki Frontale - Kashima;https://www.betexplorer.com/soccer/japan/j-league-2015/kawasaki-frontale-kashima/tds5Zxs7/;Kobe - Sagan Tosu;https://www.betexplorer.com/soccer/japan/j-league-2015/kobe-tosu/UHNaeK3Q/;Shimizu - FC Tokyo;https://www.betexplorer.com/soccer/japan/j-league-2015/shimizu-fc-tokyo/d4PictZD/;Vegalta Sendai - Albirex Niigata;https://www.betexplorer.com/soccer/japan/j-league-2015/vegalta-sendai-albirex-niigata/zavcyaCf/;Yokohama M. - Urawa;https://www.betexplorer.com/soccer/japan/j-league-2015/yokohama-m-urawa/Knt9YddD/
25. ROUND;Albirex Niigata - Hiroshima;https://www.betexplorer.com/soccer/japan/j-league-2015/albirex-niigata-hiroshima/8pOGeTc9/;G-Osaka - Shimizu;https://www.betexplorer.com/soccer/japan/j-league-2015/g-osaka-shimizu/EqjlwLsr/;Kashima - Montedio Yamagata;https://www.betexplorer.com/soccer/japan/j-league-2015/kashima-montedio-yamagata/h2BPzSLq/;Kofu - Kobe;https://www.betexplorer.com/soccer/japan/j-league-2015/kofu-kobe/QLYBd9r3/;Nagoya - FC Tokyo;https://www.betexplorer.com/soccer/japan/j-league-2015/nagoya-fc-tokyo/nyNKfmDF/;Sagan Tosu - Yokohama M.;https://www.betexplorer.com/soccer/japan/j-league-2015/tosu-yokohama-m/hzkhxucl/;Shonan - Kawasaki Frontale;https://www.betexplorer.com/soccer/japan/j-league-2015/shonan-kawasaki-frontale/CIU7ckTd/;Urawa - Vegalta Sendai;https://www.betexplorer.com/soccer/japan/j-league-2015/urawa-vegalta-sendai/KOsMZoyj/;Kashiwa - Yamaga;https://www.betexplorer.com/soccer/japan/j-league-2015/kashiwa-matsumoto-yamaga/bFtQY5jd/
24. ROUND;FC Tokyo - G-Osaka;https://www.betexplorer.com/soccer/japan/j-league-2015/fc-tokyo-g-osaka/hvTxpWbc/;Hiroshima - Kashiwa;https://www.betexplorer.com/soccer/japan/j-league-2015/hiroshima-kashiwa/jgPcu8DS/;Kashima - Vegalta Sendai;https://www.betexplorer.com/soccer/japan/j-league-2015/kashima-vegalta-sendai/CrjjMS6j/;Kobe - Kawasaki Frontale;https://www.betexplorer.com/soccer/japan/j-league-2015/kobe-kawasaki-frontale/dWPgtlbM/;Montedio Yamagata - Sagan Tosu;https://www.betexplorer.com/soccer/japan/j-league-2015/montedio-yamagata-tosu/08nnN8ip/;Shimizu - Albirex Niigata;https://www.betexplorer.com/soccer/japan/j-league-2015/shimizu-albirex-niigata/rTLksUrG/;Urawa - Shonan;https://www.betexplorer.com/soccer/japan/j-league-2015/urawa-shonan/EmUYpCqi/;Yamaga - Nagoya;https://www.betexplorer.com/soccer/japan/j-league-2015/matsumoto-yamaga-nagoya/04WprAT9/;Yokohama M. - Kofu;https://www.betexplorer.com/soccer/japan/j-league-2015/yokohama-m-kofu/MDXtqjE3/
23. ROUND;Albirex Niigata - Urawa;https://www.betexplorer.com/soccer/japan/j-league-2015/albirex-niigata-urawa/8A77UjaA/;Hiroshima - Kashima;https://www.betexplorer.com/soccer/japan/j-league-2015/hiroshima-kashima/rTaKRlqT/;Kashiwa - Kobe;https://www.betexplorer.com/soccer/japan/j-league-2015/kashiwa-kobe/ILEfXhFi/;Kawasaki Frontale - Montedio Yamagata;https://www.betexplorer.com/soccer/japan/j-league-2015/kawasaki-frontale-montedio-yamagata/0p4aWCUc/;Kofu - FC Tokyo;https://www.betexplorer.com/soccer/japan/j-league-2015/kofu-fc-tokyo/Em83VWq4/;Nagoya - Yokohama M.;https://www.betexplorer.com/soccer/japan/j-league-2015/nagoya-yokohama-m/4x1GSUTM/;Shimizu - Shonan;https://www.betexplorer.com/soccer/japan/j-league-2015/shimizu-shonan/n16BTAEG/;Vegalta Sendai - Yamaga;https://www.betexplorer.com/soccer/japan/j-league-2015/vegalta-sendai-matsumoto-yamaga/vVFjYYao/
22. ROUND;Albirex Niigata - G-Osaka;https://www.betexplorer.com/soccer/japan/j-league-2015/albirex-niigata-g-osaka/SjjxFBaN/;FC Tokyo - Vegalta Sendai;https://www.betexplorer.com/soccer/japan/j-league-2015/fc-tokyo-vegalta-sendai/ObgLIg0b/;Kobe - Hiroshima;https://www.betexplorer.com/soccer/japan/j-league-2015/kobe-hiroshima/AFusEVET/;Montedio Yamagata - Nagoya;https://www.betexplorer.com/soccer/japan/j-league-2015/montedio-yamagata-nagoya/joeDKFVo/;Sagan Tosu - Kashima;https://www.betexplorer.com/soccer/japan/j-league-2015/tosu-kashima/COR89kNp/;Shonan - Kashiwa;https://www.betexplorer.com/soccer/japan/j-league-2015/shonan-kashiwa/KQnUGXUA/;Urawa - Kofu;https://www.betexplorer.com/soccer/japan/j-league-2015/urawa-kofu/p8fHJZph/;Yamaga - Kawasaki Frontale;https://www.betexplorer.com/soccer/japan/j-league-2015/matsumoto-yamaga-kawasaki-frontale/EmnYFipH/;Yokohama M. - Shimizu;https://www.betexplorer.com/soccer/japan/j-league-2015/yokohama-m-shimizu/tzlQHDF4/
21. ROUND;Hiroshima - Yokohama M.;https://www.betexplorer.com/soccer/japan/j-league-2015/hiroshima-yokohama-m/W6DgOXMU/;Kashima - FC Tokyo;https://www.betexplorer.com/soccer/japan/j-league-2015/kashima-fc-tokyo/lOHYSe8a/;Kawasaki Frontale - Shimizu;https://www.betexplorer.com/soccer/japan/j-league-2015/kawasaki-frontale-shimizu/2RLxSFN5/;Kobe - G-Osaka;https://www.betexplorer.com/soccer/japan/j-league-2015/kobe-g-osaka/hGEkPD7O/;Kofu - Yamaga;https://www.betexplorer.com/soccer/japan/j-league-2015/kofu-matsumoto-yamaga/pjBsRZxC/;Montedio Yamagata - Albirex Niigata;https://www.betexplorer.com/soccer/japan/j-league-2015/montedio-yamagata-albirex-niigata/f1IUTygg/;Nagoya - Urawa;https://www.betexplorer.com/soccer/japan/j-league-2015/nagoya-urawa/OtAoQghI/;Sagan Tosu - Shonan;https://www.betexplorer.com/soccer/japan/j-league-2015/tosu-shonan/h0xALeGu/;Vegalta Sendai - Kashiwa;https://www.betexplorer.com/soccer/japan/j-league-2015/vegalta-sendai-kashiwa/GAJQUHwm/
23. ROUND;G-Osaka - Sagan Tosu;https://www.betexplorer.com/soccer/japan/j-league-2015/g-osaka-tosu/za2TVcOt/
20. ROUND;Albirex Niigata - Sagan Tosu;https://www.betexplorer.com/soccer/japan/j-league-2015/albirex-niigata-tosu/WSnEPM17/;FC Tokyo - Montedio Yamagata;https://www.betexplorer.com/soccer/japan/j-league-2015/fc-tokyo-montedio-yamagata/tvf1SOHl/;G-Osaka - Yokohama M.;https://www.betexplorer.com/soccer/japan/j-league-2015/g-osaka-yokohama-m/bZv0mQgE/;Kashiwa - Kawasaki Frontale;https://www.betexplorer.com/soccer/japan/j-league-2015/kashiwa-kawasaki-frontale/2mecT42r/;Shimizu - Nagoya;https://www.betexplorer.com/soccer/japan/j-league-2015/shimizu-nagoya/pWjIOtHD/;Shonan - Kofu;https://www.betexplorer.com/soccer/japan/j-league-2015/shonan-kofu/ADb5RrXf/;Urawa - Hiroshima;https://www.betexplorer.com/soccer/japan/j-league-2015/urawa-hiroshima/d6IUXpfR/;Vegalta Sendai - Kobe;https://www.betexplorer.com/soccer/japan/j-league-2015/vegalta-sendai-kobe/pWEQYQvL/;Yamaga - Kashima;https://www.betexplorer.com/soccer/japan/j-league-2015/matsumoto-yamaga-kashima/l4c9Q2n1/
19. ROUND;FC Tokyo - Albirex Niigata;https://www.betexplorer.com/soccer/japan/j-league-2015/fc-tokyo-albirex-niigata/6LuJFoYr/;Hiroshima - Yamaga;https://www.betexplorer.com/soccer/japan/j-league-2015/hiroshima-matsumoto-yamaga/CIGIzmA8/;Kashima - Shimizu;https://www.betexplorer.com/soccer/japan/j-league-2015/kashima-shimizu/4CgiKRPR/;Kobe - Shonan;https://www.betexplorer.com/soccer/japan/j-league-2015/kobe-shonan/z1XZB3X7/;Kofu - Vegalta Sendai;https://www.betexplorer.com/soccer/japan/j-league-2015/kofu-vegalta-sendai/2mZRDP2e/;Montedio Yamagata - Urawa;https://www.betexplorer.com/soccer/japan/j-league-2015/montedio-yamagata-urawa/AyulL7AL/;Nagoya - G-Osaka;https://www.betexplorer.com/soccer/japan/j-league-2015/nagoya-g-osaka/dAYVCqI1/;Sagan Tosu - Kawasaki Frontale;https://www.betexplorer.com/soccer/japan/j-league-2015/tosu-kawasaki-frontale/j9FMZ6PE/;Yokohama M. - Kashiwa;https://www.betexplorer.com/soccer/japan/j-league-2015/yokohama-m-kashiwa/lpVNE5mk/
18. ROUND;Albirex Niigata - Kashima;https://www.betexplorer.com/soccer/japan/j-league-2015/albirex-niigata-kashima/zJnyO9Q2/;G-Osaka - Kofu;https://www.betexplorer.com/soccer/japan/j-league-2015/g-osaka-kofu/WptpMmeF/;Kashiwa - Sagan Tosu;https://www.betexplorer.com/soccer/japan/j-league-2015/kashiwa-tosu/UHJE68eS/;Kawasaki Frontale - FC Tokyo;https://www.betexplorer.com/soccer/japan/j-league-2015/kawasaki-frontale-fc-tokyo/nc6t2S3q/;Shimizu - Kobe;https://www.betexplorer.com/soccer/japan/j-league-2015/shimizu-kobe/lMjuNTu9/;Shonan - Nagoya;https://www.betexplorer.com/soccer/japan/j-league-2015/shonan-nagoya/rPak06Ye/;Vegalta Sendai - Hiroshima;https://www.betexplorer.com/soccer/japan/j-league-2015/vegalta-sendai-hiroshima/IsGA7ltM/;Yamaga - Urawa;https://www.betexplorer.com/soccer/japan/j-league-2015/matsumoto-yamaga-urawa/MFbgaQm2/;Yokohama M. - Montedio Yamagata;https://www.betexplorer.com/soccer/japan/j-league-2015/yokohama-m-montedio-yamagata/Qm5p1nJk/
