42. ROUND;C-Osaka - Kumamoto;https://www.betexplorer.com/soccer/japan/j-league-division-2-2016/c-osaka-kumamoto/UkuLdwuF/;Ehime - Machida;https://www.betexplorer.com/soccer/japan/j-league-division-2-2016/ehime-machida-zelvia/p25HxImq/;Gifu - Verdy;https://www.betexplorer.com/soccer/japan/j-league-division-2-2016/gifu-verdy/tQrPecfL/;Kamatamare - Chiba;https://www.betexplorer.com/soccer/japan/j-league-division-2-2016/kamatamare-sanuki-chiba/zmrTfH9R/;Mito - Renofa Yamaguchi;https://www.betexplorer.com/soccer/japan/j-league-division-2-2016/mito-renofa-yamaguchi/b59Lyx3k/;Montedio Yamagata - Giravanz Kitakyushu;https://www.betexplorer.com/soccer/japan/j-league-division-2-2016/montedio-yamagata-giravanz-kitakyushu/8ziCbaA2/;Okayama - Kusatsu;https://www.betexplorer.com/soccer/japan/j-league-division-2-2016/okayama-thespakusatsu-gunma/SMIksbuS/;Sapporo - Kanazawa;https://www.betexplorer.com/soccer/japan/j-league-division-2-2016/sapporo-kanazawa/lWJorvQL/;Tokushima - Shimizu;https://www.betexplorer.com/soccer/japan/j-league-division-2-2016/tokushima-shimizu/nRkGcJP8/;V-Varen Nagasaki - Kyoto;https://www.betexplorer.com/soccer/japan/j-league-division-2-2016/v-varen-nagasaki-kyoto/KKcUZFX1/;Yamaga - Yokohama;https://www.betexplorer.com/soccer/japan/j-league-division-2-2016/matsumoto-yamaga-yokohama/tUbQzdIe/
41. ROUND;Chiba - Sapporo;https://www.betexplorer.com/soccer/japan/j-league-division-2-2016/chiba-sapporo/z74tott3/;Giravanz Kitakyushu - Mito;https://www.betexplorer.com/soccer/japan/j-league-division-2-2016/giravanz-kitakyushu-mito/CYIoPbJq/;Kumamoto - Gifu;https://www.betexplorer.com/soccer/japan/j-league-division-2-2016/kumamoto-gifu/APWJTvBS/;Kusatsu - Tokushima;https://www.betexplorer.com/soccer/japan/j-league-division-2-2016/thespakusatsu-gunma-tokushima/KbMgNxld/;Kyoto - Ehime;https://www.betexplorer.com/soccer/japan/j-league-division-2-2016/kyoto-ehime/UFOBV0tG/;Machida - Yamaga;https://www.betexplorer.com/soccer/japan/j-league-division-2-2016/machida-zelvia-matsumoto-yamaga/8K2lqKAF/;Renofa Yamaguchi - Montedio Yamagata;https://www.betexplorer.com/soccer/japan/j-league-division-2-2016/renofa-yamaguchi-montedio-yamagata/zgP7WtR9/;Shimizu - Okayama;https://www.betexplorer.com/soccer/japan/j-league-division-2-2016/shimizu-okayama/UT3pp0e9/;Verdy - C-Osaka;https://www.betexplorer.com/soccer/japan/j-league-division-2-2016/verdy-c-osaka/t8NkOIYk/;V-Varen Nagasaki - Kamatamare;https://www.betexplorer.com/soccer/japan/j-league-division-2-2016/v-varen-nagasaki-kamatamare-sanuki/S0sFUKeM/;Yokohama - Kanazawa;https://www.betexplorer.com/soccer/japan/j-league-division-2-2016/yokohama-kanazawa/M30xnMQd/
40. ROUND;C-Osaka - Ehime;https://www.betexplorer.com/soccer/japan/j-league-division-2-2016/c-osaka-ehime/6FSWUTk5/;Gifu - Yokohama;https://www.betexplorer.com/soccer/japan/j-league-division-2-2016/gifu-yokohama/YTv9Bukp/;Giravanz Kitakyushu - Machida;https://www.betexplorer.com/soccer/japan/j-league-division-2-2016/giravanz-kitakyushu-machida-zelvia/WdzKXV5n/;Kamatamare - Shimizu;https://www.betexplorer.com/soccer/japan/j-league-division-2-2016/kamatamare-sanuki-shimizu/vRVbY2dc/;Kanazawa - Chiba;https://www.betexplorer.com/soccer/japan/j-league-division-2-2016/kanazawa-chiba/p0vOWkLh/;Kumamoto - Kyoto;https://www.betexplorer.com/soccer/japan/j-league-division-2-2016/kumamoto-kyoto/d2Q3XMB3/;Kusatsu - Renofa Yamaguchi;https://www.betexplorer.com/soccer/japan/j-league-division-2-2016/thespakusatsu-gunma-renofa-yamaguchi/SOTSV9za/;Montedio Yamagata - V-Varen Nagasaki;https://www.betexplorer.com/soccer/japan/j-league-division-2-2016/montedio-yamagata-v-varen-nagasaki/0zXfZrsi/;Okayama - Mito;https://www.betexplorer.com/soccer/japan/j-league-division-2-2016/okayama-mito/hWQvT7KH/;Tokushima - Sapporo;https://www.betexplorer.com/soccer/japan/j-league-division-2-2016/tokushima-sapporo/nXrDAa4j/;Yamaga - Verdy;https://www.betexplorer.com/soccer/japan/j-league-division-2-2016/matsumoto-yamaga-verdy/EuSzUm5B/
39. ROUND;Chiba - C-Osaka;https://www.betexplorer.com/soccer/japan/j-league-division-2-2016/chiba-c-osaka/OSKaWL9C/;Ehime - Kanazawa;https://www.betexplorer.com/soccer/japan/j-league-division-2-2016/ehime-kanazawa/xzyGYBjt/;Gifu - Kusatsu;https://www.betexplorer.com/soccer/japan/j-league-division-2-2016/gifu-thespakusatsu-gunma/jwTnZNPg/;Machida - Okayama;https://www.betexplorer.com/soccer/japan/j-league-division-2-2016/machida-zelvia-okayama/zRllwhrP/;Mito - Tokushima;https://www.betexplorer.com/soccer/japan/j-league-division-2-2016/mito-tokushima/M3Orz4Am/;Sapporo - Kamatamare;https://www.betexplorer.com/soccer/japan/j-league-division-2-2016/sapporo-kamatamare-sanuki/xWnCuQnQ/;Shimizu - Kyoto;https://www.betexplorer.com/soccer/japan/j-league-division-2-2016/shimizu-kyoto/dtJ7UavP/;Verdy - Renofa Yamaguchi;https://www.betexplorer.com/soccer/japan/j-league-division-2-2016/verdy-renofa-yamaguchi/UTRjYsu0/;V-Varen Nagasaki - Giravanz Kitakyushu;https://www.betexplorer.com/soccer/japan/j-league-division-2-2016/v-varen-nagasaki-giravanz-kitakyushu/ChHeX1f6/;Yamaga - Kumamoto;https://www.betexplorer.com/soccer/japan/j-league-division-2-2016/matsumoto-yamaga-kumamoto/rDPvypes/;Yokohama - Montedio Yamagata;https://www.betexplorer.com/soccer/japan/j-league-division-2-2016/yokohama-montedio-yamagata/IkK3VuPI/
38. ROUND;Chiba - V-Varen Nagasaki;https://www.betexplorer.com/soccer/japan/j-league-division-2-2016/chiba-v-varen-nagasaki/YNosS6IQ/;C-Osaka - Mito;https://www.betexplorer.com/soccer/japan/j-league-division-2-2016/c-osaka-mito/IeNDMptl/;Giravanz Kitakyushu - Gifu;https://www.betexplorer.com/soccer/japan/j-league-division-2-2016/giravanz-kitakyushu-gifu/QLQLKOA0/;Kanazawa - Tokushima;https://www.betexplorer.com/soccer/japan/j-league-division-2-2016/kanazawa-tokushima/zXX8NQQs/;Kumamoto - Sapporo;https://www.betexplorer.com/soccer/japan/j-league-division-2-2016/kumamoto-sapporo/4lswTn3K/;Kyoto - Okayama;https://www.betexplorer.com/soccer/japan/j-league-division-2-2016/kyoto-okayama/WYeMI2uD/;Machida - Kamatamare;https://www.betexplorer.com/soccer/japan/j-league-division-2-2016/machida-zelvia-kamatamare-sanuki/WbRHL4ef/;Montedio Yamagata - Yamaga;https://www.betexplorer.com/soccer/japan/j-league-division-2-2016/montedio-yamagata-matsumoto-yamaga/4CPPJrQ6/;Renofa Yamaguchi - Yokohama;https://www.betexplorer.com/soccer/japan/j-league-division-2-2016/renofa-yamaguchi-yokohama/OSr8t6XJ/;Verdy - Ehime;https://www.betexplorer.com/soccer/japan/j-league-division-2-2016/verdy-ehime/QcrZTSmE/;Kusatsu - Shimizu;https://www.betexplorer.com/soccer/japan/j-league-division-2-2016/thespakusatsu-gunma-shimizu/APfQHMfJ/
37. ROUND;C-Osaka - Montedio Yamagata;https://www.betexplorer.com/soccer/japan/j-league-division-2-2016/c-osaka-montedio-yamagata/MT7Z8RBl/;Kamatamare - Kumamoto;https://www.betexplorer.com/soccer/japan/j-league-division-2-2016/kamatamare-sanuki-kumamoto/CI0n6Pe7/;Mito - Kyoto;https://www.betexplorer.com/soccer/japan/j-league-division-2-2016/mito-kyoto/rw9V97dr/;Okayama - Kanazawa;https://www.betexplorer.com/soccer/japan/j-league-division-2-2016/okayama-kanazawa/CfIaFTYK/;Shimizu - Giravanz Kitakyushu;https://www.betexplorer.com/soccer/japan/j-league-division-2-2016/shimizu-giravanz-kitakyushu/QcM3EmlR/;Tokushima - Chiba;https://www.betexplorer.com/soccer/japan/j-league-division-2-2016/tokushima-chiba/Oh4j5qBD/;V-Varen Nagasaki - Renofa Yamaguchi;https://www.betexplorer.com/soccer/japan/j-league-division-2-2016/v-varen-nagasaki-renofa-yamaguchi/v52v8oRf/;Yamaga - Ehime;https://www.betexplorer.com/soccer/japan/j-league-division-2-2016/matsumoto-yamaga-ehime/Ie1r75t1/;Yokohama - Kusatsu;https://www.betexplorer.com/soccer/japan/j-league-division-2-2016/yokohama-thespakusatsu-gunma/UVSfG9JE/;Gifu - Machida;https://www.betexplorer.com/soccer/japan/j-league-division-2-2016/gifu-machida-zelvia/OYu9h6R7/;Sapporo - Verdy;https://www.betexplorer.com/soccer/japan/j-league-division-2-2016/sapporo-verdy/juUjHk48/
36. ROUND;Chiba - Yamaga;https://www.betexplorer.com/soccer/japan/j-league-division-2-2016/chiba-matsumoto-yamaga/prs5gnC1/;Ehime - Sapporo;https://www.betexplorer.com/soccer/japan/j-league-division-2-2016/ehime-sapporo/UgF8Hbbi/;Giravanz Kitakyushu - Kamatamare;https://www.betexplorer.com/soccer/japan/j-league-division-2-2016/giravanz-kitakyushu-kamatamare-sanuki/lGmde8sk/;Kanazawa - Shimizu;https://www.betexplorer.com/soccer/japan/j-league-division-2-2016/kanazawa-shimizu/ITQODGcG/;Kusatsu - V-Varen Nagasaki;https://www.betexplorer.com/soccer/japan/j-league-division-2-2016/thespakusatsu-gunma-v-varen-nagasaki/SlyQhFLj/;Kyoto - Gifu;https://www.betexplorer.com/soccer/japan/j-league-division-2-2016/kyoto-gifu/SvYBGIDc/;Machida - Kumamoto;https://www.betexplorer.com/soccer/japan/j-league-division-2-2016/machida-zelvia-kumamoto/0hWJEdrA/;Mito - Yokohama;https://www.betexplorer.com/soccer/japan/j-league-division-2-2016/mito-yokohama/lbxMge6p/;Montedio Yamagata - Verdy;https://www.betexplorer.com/soccer/japan/j-league-division-2-2016/montedio-yamagata-verdy/M1XFFxT3/;Okayama - C-Osaka;https://www.betexplorer.com/soccer/japan/j-league-division-2-2016/okayama-c-osaka/fglhdlSr/;Renofa Yamaguchi - Tokushima;https://www.betexplorer.com/soccer/japan/j-league-division-2-2016/renofa-yamaguchi-tokushima/2Ji0fSde/
35. ROUND;Chiba - Kyoto;https://www.betexplorer.com/soccer/japan/j-league-division-2-2016/chiba-kyoto/d6pfbybT/;C-Osaka - Gifu;https://www.betexplorer.com/soccer/japan/j-league-division-2-2016/c-osaka-gifu/IFojaHrN/;Kanazawa - Renofa Yamaguchi;https://www.betexplorer.com/soccer/japan/j-league-division-2-2016/kanazawa-renofa-yamaguchi/dp9JobEN/;Kumamoto - Kusatsu;https://www.betexplorer.com/soccer/japan/j-league-division-2-2016/kumamoto-thespakusatsu-gunma/8Oxx4uUi/;Montedio Yamagata - Ehime;https://www.betexplorer.com/soccer/japan/j-league-division-2-2016/montedio-yamagata-ehime/Mmhs1wEA/;Sapporo - Mito;https://www.betexplorer.com/soccer/japan/j-league-division-2-2016/sapporo-mito/v9bOpITT/;Shimizu - Machida;https://www.betexplorer.com/soccer/japan/j-league-division-2-2016/shimizu-machida-zelvia/GUkjtxxo/;Tokushima - Kamatamare;https://www.betexplorer.com/soccer/japan/j-league-division-2-2016/tokushima-kamatamare-sanuki/UXwY4LEo/;Verdy - Giravanz Kitakyushu;https://www.betexplorer.com/soccer/japan/j-league-division-2-2016/verdy-giravanz-kitakyushu/SQhw2Jb4/;Yamaga - Okayama;https://www.betexplorer.com/soccer/japan/j-league-division-2-2016/matsumoto-yamaga-okayama/lzfZ2aqb/;Yokohama - V-Varen Nagasaki;https://www.betexplorer.com/soccer/japan/j-league-division-2-2016/yokohama-v-varen-nagasaki/zido0cTG/
34. ROUND;C-Osaka - Shimizu;https://www.betexplorer.com/soccer/japan/j-league-division-2-2016/c-osaka-shimizu/4jptYvpO/;Ehime - Yokohama;https://www.betexplorer.com/soccer/japan/j-league-division-2-2016/ehime-yokohama/lK5BmKqB/;Gifu - Okayama;https://www.betexplorer.com/soccer/japan/j-league-division-2-2016/gifu-okayama/rsqpXbaU/;Giravanz Kitakyushu - Sapporo;https://www.betexplorer.com/soccer/japan/j-league-division-2-2016/giravanz-kitakyushu-sapporo/GUDbjMah/;Kamatamare - Yamaga;https://www.betexplorer.com/soccer/japan/j-league-division-2-2016/kamatamare-sanuki-matsumoto-yamaga/dQtYZ0FB/;Kusatsu - Chiba;https://www.betexplorer.com/soccer/japan/j-league-division-2-2016/thespakusatsu-gunma-chiba/rHFjhrVu/;Kyoto - Kanazawa;https://www.betexplorer.com/soccer/japan/j-league-division-2-2016/kyoto-kanazawa/ATpxZKUH/;Machida - Verdy;https://www.betexplorer.com/soccer/japan/j-league-division-2-2016/machida-zelvia-verdy/M7Efi2pn/;Mito - Montedio Yamagata;https://www.betexplorer.com/soccer/japan/j-league-division-2-2016/mito-montedio-yamagata/IgAFnvaH/;Renofa Yamaguchi - Kumamoto;https://www.betexplorer.com/soccer/japan/j-league-division-2-2016/renofa-yamaguchi-kumamoto/S4H2ktFb/;V-Varen Nagasaki - Tokushima;https://www.betexplorer.com/soccer/japan/j-league-division-2-2016/v-varen-nagasaki-tokushima/AT67l0U4/
33. ROUND;Sapporo - Machida;https://www.betexplorer.com/soccer/japan/j-league-division-2-2016/sapporo-machida-zelvia/E1iTzs05/;Ehime - Mito;https://www.betexplorer.com/soccer/japan/j-league-division-2-2016/ehime-mito/j5BaL10I/;Kamatamare - Yokohama;https://www.betexplorer.com/soccer/japan/j-league-division-2-2016/kamatamare-sanuki-yokohama/KKkDvP0t/;Kanazawa - Kusatsu;https://www.betexplorer.com/soccer/japan/j-league-division-2-2016/kanazawa-thespakusatsu-gunma/raboq5hP/;Kumamoto - Montedio Yamagata;https://www.betexplorer.com/soccer/japan/j-league-division-2-2016/kumamoto-montedio-yamagata/UeA3KLFO/;Kyoto - Giravanz Kitakyushu;https://www.betexplorer.com/soccer/japan/j-league-division-2-2016/kyoto-giravanz-kitakyushu/tzvMx3Vh/;Okayama - V-Varen Nagasaki;https://www.betexplorer.com/soccer/japan/j-league-division-2-2016/okayama-v-varen-nagasaki/YTGfMsoC/;Renofa Yamaguchi - Gifu;https://www.betexplorer.com/soccer/japan/j-league-division-2-2016/renofa-yamaguchi-gifu/2quIwqGn/;Tokushima - C-Osaka;https://www.betexplorer.com/soccer/japan/j-league-division-2-2016/tokushima-c-osaka/fwIjNNV5/;Verdy - Chiba;https://www.betexplorer.com/soccer/japan/j-league-division-2-2016/verdy-chiba/0GInO3Ga/;Yamaga - Shimizu;https://www.betexplorer.com/soccer/japan/j-league-division-2-2016/matsumoto-yamaga-shimizu/zBhPyNpa/
32. ROUND;Chiba - Renofa Yamaguchi;https://www.betexplorer.com/soccer/japan/j-league-division-2-2016/chiba-renofa-yamaguchi/joFrTh2R/;Gifu - Ehime;https://www.betexplorer.com/soccer/japan/j-league-division-2-2016/gifu-ehime/KMKJKU97/;Giravanz Kitakyushu - C-Osaka;https://www.betexplorer.com/soccer/japan/j-league-division-2-2016/giravanz-kitakyushu-c-osaka/6JGFLAf1/;Kanazawa - Machida;https://www.betexplorer.com/soccer/japan/j-league-division-2-2016/kanazawa-machida-zelvia/ltFrPq1g/;Kumamoto - Okayama;https://www.betexplorer.com/soccer/japan/j-league-division-2-2016/kumamoto-okayama/MRb2qEn8/;Kusatsu - Yamaga;https://www.betexplorer.com/soccer/japan/j-league-division-2-2016/thespakusatsu-gunma-matsumoto-yamaga/6HPwQPom/;Montedio Yamagata - Tokushima;https://www.betexplorer.com/soccer/japan/j-league-division-2-2016/montedio-yamagata-tokushima/Y5I7NWPl/;Shimizu - Mito;https://www.betexplorer.com/soccer/japan/j-league-division-2-2016/shimizu-mito/hf1AOCAr/;Verdy - Kamatamare;https://www.betexplorer.com/soccer/japan/j-league-division-2-2016/verdy-kamatamare-sanuki/0Ic6rY1E/;V-Varen Nagasaki - Sapporo;https://www.betexplorer.com/soccer/japan/j-league-division-2-2016/v-varen-nagasaki-sapporo/SQQZQ5Wt/;Yokohama - Kyoto;https://www.betexplorer.com/soccer/japan/j-league-division-2-2016/yokohama-kyoto/CdHBMjue/
31. ROUND;C-Osaka - V-Varen Nagasaki;https://www.betexplorer.com/soccer/japan/j-league-division-2-2016/c-osaka-v-varen-nagasaki/EkNXAgtq/;Ehime - Kumamoto;https://www.betexplorer.com/soccer/japan/j-league-division-2-2016/ehime-kumamoto/YkUq8iQ1/;Gifu - Chiba;https://www.betexplorer.com/soccer/japan/j-league-division-2-2016/gifu-chiba/dAz6FZXR/;Giravanz Kitakyushu - Tokushima;https://www.betexplorer.com/soccer/japan/j-league-division-2-2016/giravanz-kitakyushu-tokushima/IJy2GFIL/;Kamatamare - Kanazawa;https://www.betexplorer.com/soccer/japan/j-league-division-2-2016/kamatamare-sanuki-kanazawa/dOFvUYnL/;Machida - Yokohama;https://www.betexplorer.com/soccer/japan/j-league-division-2-2016/machida-zelvia-yokohama/rLBzVEXE/;Mito - Verdy;https://www.betexplorer.com/soccer/japan/j-league-division-2-2016/mito-verdy/faVu9XAe/;Okayama - Renofa Yamaguchi;https://www.betexplorer.com/soccer/japan/j-league-division-2-2016/okayama-renofa-yamaguchi/CztyADek/;Sapporo - Kusatsu;https://www.betexplorer.com/soccer/japan/j-league-division-2-2016/sapporo-thespakusatsu-gunma/M5NRWz32/;Shimizu - Montedio Yamagata;https://www.betexplorer.com/soccer/japan/j-league-division-2-2016/shimizu-montedio-yamagata/0dMVVfI8/;Yamaga - Kyoto;https://www.betexplorer.com/soccer/japan/j-league-division-2-2016/matsumoto-yamaga-kyoto/0rscHe3F/
9. ROUND;Kumamoto - Yokohama;https://www.betexplorer.com/soccer/japan/j-league-division-2-2016/kumamoto-yokohama/b113mjd3/
8. ROUND;V-Varen Nagasaki - Mito;https://www.betexplorer.com/soccer/japan/j-league-division-2-2016/v-varen-nagasaki-mito/67xQZWR3/
11. ROUND;Kumamoto - Ehime;https://www.betexplorer.com/soccer/japan/j-league-division-2-2016/kumamoto-ehime/GhIQ8cOt/
12. ROUND;Sapporo - Kumamoto;https://www.betexplorer.com/soccer/japan/j-league-division-2-2016/sapporo-kumamoto/KAfJeg0b/
30. ROUND;Chiba - Okayama;https://www.betexplorer.com/soccer/japan/j-league-division-2-2016/chiba-okayama/OxGdDRpp/;Kanazawa - C-Osaka;https://www.betexplorer.com/soccer/japan/j-league-division-2-2016/kanazawa-c-osaka/WvyIK9hA/;Kumamoto - Giravanz Kitakyushu;https://www.betexplorer.com/soccer/japan/j-league-division-2-2016/kumamoto-giravanz-kitakyushu/MirgIyl9/;Kyoto - Sapporo;https://www.betexplorer.com/soccer/japan/j-league-division-2-2016/kyoto-sapporo/AgE4B5Fd/;Machida - Kusatsu;https://www.betexplorer.com/soccer/japan/j-league-division-2-2016/machida-zelvia-thespakusatsu-gunma/SUrkJHY2/;Mito - Kamatamare;https://www.betexplorer.com/soccer/japan/j-league-division-2-2016/mito-kamatamare-sanuki/MTTUH7xT/;Montedio Yamagata - Gifu;https://www.betexplorer.com/soccer/japan/j-league-division-2-2016/montedio-yamagata-gifu/hlxELkw4/;Renofa Yamaguchi - Yamaga;https://www.betexplorer.com/soccer/japan/j-league-division-2-2016/renofa-yamaguchi-matsumoto-yamaga/ERvoKcJd/;Tokushima - Verdy;https://www.betexplorer.com/soccer/japan/j-league-division-2-2016/tokushima-verdy/Q1zMJT7G/;V-Varen Nagasaki - Ehime;https://www.betexplorer.com/soccer/japan/j-league-division-2-2016/v-varen-nagasaki-ehime/W2F0Co0j/;Yokohama - Shimizu;https://www.betexplorer.com/soccer/japan/j-league-division-2-2016/yokohama-shimizu/v5vQImNM/
29. ROUND;Kusatsu - Mito;https://www.betexplorer.com/soccer/japan/j-league-division-2-2016/thespakusatsu-gunma-mito/voCv7jOA/;C-Osaka - Yamaga;https://www.betexplorer.com/soccer/japan/j-league-division-2-2016/c-osaka-matsumoto-yamaga/zDs9MVNc/;Gifu - Tokushima;https://www.betexplorer.com/soccer/japan/j-league-division-2-2016/gifu-tokushima/nBFn5UhN/;Giravanz Kitakyushu - Ehime;https://www.betexplorer.com/soccer/japan/j-league-division-2-2016/giravanz-kitakyushu-ehime/dMMZ7W84/;Kumamoto - Chiba;https://www.betexplorer.com/soccer/japan/j-league-division-2-2016/kumamoto-chiba/WriJa8Gp/;Kyoto - Machida;https://www.betexplorer.com/soccer/japan/j-league-division-2-2016/kyoto-machida-zelvia/dMr5NB8i/;Okayama - Kamatamare;https://www.betexplorer.com/soccer/japan/j-league-division-2-2016/okayama-kamatamare-sanuki/rJfNbSVj/;Sapporo - Montedio Yamagata;https://www.betexplorer.com/soccer/japan/j-league-division-2-2016/sapporo-montedio-yamagata/ldJR9hvh/;Shimizu - Renofa Yamaguchi;https://www.betexplorer.com/soccer/japan/j-league-division-2-2016/shimizu-renofa-yamaguchi/rJIV8Cgb/;Verdy - Yokohama;https://www.betexplorer.com/soccer/japan/j-league-division-2-2016/verdy-yokohama/Q1Ej4l8T/;V-Varen Nagasaki - Kanazawa;https://www.betexplorer.com/soccer/japan/j-league-division-2-2016/v-varen-nagasaki-kanazawa/IyBr6AwH/
28. ROUND;Ehime - Okayama;https://www.betexplorer.com/soccer/japan/j-league-division-2-2016/ehime-okayama/nwxK3HHI/;Giravanz Kitakyushu - Chiba;https://www.betexplorer.com/soccer/japan/j-league-division-2-2016/giravanz-kitakyushu-chiba/dlq76JXa/;Kamatamare - Kusatsu;https://www.betexplorer.com/soccer/japan/j-league-division-2-2016/kamatamare-sanuki-thespakusatsu-gunma/lOua8u3m/;Mito - Kumamoto;https://www.betexplorer.com/soccer/japan/j-league-division-2-2016/mito-kumamoto/vDYB5wm6/;Montedio Yamagata - Kyoto;https://www.betexplorer.com/soccer/japan/j-league-division-2-2016/montedio-yamagata-kyoto/Icp37aIg/;Renofa Yamaguchi - C-Osaka;https://www.betexplorer.com/soccer/japan/j-league-division-2-2016/renofa-yamaguchi-c-osaka/O2amnkno/;Shimizu - V-Varen Nagasaki;https://www.betexplorer.com/soccer/japan/j-league-division-2-2016/shimizu-v-varen-nagasaki/hG0OEsQJ/;Tokushima - Machida;https://www.betexplorer.com/soccer/japan/j-league-division-2-2016/tokushima-machida-zelvia/A5KNAYOo/;Verdy - Kanazawa;https://www.betexplorer.com/soccer/japan/j-league-division-2-2016/verdy-kanazawa/AXte9Lms/;Yamaga - Gifu;https://www.betexplorer.com/soccer/japan/j-league-division-2-2016/matsumoto-yamaga-gifu/4j4SD1uQ/;Yokohama - Sapporo;https://www.betexplorer.com/soccer/japan/j-league-division-2-2016/yokohama-sapporo/hGxG4c2C/
27. ROUND;Chiba - Ehime;https://www.betexplorer.com/soccer/japan/j-league-division-2-2016/chiba-ehime/4Wuo1OeK/;C-Osaka - Yokohama;https://www.betexplorer.com/soccer/japan/j-league-division-2-2016/c-osaka-yokohama/vDCtjbmJ/;Gifu - Kamatamare;https://www.betexplorer.com/soccer/japan/j-league-division-2-2016/gifu-kamatamare-sanuki/E5RGe2Js/;Kanazawa - Giravanz Kitakyushu;https://www.betexplorer.com/soccer/japan/j-league-division-2-2016/kanazawa-giravanz-kitakyushu/Quss24tE/;Kumamoto - V-Varen Nagasaki;https://www.betexplorer.com/soccer/japan/j-league-division-2-2016/kumamoto-v-varen-nagasaki/4fKTh030/;Kusatsu - Montedio Yamagata;https://www.betexplorer.com/soccer/japan/j-league-division-2-2016/thespakusatsu-gunma-montedio-yamagata/roJXiKI6/;Kyoto - Verdy;https://www.betexplorer.com/soccer/japan/j-league-division-2-2016/kyoto-verdy/0MDxivYC/;Machida - Renofa Yamaguchi;https://www.betexplorer.com/soccer/japan/j-league-division-2-2016/machida-zelvia-renofa-yamaguchi/AXKPgtlf/;Okayama - Tokushima;https://www.betexplorer.com/soccer/japan/j-league-division-2-2016/okayama-tokushima/dUGLfMYm/;Sapporo - Shimizu;https://www.betexplorer.com/soccer/japan/j-league-division-2-2016/sapporo-shimizu/Oz3bwL3D/;Yamaga - Mito;https://www.betexplorer.com/soccer/japan/j-league-division-2-2016/matsumoto-yamaga-mito/Cduk0rBQ/
26. ROUND;Ehime - Kusatsu;https://www.betexplorer.com/soccer/japan/j-league-division-2-2016/ehime-thespakusatsu-gunma/AXbfv1l7/;Giravanz Kitakyushu - Okayama;https://www.betexplorer.com/soccer/japan/j-league-division-2-2016/giravanz-kitakyushu-okayama/x6LDRN41/;Kamatamare - Montedio Yamagata;https://www.betexplorer.com/soccer/japan/j-league-division-2-2016/kamatamare-sanuki-montedio-yamagata/th7wrqkr/;Kyoto - C-Osaka;https://www.betexplorer.com/soccer/japan/j-league-division-2-2016/kyoto-c-osaka/QR18m5RK/;Mito - Kanazawa;https://www.betexplorer.com/soccer/japan/j-league-division-2-2016/mito-kanazawa/xK0ntNJf/;Renofa Yamaguchi - Sapporo;https://www.betexplorer.com/soccer/japan/j-league-division-2-2016/renofa-yamaguchi-sapporo/GAajusZ0/;Shimizu - Gifu;https://www.betexplorer.com/soccer/japan/j-league-division-2-2016/shimizu-gifu/r3C3loCE/;Tokushima - Yamaga;https://www.betexplorer.com/soccer/japan/j-league-division-2-2016/tokushima-matsumoto-yamaga/Kr6ss34l/;Verdy - Kumamoto;https://www.betexplorer.com/soccer/japan/j-league-division-2-2016/verdy-kumamoto/4CDakRd8/;V-Varen Nagasaki - Machida;https://www.betexplorer.com/soccer/japan/j-league-division-2-2016/v-varen-nagasaki-machida-zelvia/GdKHQsK7/;Yokohama - Chiba;https://www.betexplorer.com/soccer/japan/j-league-division-2-2016/yokohama-chiba/OCKBnPtR/
25. ROUND;Sapporo - Gifu;https://www.betexplorer.com/soccer/japan/j-league-division-2-2016/sapporo-gifu/fsW8S3ke/;Chiba - Shimizu;https://www.betexplorer.com/soccer/japan/j-league-division-2-2016/chiba-shimizu/WrRTy8S8/;Kamatamare - C-Osaka;https://www.betexplorer.com/soccer/japan/j-league-division-2-2016/kamatamare-sanuki-c-osaka/8AuZFQ5k/;Kanazawa - Kumamoto;https://www.betexplorer.com/soccer/japan/j-league-division-2-2016/kanazawa-kumamoto/GzqsE4z2/;Machida - Mito;https://www.betexplorer.com/soccer/japan/j-league-division-2-2016/machida-zelvia-mito/tvS4Tqzk/;Montedio Yamagata - Okayama;https://www.betexplorer.com/soccer/japan/j-league-division-2-2016/montedio-yamagata-okayama/Q5QXzSsF/;Renofa Yamaguchi - Kyoto;https://www.betexplorer.com/soccer/japan/j-league-division-2-2016/renofa-yamaguchi-kyoto/nHS0UPKr/;Tokushima - Ehime;https://www.betexplorer.com/soccer/japan/j-league-division-2-2016/tokushima-ehime/xppwFpLe/;Verdy - Kusatsu;https://www.betexplorer.com/soccer/japan/j-league-division-2-2016/verdy-thespakusatsu-gunma/p8tZY5CR/;Yamaga - V-Varen Nagasaki;https://www.betexplorer.com/soccer/japan/j-league-division-2-2016/matsumoto-yamaga-v-varen-nagasaki/IuNPxlD2/;Yokohama - Giravanz Kitakyushu;https://www.betexplorer.com/soccer/japan/j-league-division-2-2016/yokohama-giravanz-kitakyushu/4dPyzncL/
24. ROUND;C-Osaka - Machida;https://www.betexplorer.com/soccer/japan/j-league-division-2-2016/c-osaka-machida-zelvia/rPPhzei4/;Ehime - Renofa Yamaguchi;https://www.betexplorer.com/soccer/japan/j-league-division-2-2016/ehime-renofa-yamaguchi/f3qbEDUp/;Gifu - Kanazawa;https://www.betexplorer.com/soccer/japan/j-league-division-2-2016/gifu-kanazawa/lMS0YYLG/;Kumamoto - Tokushima;https://www.betexplorer.com/soccer/japan/j-league-division-2-2016/kumamoto-tokushima/zJ2RJZ6N/;Kusatsu - Giravanz Kitakyushu;https://www.betexplorer.com/soccer/japan/j-league-division-2-2016/thespakusatsu-gunma-giravanz-kitakyushu/xnPdZE6A/;Kyoto - Kamatamare;https://www.betexplorer.com/soccer/japan/j-league-division-2-2016/kyoto-kamatamare-sanuki/UJtVG6jq/;Mito - V-Varen Nagasaki;https://www.betexplorer.com/soccer/japan/j-league-division-2-2016/mito-v-varen-nagasaki/IshWIgMT/;Montedio Yamagata - Chiba;https://www.betexplorer.com/soccer/japan/j-league-division-2-2016/montedio-yamagata-chiba/ncWqxHMi/;Okayama - Yokohama;https://www.betexplorer.com/soccer/japan/j-league-division-2-2016/okayama-yokohama/86Xuwc7o/;Sapporo - Yamaga;https://www.betexplorer.com/soccer/japan/j-league-division-2-2016/sapporo-matsumoto-yamaga/dS3NKFiH/;Shimizu - Verdy;https://www.betexplorer.com/soccer/japan/j-league-division-2-2016/shimizu-verdy/4YQlyyxb/
23. ROUND;Ehime - Shimizu;https://www.betexplorer.com/soccer/japan/j-league-division-2-2016/ehime-shimizu/2ikKLexB/;Giravanz Kitakyushu - Yamaga;https://www.betexplorer.com/soccer/japan/j-league-division-2-2016/giravanz-kitakyushu-matsumoto-yamaga/SYzx9Ih5/;Kamatamare - Renofa Yamaguchi;https://www.betexplorer.com/soccer/japan/j-league-division-2-2016/kamatamare-sanuki-renofa-yamaguchi/fLbaQJNu/;Kanazawa - Montedio Yamagata;https://www.betexplorer.com/soccer/japan/j-league-division-2-2016/kanazawa-montedio-yamagata/O0jGMyN4/;Kusatsu - C-Osaka;https://www.betexplorer.com/soccer/japan/j-league-division-2-2016/thespakusatsu-gunma-c-osaka/YBc3Pwwn/;Machida - Chiba;https://www.betexplorer.com/soccer/japan/j-league-division-2-2016/machida-zelvia-chiba/SYd7Ochh/;Mito - Gifu;https://www.betexplorer.com/soccer/japan/j-league-division-2-2016/mito-gifu/MXTp7dNH/;Okayama - Sapporo;https://www.betexplorer.com/soccer/japan/j-league-division-2-2016/okayama-sapporo/tx1BNH7b/;Tokushima - Kyoto;https://www.betexplorer.com/soccer/japan/j-league-division-2-2016/tokushima-kyoto/foSh5zhU/;V-Varen Nagasaki - Verdy;https://www.betexplorer.com/soccer/japan/j-league-division-2-2016/v-varen-nagasaki-verdy/AcQt8x8B/;Yokohama - Kumamoto;https://www.betexplorer.com/soccer/japan/j-league-division-2-2016/yokohama-kumamoto/GfTl6GxO/
22. ROUND;Chiba - Mito;https://www.betexplorer.com/soccer/japan/j-league-division-2-2016/chiba-mito/MXigHtoP/;Kamatamare - Ehime;https://www.betexplorer.com/soccer/japan/j-league-division-2-2016/kamatamare-sanuki-ehime/GEk2du9a/;Kyoto - Kusatsu;https://www.betexplorer.com/soccer/japan/j-league-division-2-2016/kyoto-thespakusatsu-gunma/lrxY9bwa/;Machida - Montedio Yamagata;https://www.betexplorer.com/soccer/japan/j-league-division-2-2016/machida-zelvia-montedio-yamagata/tIYPBK8n/;Renofa Yamaguchi - Giravanz Kitakyushu;https://www.betexplorer.com/soccer/japan/j-league-division-2-2016/renofa-yamaguchi-giravanz-kitakyushu/lSmAfJwC/;Shimizu - Kumamoto;https://www.betexplorer.com/soccer/japan/j-league-division-2-2016/shimizu-kumamoto/Ayk6eaO5/;Verdy - Okayama;https://www.betexplorer.com/soccer/japan/j-league-division-2-2016/verdy-okayama/K8XTAvOh/;V-Varen Nagasaki - Gifu;https://www.betexplorer.com/soccer/japan/j-league-division-2-2016/v-varen-nagasaki-gifu/8U3Bhc8O/;Yamaga - Kanazawa;https://www.betexplorer.com/soccer/japan/j-league-division-2-2016/matsumoto-yamaga-kanazawa/bgqLC0gt/;Yokohama - Tokushima;https://www.betexplorer.com/soccer/japan/j-league-division-2-2016/yokohama-tokushima/Uw57gwgI/;C-Osaka - Sapporo;https://www.betexplorer.com/soccer/japan/j-league-division-2-2016/c-osaka-sapporo/2BobcLgg/
10. ROUND;Montedio Yamagata - Kumamoto;https://www.betexplorer.com/soccer/japan/j-league-division-2-2016/montedio-yamagata-kumamoto/C6AVxcvD/
21. ROUND;Ehime - Chiba;https://www.betexplorer.com/soccer/japan/j-league-division-2-2016/ehime-chiba/l45N3NGP/;Gifu - Kyoto;https://www.betexplorer.com/soccer/japan/j-league-division-2-2016/gifu-kyoto/tdckasPt/;Giravanz Kitakyushu - Verdy;https://www.betexplorer.com/soccer/japan/j-league-division-2-2016/giravanz-kitakyushu-verdy/8fNZdirD/;Kanazawa - Kamatamare;https://www.betexplorer.com/soccer/japan/j-league-division-2-2016/kanazawa-kamatamare-sanuki/EXNVcXS6/;Kumamoto - C-Osaka;https://www.betexplorer.com/soccer/japan/j-league-division-2-2016/kumamoto-c-osaka/I5UMagbf/;Kusatsu - Machida;https://www.betexplorer.com/soccer/japan/j-league-division-2-2016/thespakusatsu-gunma-machida-zelvia/Kndgb1vm/;Mito - Yamaga;https://www.betexplorer.com/soccer/japan/j-league-division-2-2016/mito-matsumoto-yamaga/AD6J431J/;Montedio Yamagata - Renofa Yamaguchi;https://www.betexplorer.com/soccer/japan/j-league-division-2-2016/montedio-yamagata-renofa-yamaguchi/6utwdBcJ/;Okayama - Shimizu;https://www.betexplorer.com/soccer/japan/j-league-division-2-2016/okayama-shimizu/zsPRbDD0/;Sapporo - Yokohama;https://www.betexplorer.com/soccer/japan/j-league-division-2-2016/sapporo-yokohama/phWE1FTs/;Tokushima - V-Varen Nagasaki;https://www.betexplorer.com/soccer/japan/j-league-division-2-2016/tokushima-v-varen-nagasaki/vFVI0Zrl/
8. ROUND;Kyoto - Kumamoto;https://www.betexplorer.com/soccer/japan/j-league-division-2-2016/kyoto-kumamoto/42KCQSlj/
20. ROUND;Chiba - Giravanz Kitakyushu;https://www.betexplorer.com/soccer/japan/j-league-division-2-2016/chiba-giravanz-kitakyushu/AyZsaM7q/;C-Osaka - Verdy;https://www.betexplorer.com/soccer/japan/j-league-division-2-2016/c-osaka-verdy/jiEtKNq9/;Ehime - V-Varen Nagasaki;https://www.betexplorer.com/soccer/japan/j-league-division-2-2016/ehime-v-varen-nagasaki/pfRfdKi2/;Gifu - Kumamoto;https://www.betexplorer.com/soccer/japan/j-league-division-2-2016/gifu-kumamoto/OvwnbtNk/;Kamatamare - Okayama;https://www.betexplorer.com/soccer/japan/j-league-division-2-2016/kamatamare-sanuki-okayama/C0FxL3U2/;Kusatsu - Sapporo;https://www.betexplorer.com/soccer/japan/j-league-division-2-2016/thespakusatsu-gunma-sapporo/YF3oJsaF/;Kyoto - Yamaga;https://www.betexplorer.com/soccer/japan/j-league-division-2-2016/kyoto-matsumoto-yamaga/63Sjc0xd/;Montedio Yamagata - Mito;https://www.betexplorer.com/soccer/japan/j-league-division-2-2016/montedio-yamagata-mito/E5mC4rpM/;Renofa Yamaguchi - Shimizu;https://www.betexplorer.com/soccer/japan/j-league-division-2-2016/renofa-yamaguchi-shimizu/hdnG32aS/;Tokushima - Kanazawa;https://www.betexplorer.com/soccer/japan/j-league-division-2-2016/tokushima-kanazawa/Iwf364F9/;Yokohama - Machida;https://www.betexplorer.com/soccer/japan/j-league-division-2-2016/yokohama-machida-zelvia/dUh75OUF/
19. ROUND;Kanazawa - Okayama;https://www.betexplorer.com/soccer/japan/j-league-division-2-2016/kanazawa-okayama/OGfa7p03/;C-Osaka - Tokushima;https://www.betexplorer.com/soccer/japan/j-league-division-2-2016/c-osaka-tokushima/Ctie8Qpc/;Kumamoto - Kamatamare;https://www.betexplorer.com/soccer/japan/j-league-division-2-2016/kumamoto-kamatamare-sanuki/4zUTi50G/;Machida - Ehime;https://www.betexplorer.com/soccer/japan/j-league-division-2-2016/machida-zelvia-ehime/02NxjqVS/;Renofa Yamaguchi - Mito;https://www.betexplorer.com/soccer/japan/j-league-division-2-2016/renofa-yamaguchi-mito/AyDCqs8d/;Sapporo - Giravanz Kitakyushu;https://www.betexplorer.com/soccer/japan/j-league-division-2-2016/sapporo-giravanz-kitakyushu/40aPf7Gc/;Shimizu - Chiba;https://www.betexplorer.com/soccer/japan/j-league-division-2-2016/shimizu-chiba/IwYXjPFM/;Verdy - Kyoto;https://www.betexplorer.com/soccer/japan/j-league-division-2-2016/verdy-kyoto/WMVLgRV3/;V-Varen Nagasaki - Kusatsu;https://www.betexplorer.com/soccer/japan/j-league-division-2-2016/v-varen-nagasaki-thespakusatsu-gunma/ADUPhooA/;Yamaga - Montedio Yamagata;https://www.betexplorer.com/soccer/japan/j-league-division-2-2016/matsumoto-yamaga-montedio-yamagata/2B94o3wp/;Yokohama - Gifu;https://www.betexplorer.com/soccer/japan/j-league-division-2-2016/yokohama-gifu/WpE8pNhj/
18. ROUND;Sapporo - V-Varen Nagasaki;https://www.betexplorer.com/soccer/japan/j-league-division-2-2016/sapporo-v-varen-nagasaki/Q90Lem1i/;Chiba - Verdy;https://www.betexplorer.com/soccer/japan/j-league-division-2-2016/chiba-verdy/EVW2w6oN/;Ehime - Tokushima;https://www.betexplorer.com/soccer/japan/j-league-division-2-2016/ehime-tokushima/C6CwX3Oj/;Gifu - C-Osaka;https://www.betexplorer.com/soccer/japan/j-league-division-2-2016/gifu-c-osaka/IqyrrUWi/;Giravanz Kitakyushu - Kanazawa;https://www.betexplorer.com/soccer/japan/j-league-division-2-2016/giravanz-kitakyushu-kanazawa/65TfuSGA/;Kusatsu - Kumamoto;https://www.betexplorer.com/soccer/japan/j-league-division-2-2016/thespakusatsu-gunma-kumamoto/pdSbvnWG/;Kyoto - Renofa Yamaguchi;https://www.betexplorer.com/soccer/japan/j-league-division-2-2016/kyoto-renofa-yamaguchi/hMV6xQ0T/;Mito - Machida;https://www.betexplorer.com/soccer/japan/j-league-division-2-2016/mito-machida-zelvia/C6znslnb/;Montedio Yamagata - Kamatamare;https://www.betexplorer.com/soccer/japan/j-league-division-2-2016/montedio-yamagata-kamatamare-sanuki/Otvjt814/;Okayama - Yamaga;https://www.betexplorer.com/soccer/japan/j-league-division-2-2016/okayama-matsumoto-yamaga/b38ZXq9p/;Shimizu - Yokohama;https://www.betexplorer.com/soccer/japan/j-league-division-2-2016/shimizu-yokohama/vgxvqAHo/
17. ROUND;Chiba - Montedio Yamagata;https://www.betexplorer.com/soccer/japan/j-league-division-2-2016/chiba-montedio-yamagata/27RaVjmn/;Giravanz Kitakyushu - Kusatsu;https://www.betexplorer.com/soccer/japan/j-league-division-2-2016/giravanz-kitakyushu-thespakusatsu-gunma/657PPnHN/;Kamatamare - Kyoto;https://www.betexplorer.com/soccer/japan/j-league-division-2-2016/kamatamare-sanuki-kyoto/l4NeWWXu/;Kumamoto - Kanazawa;https://www.betexplorer.com/soccer/japan/j-league-division-2-2016/kumamoto-kanazawa/AwEGR8nB/;Machida - Shimizu;https://www.betexplorer.com/soccer/japan/j-league-division-2-2016/machida-zelvia-shimizu/pWG4UA2h/;Renofa Yamaguchi - Ehime;https://www.betexplorer.com/soccer/japan/j-league-division-2-2016/renofa-yamaguchi-ehime/OMF8TUHb/;Tokushima - Okayama;https://www.betexplorer.com/soccer/japan/j-league-division-2-2016/tokushima-okayama/0S6TO6WT/;Verdy - Gifu;https://www.betexplorer.com/soccer/japan/j-league-division-2-2016/verdy-gifu/h23LQS1H/;V-Varen Nagasaki - C-Osaka;https://www.betexplorer.com/soccer/japan/j-league-division-2-2016/v-varen-nagasaki-c-osaka/WnFCSlX4/;Yamaga - Sapporo;https://www.betexplorer.com/soccer/japan/j-league-division-2-2016/matsumoto-yamaga-sapporo/2ygeKQvo/;Yokohama - Mito;https://www.betexplorer.com/soccer/japan/j-league-division-2-2016/yokohama-mito/xSAlOZuJ/
16. ROUND;C-Osaka - Kamatamare;https://www.betexplorer.com/soccer/japan/j-league-division-2-2016/c-osaka-kamatamare-sanuki/A10UScRm/;Gifu - V-Varen Nagasaki;https://www.betexplorer.com/soccer/japan/j-league-division-2-2016/gifu-v-varen-nagasaki/Gbs7BddD/;Kanazawa - Kyoto;https://www.betexplorer.com/soccer/japan/j-league-division-2-2016/kanazawa-kyoto/29IyRyd0/;Kusatsu - Ehime;https://www.betexplorer.com/soccer/japan/j-league-division-2-2016/thespakusatsu-gunma-ehime/byCpPFQC/;Machida - Tokushima;https://www.betexplorer.com/soccer/japan/j-league-division-2-2016/machida-zelvia-tokushima/SxBPTwCs/;Mito - Shimizu;https://www.betexplorer.com/soccer/japan/j-league-division-2-2016/mito-shimizu/8nJXRHtf/;Montedio Yamagata - Yokohama;https://www.betexplorer.com/soccer/japan/j-league-division-2-2016/montedio-yamagata-yokohama/dfKgZalK/;Okayama - Kumamoto;https://www.betexplorer.com/soccer/japan/j-league-division-2-2016/okayama-kumamoto/I3LkztZD/;Renofa Yamaguchi - Verdy;https://www.betexplorer.com/soccer/japan/j-league-division-2-2016/renofa-yamaguchi-verdy/2ew3Cxs7/;Sapporo - Chiba;https://www.betexplorer.com/soccer/japan/j-league-division-2-2016/sapporo-chiba/t0HuQeB6/;Yamaga - Giravanz Kitakyushu;https://www.betexplorer.com/soccer/japan/j-league-division-2-2016/matsumoto-yamaga-giravanz-kitakyushu/QTOcYJ3Q/
15. ROUND;Ehime - Verdy;https://www.betexplorer.com/soccer/japan/j-league-division-2-2016/ehime-verdy/UsueEbCf/;Kanazawa - Yamaga;https://www.betexplorer.com/soccer/japan/j-league-division-2-2016/kanazawa-matsumoto-yamaga/8YwaDIR0/;C-Osaka - Okayama;https://www.betexplorer.com/soccer/japan/j-league-division-2-2016/c-osaka-okayama/lWNcFvcl/;Gifu - Montedio Yamagata;https://www.betexplorer.com/soccer/japan/j-league-division-2-2016/gifu-montedio-yamagata/vcYNLtKK/;Kamatamare - Mito;https://www.betexplorer.com/soccer/japan/j-league-division-2-2016/kamatamare-sanuki-mito/8C2O0ure/;Kumamoto - Machida;https://www.betexplorer.com/soccer/japan/j-league-division-2-2016/kumamoto-machida-zelvia/h0xSK0ZQ/;Kyoto - Yokohama;https://www.betexplorer.com/soccer/japan/j-league-division-2-2016/kyoto-yokohama/dYrJMM4E/;Sapporo - Renofa Yamaguchi;https://www.betexplorer.com/soccer/japan/j-league-division-2-2016/sapporo-renofa-yamaguchi/IspFN2k8/;Shimizu - Kusatsu;https://www.betexplorer.com/soccer/japan/j-league-division-2-2016/shimizu-thespakusatsu-gunma/URjXbJC7/;Tokushima - Giravanz Kitakyushu;https://www.betexplorer.com/soccer/japan/j-league-division-2-2016/tokushima-giravanz-kitakyushu/jyhTaac1/;V-Varen Nagasaki - Chiba;https://www.betexplorer.com/soccer/japan/j-league-division-2-2016/v-varen-nagasaki-chiba/AuPgGKsr/
14. ROUND;Chiba - Gifu;https://www.betexplorer.com/soccer/japan/j-league-division-2-2016/chiba-gifu/rVIq8NkL/;Giravanz Kitakyushu - Kyoto;https://www.betexplorer.com/soccer/japan/j-league-division-2-2016/giravanz-kitakyushu-kyoto/AHKyAqL8/;Kamatamare - Sapporo;https://www.betexplorer.com/soccer/japan/j-league-division-2-2016/kamatamare-sanuki-sapporo/GIwomMDe/;Kumamoto - Mito;https://www.betexplorer.com/soccer/japan/j-league-division-2-2016/kumamoto-mito/2FaG21Dr/;Montedio Yamagata - Kanazawa;https://www.betexplorer.com/soccer/japan/j-league-division-2-2016/montedio-yamagata-kanazawa/MsPsl2bk/;Okayama - Ehime;https://www.betexplorer.com/soccer/japan/j-league-division-2-2016/okayama-ehime/dEGXAP52/;Renofa Yamaguchi - V-Varen Nagasaki;https://www.betexplorer.com/soccer/japan/j-league-division-2-2016/renofa-yamaguchi-v-varen-nagasaki/dxaK1LSl/;Tokushima - Kusatsu;https://www.betexplorer.com/soccer/japan/j-league-division-2-2016/tokushima-thespakusatsu-gunma/f9xkntT1/;Verdy - Shimizu;https://www.betexplorer.com/soccer/japan/j-league-division-2-2016/verdy-shimizu/4vKu93zF/;Yamaga - Machida;https://www.betexplorer.com/soccer/japan/j-league-division-2-2016/matsumoto-yamaga-machida-zelvia/riQwkrqq/;Yokohama - C-Osaka;https://www.betexplorer.com/soccer/japan/j-league-division-2-2016/yokohama-c-osaka/06Dl7s5R/
8. ROUND;Kanazawa - Ehime;https://www.betexplorer.com/soccer/japan/j-league-division-2-2016/kanazawa-ehime/pbyUYjsA/
13. ROUND;Chiba - Kumamoto;https://www.betexplorer.com/soccer/japan/j-league-division-2-2016/chiba-kumamoto/O6q7f4LL/;C-Osaka - Renofa Yamaguchi;https://www.betexplorer.com/soccer/japan/j-league-division-2-2016/c-osaka-renofa-yamaguchi/xAmBgOzS/;Ehime - Kyoto;https://www.betexplorer.com/soccer/japan/j-league-division-2-2016/ehime-kyoto/jgoadQj9/;Kanazawa - Verdy;https://www.betexplorer.com/soccer/japan/j-league-division-2-2016/kanazawa-verdy/Um04zqUk/;Kusatsu - Yokohama;https://www.betexplorer.com/soccer/japan/j-league-division-2-2016/thespakusatsu-gunma-yokohama/Uqp3ep6F/;Machida - Giravanz Kitakyushu;https://www.betexplorer.com/soccer/japan/j-league-division-2-2016/machida-zelvia-giravanz-kitakyushu/YHjfc6y3/;Mito - Sapporo;https://www.betexplorer.com/soccer/japan/j-league-division-2-2016/mito-sapporo/tO38Z2qd/;Okayama - Gifu;https://www.betexplorer.com/soccer/japan/j-league-division-2-2016/okayama-gifu/fRijbnMd/;Shimizu - Tokushima;https://www.betexplorer.com/soccer/japan/j-league-division-2-2016/shimizu-tokushima/AamWhipH/;V-Varen Nagasaki - Montedio Yamagata;https://www.betexplorer.com/soccer/japan/j-league-division-2-2016/v-varen-nagasaki-montedio-yamagata/nPAayPEq/;Yamaga - Kamatamare;https://www.betexplorer.com/soccer/japan/j-league-division-2-2016/matsumoto-yamaga-kamatamare-sanuki/tQrSgXUA/
12. ROUND;Gifu - Shimizu;https://www.betexplorer.com/soccer/japan/j-league-division-2-2016/gifu-shimizu/2ZqOfDF4/;Ehime - C-Osaka;https://www.betexplorer.com/soccer/japan/j-league-division-2-2016/ehime-c-osaka/67jFdZph/;Kamatamare - Machida;https://www.betexplorer.com/soccer/japan/j-league-division-2-2016/kamatamare-sanuki-machida-zelvia/6sBw6e8a/;Kyoto - Chiba;https://www.betexplorer.com/soccer/japan/j-league-division-2-2016/kyoto-chiba/ED1b1XMU/;Mito - Giravanz Kitakyushu;https://www.betexplorer.com/soccer/japan/j-league-division-2-2016/mito-giravanz-kitakyushu/pY9s5FN5/;Montedio Yamagata - Kusatsu;https://www.betexplorer.com/soccer/japan/j-league-division-2-2016/montedio-yamagata-thespakusatsu-gunma/zN2f2D7O/;Renofa Yamaguchi - Kanazawa;https://www.betexplorer.com/soccer/japan/j-league-division-2-2016/renofa-yamaguchi-kanazawa/CpiBcFVo/;Tokushima - Yokohama;https://www.betexplorer.com/soccer/japan/j-league-division-2-2016/tokushima-yokohama/Sdan4ZxC/;Verdy - Yamaga;https://www.betexplorer.com/soccer/japan/j-league-division-2-2016/verdy-matsumoto-yamaga/t03j3ghI/;V-Varen Nagasaki - Okayama;https://www.betexplorer.com/soccer/japan/j-league-division-2-2016/v-varen-nagasaki-okayama/Ygh7beGu/
11. ROUND;Chiba - Kamatamare;https://www.betexplorer.com/soccer/japan/j-league-division-2-2016/chiba-kamatamare-sanuki/x86Z6ygg/;Giravanz Kitakyushu - V-Varen Nagasaki;https://www.betexplorer.com/soccer/japan/j-league-division-2-2016/giravanz-kitakyushu-v-varen-nagasaki/2ePDkzOI/;Kanazawa - Sapporo;https://www.betexplorer.com/soccer/japan/j-league-division-2-2016/kanazawa-sapporo/b3SdgIOg/;Kyoto - Shimizu;https://www.betexplorer.com/soccer/japan/j-league-division-2-2016/kyoto-shimizu/tnOHlfwP/;Machida - Gifu;https://www.betexplorer.com/soccer/japan/j-league-division-2-2016/machida-zelvia-gifu/fkCaDwGP/;Renofa Yamaguchi - Kusatsu;https://www.betexplorer.com/soccer/japan/j-league-division-2-2016/renofa-yamaguchi-thespakusatsu-gunma/C6W0hxv0/;Tokushima - Mito;https://www.betexplorer.com/soccer/japan/j-league-division-2-2016/tokushima-mito/6TV4idg6/;Verdy - Montedio Yamagata;https://www.betexplorer.com/soccer/japan/j-league-division-2-2016/verdy-montedio-yamagata/bH7V7Hwm/;Yamaga - C-Osaka;https://www.betexplorer.com/soccer/japan/j-league-division-2-2016/matsumoto-yamaga-c-osaka/pKU8jG8C/;Yokohama - Okayama;https://www.betexplorer.com/soccer/japan/j-league-division-2-2016/yokohama-okayama/Gvwhfb9m/
10. ROUND;C-Osaka - Kyoto;https://www.betexplorer.com/soccer/japan/j-league-division-2-2016/c-osaka-kyoto/IqBRwwP6/;Ehime - Yamaga;https://www.betexplorer.com/soccer/japan/j-league-division-2-2016/ehime-matsumoto-yamaga/65iMaKoQ/;Gifu - Renofa Yamaguchi;https://www.betexplorer.com/soccer/japan/j-league-division-2-2016/gifu-renofa-yamaguchi/vgCNvJ90/;Kamatamare - Giravanz Kitakyushu;https://www.betexplorer.com/soccer/japan/j-league-division-2-2016/kamatamare-sanuki-giravanz-kitakyushu/l4JAsLPs/;Kusatsu - Verdy;https://www.betexplorer.com/soccer/japan/j-league-division-2-2016/thespakusatsu-gunma-verdy/xlvlevfs/;Mito - Chiba;https://www.betexplorer.com/soccer/japan/j-league-division-2-2016/mito-chiba/SEhI00WJ/;Okayama - Machida;https://www.betexplorer.com/soccer/japan/j-league-division-2-2016/okayama-machida-zelvia/rRIEtuul/;Sapporo - Tokushima;https://www.betexplorer.com/soccer/japan/j-league-division-2-2016/sapporo-tokushima/MHHIuaff/;Shimizu - Kanazawa;https://www.betexplorer.com/soccer/japan/j-league-division-2-2016/shimizu-kanazawa/Q9EZyHgJ/;V-Varen Nagasaki - Yokohama;https://www.betexplorer.com/soccer/japan/j-league-division-2-2016/v-varen-nagasaki-yokohama/EBSrn1HQ/
9. ROUND;Ehime - Kamatamare;https://www.betexplorer.com/soccer/japan/j-league-division-2-2016/ehime-kamatamare-sanuki/4tohPwAD/;Giravanz Kitakyushu - Shimizu;https://www.betexplorer.com/soccer/japan/j-league-division-2-2016/giravanz-kitakyushu-shimizu/UNhuSuQf/;Kanazawa - Gifu;https://www.betexplorer.com/soccer/japan/j-league-division-2-2016/kanazawa-gifu/QknlQJf7/;Kyoto - Tokushima;https://www.betexplorer.com/soccer/japan/j-league-division-2-2016/kyoto-tokushima/rRdqRau1/;Machida - V-Varen Nagasaki;https://www.betexplorer.com/soccer/japan/j-league-division-2-2016/machida-zelvia-v-varen-nagasaki/dAfXT1er/;Okayama - Montedio Yamagata;https://www.betexplorer.com/soccer/japan/j-league-division-2-2016/okayama-montedio-yamagata/Wnwvms2K/;Renofa Yamaguchi - Chiba;https://www.betexplorer.com/soccer/japan/j-league-division-2-2016/renofa-yamaguchi-chiba/WEaBoUQF/;Sapporo - C-Osaka;https://www.betexplorer.com/soccer/japan/j-league-division-2-2016/sapporo-c-osaka/hO07nAB9/;Verdy - Mito;https://www.betexplorer.com/soccer/japan/j-league-division-2-2016/verdy-mito/z1gyTLAl/;Yamaga - Kusatsu;https://www.betexplorer.com/soccer/japan/j-league-division-2-2016/matsumoto-yamaga-thespakusatsu-gunma/hdvzlNnE/
8. ROUND;Chiba - Machida;https://www.betexplorer.com/soccer/japan/j-league-division-2-2016/chiba-machida-zelvia/rgJGPn4d/;C-Osaka - Giravanz Kitakyushu;https://www.betexplorer.com/soccer/japan/j-league-division-2-2016/c-osaka-giravanz-kitakyushu/zTF8R8Zq/;Gifu - Yamaga;https://www.betexplorer.com/soccer/japan/j-league-division-2-2016/gifu-matsumoto-yamaga/vLzYXAdG/;Montedio Yamagata - Sapporo;https://www.betexplorer.com/soccer/japan/j-league-division-2-2016/montedio-yamagata-sapporo/YJTtWlRS/;Shimizu - Kamatamare;https://www.betexplorer.com/soccer/japan/j-league-division-2-2016/shimizu-kamatamare-sanuki/lWsLzDCc/;Tokushima - Renofa Yamaguchi;https://www.betexplorer.com/soccer/japan/j-league-division-2-2016/tokushima-renofa-yamaguchi/jevxXUBM/;Yokohama - Verdy;https://www.betexplorer.com/soccer/japan/j-league-division-2-2016/yokohama-verdy/pbcalWtc/;Kusatsu - Okayama;https://www.betexplorer.com/soccer/japan/j-league-division-2-2016/thespakusatsu-gunma-okayama/AuqHygci/
7. ROUND;Verdy - V-Varen Nagasaki;https://www.betexplorer.com/soccer/japan/j-league-division-2-2016/verdy-v-varen-nagasaki/dxeZC9Kj/;Chiba - Kanazawa;https://www.betexplorer.com/soccer/japan/j-league-division-2-2016/chiba-kanazawa/jyGfKiSG/;Giravanz Kitakyushu - Yokohama;https://www.betexplorer.com/soccer/japan/j-league-division-2-2016/giravanz-kitakyushu-yokohama/CpHjLXCA/;Kamatamare - Gifu;https://www.betexplorer.com/soccer/japan/j-league-division-2-2016/kamatamare-sanuki-gifu/r5PZOFDo/;Kumamoto - Renofa Yamaguchi;https://www.betexplorer.com/soccer/japan/j-league-division-2-2016/kumamoto-renofa-yamaguchi/6mti0Wzo/;Kusatsu - Kyoto;https://www.betexplorer.com/soccer/japan/j-league-division-2-2016/thespakusatsu-gunma-kyoto/b1FbJBsN/;Mito - Ehime;https://www.betexplorer.com/soccer/japan/j-league-division-2-2016/mito-ehime/GINsNgrb/;Montedio Yamagata - Machida;https://www.betexplorer.com/soccer/japan/j-league-division-2-2016/montedio-yamagata-machida-zelvia/MeOwOZSi/;Sapporo - Okayama;https://www.betexplorer.com/soccer/japan/j-league-division-2-2016/sapporo-okayama/rZjVDk5p/;Shimizu - C-Osaka;https://www.betexplorer.com/soccer/japan/j-league-division-2-2016/shimizu-c-osaka/xhE2IVdT/;Yamaga - Tokushima;https://www.betexplorer.com/soccer/japan/j-league-division-2-2016/matsumoto-yamaga-tokushima/ULRoMDc4/
6. ROUND;C-Osaka - Chiba;https://www.betexplorer.com/soccer/japan/j-league-division-2-2016/c-osaka-chiba/4vfP4CST/;Ehime - Giravanz Kitakyushu;https://www.betexplorer.com/soccer/japan/j-league-division-2-2016/ehime-giravanz-kitakyushu/CWyI6YcH/;Kanazawa - Yokohama;https://www.betexplorer.com/soccer/japan/j-league-division-2-2016/kanazawa-yokohama/Msq59zEb/;Kumamoto - Shimizu;https://www.betexplorer.com/soccer/japan/j-league-division-2-2016/kumamoto-shimizu/nPjhCxUu/;Kyoto - Montedio Yamagata;https://www.betexplorer.com/soccer/japan/j-league-division-2-2016/kyoto-montedio-yamagata/AHfL5hDN/;Machida - Sapporo;https://www.betexplorer.com/soccer/japan/j-league-division-2-2016/machida-zelvia-sapporo/rip1AGbh/;Mito - Kusatsu;https://www.betexplorer.com/soccer/japan/j-league-division-2-2016/mito-thespakusatsu-gunma/A3FnigbU/;Okayama - Verdy;https://www.betexplorer.com/soccer/japan/j-league-division-2-2016/okayama-verdy/WCGrhZrO/;Renofa Yamaguchi - Kamatamare;https://www.betexplorer.com/soccer/japan/j-league-division-2-2016/renofa-yamaguchi-kamatamare-sanuki/U7nD7ErB/;Tokushima - Gifu;https://www.betexplorer.com/soccer/japan/j-league-division-2-2016/tokushima-gifu/jHm98fT4/;V-Varen Nagasaki - Yamaga;https://www.betexplorer.com/soccer/japan/j-league-division-2-2016/v-varen-nagasaki-matsumoto-yamaga/0SfdBdqn/
5. ROUND;Chiba - Kusatsu;https://www.betexplorer.com/soccer/japan/j-league-division-2-2016/chiba-thespakusatsu-gunma/ML7UdcUh/;C-Osaka - Kanazawa;https://www.betexplorer.com/soccer/japan/j-league-division-2-2016/c-osaka-kanazawa/4pcZeHqa/;Gifu - Mito;https://www.betexplorer.com/soccer/japan/j-league-division-2-2016/gifu-mito/rV8QcwFn/;Kamatamare - Tokushima;https://www.betexplorer.com/soccer/japan/j-league-division-2-2016/kamatamare-sanuki-tokushima/xWtgGoVD/;Montedio Yamagata - Shimizu;https://www.betexplorer.com/soccer/japan/j-league-division-2-2016/montedio-yamagata-shimizu/Ee4MbJat/;Okayama - Giravanz Kitakyushu;https://www.betexplorer.com/soccer/japan/j-league-division-2-2016/okayama-giravanz-kitakyushu/UTa2gON0/;Sapporo - Kyoto;https://www.betexplorer.com/soccer/japan/j-league-division-2-2016/sapporo-kyoto/zR2Ai2hD/;Verdy - Machida;https://www.betexplorer.com/soccer/japan/j-league-division-2-2016/verdy-machida-zelvia/CA0sfeEB/;V-Varen Nagasaki - Kumamoto;https://www.betexplorer.com/soccer/japan/j-league-division-2-2016/v-varen-nagasaki-kumamoto/j1aogFTH/;Yamaga - Renofa Yamaguchi;https://www.betexplorer.com/soccer/japan/j-league-division-2-2016/matsumoto-yamaga-renofa-yamaguchi/Oja6hrw7/;Yokohama - Ehime;https://www.betexplorer.com/soccer/japan/j-league-division-2-2016/yokohama-ehime/Im1weya5/
4. ROUND;Ehime - Gifu;https://www.betexplorer.com/soccer/japan/j-league-division-2-2016/ehime-gifu/xWKN06VQ/;Giravanz Kitakyushu - Kumamoto;https://www.betexplorer.com/soccer/japan/j-league-division-2-2016/giravanz-kitakyushu-kumamoto/Y16gepgl/;Kusatsu - Kamatamare;https://www.betexplorer.com/soccer/japan/j-league-division-2-2016/thespakusatsu-gunma-kamatamare-sanuki/OSGJ1nGK/;Kyoto - V-Varen Nagasaki;https://www.betexplorer.com/soccer/japan/j-league-division-2-2016/kyoto-v-varen-nagasaki/fB7kdQwr/;Machida - Kanazawa;https://www.betexplorer.com/soccer/japan/j-league-division-2-2016/machida-zelvia-kanazawa/jw1bf48f/;Mito - Okayama;https://www.betexplorer.com/soccer/japan/j-league-division-2-2016/mito-okayama/StyLtove/;Montedio Yamagata - C-Osaka;https://www.betexplorer.com/soccer/japan/j-league-division-2-2016/montedio-yamagata-c-osaka/A5QPu5g1/;Shimizu - Sapporo;https://www.betexplorer.com/soccer/japan/j-league-division-2-2016/shimizu-sapporo/ldPTvP87/;Verdy - Tokushima;https://www.betexplorer.com/soccer/japan/j-league-division-2-2016/verdy-tokushima/EwXGsROl/;Yamaga - Chiba;https://www.betexplorer.com/soccer/japan/j-league-division-2-2016/matsumoto-yamaga-chiba/t4RE2S0E/;Yokohama - Renofa Yamaguchi;https://www.betexplorer.com/soccer/japan/j-league-division-2-2016/yokohama-renofa-yamaguchi/2DSA38o8/
3. ROUND;Chiba - Yokohama;https://www.betexplorer.com/soccer/japan/j-league-division-2-2016/chiba-yokohama/SIhYkkH8/;Gifu - Giravanz Kitakyushu;https://www.betexplorer.com/soccer/japan/j-league-division-2-2016/gifu-giravanz-kitakyushu/GrkUjV12/;Kamatamare - V-Varen Nagasaki;https://www.betexplorer.com/soccer/japan/j-league-division-2-2016/kamatamare-sanuki-v-varen-nagasaki/KGXCr79r/;Kanazawa - Mito;https://www.betexplorer.com/soccer/japan/j-league-division-2-2016/kanazawa-mito/0WjtlToL/;Kumamoto - Verdy;https://www.betexplorer.com/soccer/japan/j-league-division-2-2016/kumamoto-verdy/I7oomm1R/;Okayama - Kyoto;https://www.betexplorer.com/soccer/japan/j-league-division-2-2016/okayama-kyoto/QgMyouEq/;Renofa Yamaguchi - Machida;https://www.betexplorer.com/soccer/japan/j-league-division-2-2016/renofa-yamaguchi-machida-zelvia/Muhxk9WE/;Sapporo - Ehime;https://www.betexplorer.com/soccer/japan/j-league-division-2-2016/sapporo-ehime/YJPqqJrd/;Shimizu - Yamaga;https://www.betexplorer.com/soccer/japan/j-league-division-2-2016/shimizu-matsumoto-yamaga/4pLupaTk/;Tokushima - Montedio Yamagata;https://www.betexplorer.com/soccer/japan/j-league-division-2-2016/tokushima-montedio-yamagata/CAOmrwb2/;C-Osaka - Kusatsu;https://www.betexplorer.com/soccer/japan/j-league-division-2-2016/c-osaka-thespakusatsu-gunma/KCq9kL5S/
2. ROUND;Ehime - Montedio Yamagata;https://www.betexplorer.com/soccer/japan/j-league-division-2-2016/ehime-montedio-yamagata/G8rKtfK5/;Gifu - Sapporo;https://www.betexplorer.com/soccer/japan/j-league-division-2-2016/gifu-sapporo/xIqGsz5a/;Giravanz Kitakyushu - Renofa Yamaguchi;https://www.betexplorer.com/soccer/japan/j-league-division-2-2016/giravanz-kitakyushu-renofa-yamaguchi/YeschNL9/;Kamatamare - Verdy;https://www.betexplorer.com/soccer/japan/j-league-division-2-2016/kamatamare-sanuki-verdy/Uit8qdzm/;Kusatsu - Kanazawa;https://www.betexplorer.com/soccer/japan/j-league-division-2-2016/thespakusatsu-gunma-kanazawa/hpQag363/;Machida - Kyoto;https://www.betexplorer.com/soccer/japan/j-league-division-2-2016/machida-zelvia-kyoto/69u5j1jM/;Mito - C-Osaka;https://www.betexplorer.com/soccer/japan/j-league-division-2-2016/mito-c-osaka/pK4ykICP/;Okayama - Chiba;https://www.betexplorer.com/soccer/japan/j-league-division-2-2016/okayama-chiba/repCrGkg/;Tokushima - Kumamoto;https://www.betexplorer.com/soccer/japan/j-league-division-2-2016/tokushima-kumamoto/nTj3pxLt/;V-Varen Nagasaki - Shimizu;https://www.betexplorer.com/soccer/japan/j-league-division-2-2016/v-varen-nagasaki-shimizu/dKaHuEZB/;Yokohama - Yamaga;https://www.betexplorer.com/soccer/japan/j-league-division-2-2016/yokohama-matsumoto-yamaga/Cnt1isyG/
1. ROUND;Chiba - Tokushima;https://www.betexplorer.com/soccer/japan/j-league-division-2-2016/chiba-tokushima/MocBDejJ/;Giravanz Kitakyushu - Montedio Yamagata;https://www.betexplorer.com/soccer/japan/j-league-division-2-2016/giravanz-kitakyushu-montedio-yamagata/fZRPWIjs/;Kanazawa - V-Varen Nagasaki;https://www.betexplorer.com/soccer/japan/j-league-division-2-2016/kanazawa-v-varen-nagasaki/OjyfxuTJ/;Kumamoto - Yamaga;https://www.betexplorer.com/soccer/japan/j-league-division-2-2016/kumamoto-matsumoto-yamaga/zkNpSf5C/;Kusatsu - Gifu;https://www.betexplorer.com/soccer/japan/j-league-division-2-2016/thespakusatsu-gunma-gifu/UiKxUGz0/;Kyoto - Mito;https://www.betexplorer.com/soccer/japan/j-league-division-2-2016/kyoto-mito/j1LYUdLg/;Machida - C-Osaka;https://www.betexplorer.com/soccer/japan/j-league-division-2-2016/machida-zelvia-c-osaka/IDCkREKI/;Renofa Yamaguchi - Okayama;https://www.betexplorer.com/soccer/japan/j-league-division-2-2016/renofa-yamaguchi-okayama/YPQTVx6m/;Shimizu - Ehime;https://www.betexplorer.com/soccer/japan/j-league-division-2-2016/shimizu-ehime/xfubyarQ/;Verdy - Sapporo;https://www.betexplorer.com/soccer/japan/j-league-division-2-2016/verdy-sapporo/d4BgQYZO/;Yokohama - Kamatamare;https://www.betexplorer.com/soccer/japan/j-league-division-2-2016/yokohama-kamatamare-sanuki/OEJtTzj6/
