30. ROUND;Brann - Sarpsborg 08;https://www.betexplorer.com/soccer/norway/tippeligaen-2016/brann-sarpsborg-08/Ohl8Wudj/;Haugesund - Stromsgodset;https://www.betexplorer.com/soccer/norway/tippeligaen-2016/haugesund-stromsgodset/zTiCVaBd/;Lillestrom - Molde;https://www.betexplorer.com/soccer/norway/tippeligaen-2016/lillestrom-molde/lWuffqlc/;Rosenborg - Bodo/Glimt;https://www.betexplorer.com/soccer/norway/tippeligaen-2016/rosenborg-bodo-glimt/SMvbg333/;Sogndal - Aalesund;https://www.betexplorer.com/soccer/norway/tippeligaen-2016/sogndal-aalesund/pbZ2hNI9/;Stabaek - Start;https://www.betexplorer.com/soccer/norway/tippeligaen-2016/stabaek-start/OlY6isYF/;Tromso - Odd;https://www.betexplorer.com/soccer/norway/tippeligaen-2016/tromso-odds-bk/IBXAj1mM/;Viking - Valerenga;https://www.betexplorer.com/soccer/norway/tippeligaen-2016/viking-valerenga/WEyFkL2S/
29. ROUND;Aalesund - Haugesund;https://www.betexplorer.com/soccer/norway/tippeligaen-2016/aalesund-haugesund/2FHCs64i/;Bodo/Glimt - Viking;https://www.betexplorer.com/soccer/norway/tippeligaen-2016/bodo-glimt-viking/t6GGtQJc/;Molde - Stabaek;https://www.betexplorer.com/soccer/norway/tippeligaen-2016/molde-stabaek/zTFKupZ3/;Odd - Sogndal;https://www.betexplorer.com/soccer/norway/tippeligaen-2016/odds-bk-sogndal/lWJOv4lA/;Sarpsborg 08 - Tromso;https://www.betexplorer.com/soccer/norway/tippeligaen-2016/sarpsborg-08-tromso/Wf9TwO3G/;Start - Brann;https://www.betexplorer.com/soccer/norway/tippeligaen-2016/start-brann/Ao8XxrJM/;Stromsgodset - Rosenborg;https://www.betexplorer.com/soccer/norway/tippeligaen-2016/stromsgodset-rosenborg/vLCyx2YS/;Valerenga - Lillestrom;https://www.betexplorer.com/soccer/norway/tippeligaen-2016/valerenga-lillestrom/tUb3XLtp/
28. ROUND;Haugesund - Bodo/Glimt;https://www.betexplorer.com/soccer/norway/tippeligaen-2016/haugesund-bodo-glimt/SrhmuDrg/;Lillestrom - Start;https://www.betexplorer.com/soccer/norway/tippeligaen-2016/lillestrom-start/dIdivXca/;Rosenborg - Odd;https://www.betexplorer.com/soccer/norway/tippeligaen-2016/rosenborg-odds-bk/z9eewiD5/;Sogndal - Stromsgodset;https://www.betexplorer.com/soccer/norway/tippeligaen-2016/sogndal-stromsgodset/IXp0xBSB/;Tromso - Valerenga;https://www.betexplorer.com/soccer/norway/tippeligaen-2016/tromso-valerenga/OWCXJ2Cp/;Brann - Molde;https://www.betexplorer.com/soccer/norway/tippeligaen-2016/brann-molde/lhgqtgTn/;Stabaek - Sarpsborg 08;https://www.betexplorer.com/soccer/norway/tippeligaen-2016/stabaek-sarpsborg-08/Wzk4yVsI/;Viking - Aalesund;https://www.betexplorer.com/soccer/norway/tippeligaen-2016/viking-aalesund/2NByJMRj/
27. ROUND;Brann - Lillestrom;https://www.betexplorer.com/soccer/norway/tippeligaen-2016/brann-lillestrom/2sIEQDTa/;Molde - Sogndal;https://www.betexplorer.com/soccer/norway/tippeligaen-2016/molde-sogndal/d4HIPXr6/;Odd - Haugesund;https://www.betexplorer.com/soccer/norway/tippeligaen-2016/odds-bk-haugesund/zeGMOibC/;Start - Tromso;https://www.betexplorer.com/soccer/norway/tippeligaen-2016/start-tromso/WM9VMVSO/;Valerenga - Stabaek;https://www.betexplorer.com/soccer/norway/tippeligaen-2016/valerenga-stabaek/6T3vsZDt/;Aalesund - Bodo/Glimt;https://www.betexplorer.com/soccer/norway/tippeligaen-2016/aalesund-bodo-glimt/lvEARgEg/;Sarpsborg 08 - Rosenborg;https://www.betexplorer.com/soccer/norway/tippeligaen-2016/sarpsborg-08-rosenborg/hWARNBDI/;Stromsgodset - Viking;https://www.betexplorer.com/soccer/norway/tippeligaen-2016/stromsgodset-viking/pQcDoF5P/
26. ROUND;Aalesund - Odd;https://www.betexplorer.com/soccer/norway/tippeligaen-2016/aalesund-odds-bk/UTcyDfa0/;Haugesund - Sarpsborg 08;https://www.betexplorer.com/soccer/norway/tippeligaen-2016/haugesund-sarpsborg-08/2sdqBYTC/;Rosenborg - Valerenga;https://www.betexplorer.com/soccer/norway/tippeligaen-2016/rosenborg-valerenga/Gp0mAhqJ/;Tromso - Molde;https://www.betexplorer.com/soccer/norway/tippeligaen-2016/tromso-molde/SOP1TFqs/;Viking - Start;https://www.betexplorer.com/soccer/norway/tippeligaen-2016/viking-start/6FO5SZbm/;Sogndal - Brann;https://www.betexplorer.com/soccer/norway/tippeligaen-2016/sogndal-brann/IkvWYyMJ/;Stabaek - Lillestrom;https://www.betexplorer.com/soccer/norway/tippeligaen-2016/stabaek-lillestrom/dtwzYeyQ/;Bodo/Glimt - Stromsgodset;https://www.betexplorer.com/soccer/norway/tippeligaen-2016/bodo-glimt-stromsgodset/8KduCEE6/
25. ROUND;Stabaek - Bodo/Glimt;https://www.betexplorer.com/soccer/norway/tippeligaen-2016/stabaek-bodo-glimt/4nEdKx7Q/;Brann - Tromso;https://www.betexplorer.com/soccer/norway/tippeligaen-2016/brann-tromso/GQX1bep7/;Lillestrom - Sogndal;https://www.betexplorer.com/soccer/norway/tippeligaen-2016/lillestrom-sogndal/fHW5cFaD/;Start - Haugesund;https://www.betexplorer.com/soccer/norway/tippeligaen-2016/start-haugesund/vu5OFdFs/;Stromsgodset - Odd;https://www.betexplorer.com/soccer/norway/tippeligaen-2016/stromsgodset-odds-bk/Y14SEGUm/;Valerenga - Aalesund;https://www.betexplorer.com/soccer/norway/tippeligaen-2016/valerenga-aalesund/Ch3WDzpf/;Molde - Rosenborg;https://www.betexplorer.com/soccer/norway/tippeligaen-2016/molde-rosenborg/rXPmMbxE/;Sarpsborg 08 - Viking;https://www.betexplorer.com/soccer/norway/tippeligaen-2016/sarpsborg-08-viking/MNOiLIiK/
24. ROUND;Aalesund - Stromsgodset;https://www.betexplorer.com/soccer/norway/tippeligaen-2016/aalesund-stromsgodset/AkKE9Lh8/;Bodo/Glimt - Brann;https://www.betexplorer.com/soccer/norway/tippeligaen-2016/bodo-glimt-brann/OhOI8u8E/;Odd - Stabaek;https://www.betexplorer.com/soccer/norway/tippeligaen-2016/odds-bk-stabaek/d6MQ6JxR/;Rosenborg - Start;https://www.betexplorer.com/soccer/norway/tippeligaen-2016/rosenborg-start/noto2wor/;Sogndal - Sarpsborg 08;https://www.betexplorer.com/soccer/norway/tippeligaen-2016/sogndal-sarpsborg-08/Qyuk1c0l/;Tromso - Lillestrom;https://www.betexplorer.com/soccer/norway/tippeligaen-2016/tromso-lillestrom/Kbvg0HFf/;Viking - Molde;https://www.betexplorer.com/soccer/norway/tippeligaen-2016/viking-molde/Y1rcayV0/;Haugesund - Valerenga;https://www.betexplorer.com/soccer/norway/tippeligaen-2016/haugesund-valerenga/IFNM7aNK/
23. ROUND;Lillestrom - Odd;https://www.betexplorer.com/soccer/norway/tippeligaen-2016/lillestrom-odds-bk/zZMs7SW9/;Molde - Haugesund;https://www.betexplorer.com/soccer/norway/tippeligaen-2016/molde-haugesund/UeMo6nnG/;Sarpsborg 08 - Bodo/Glimt;https://www.betexplorer.com/soccer/norway/tippeligaen-2016/sarpsborg-08-bodo-glimt/v5lFlKGr/;Stabaek - Rosenborg;https://www.betexplorer.com/soccer/norway/tippeligaen-2016/stabaek-rosenborg/MTwKmvWl/;Tromso - Sogndal;https://www.betexplorer.com/soccer/norway/tippeligaen-2016/tromso-sogndal/UgsSoI01/;Brann - Viking;https://www.betexplorer.com/soccer/norway/tippeligaen-2016/brann-viking/drOw88H3/;Valerenga - Stromsgodset;https://www.betexplorer.com/soccer/norway/tippeligaen-2016/valerenga-stromsgodset/8ptWpxG7/;Start - Aalesund;https://www.betexplorer.com/soccer/norway/tippeligaen-2016/start-aalesund/0KxOnboe/
22. ROUND;Bodo/Glimt - Start;https://www.betexplorer.com/soccer/norway/tippeligaen-2016/bodo-glimt-start/tC18hTHG/;Odd - Valerenga;https://www.betexplorer.com/soccer/norway/tippeligaen-2016/odds-bk-valerenga/SSaGj7nT/;Rosenborg - Tromso;https://www.betexplorer.com/soccer/norway/tippeligaen-2016/rosenborg-tromso/Y9xqnRfp/;Sogndal - Stabaek;https://www.betexplorer.com/soccer/norway/tippeligaen-2016/sogndal-stabaek/nDtmooAj/;Viking - Lillestrom;https://www.betexplorer.com/soccer/norway/tippeligaen-2016/viking-lillestrom/v7TY8l2c/;Haugesund - Brann;https://www.betexplorer.com/soccer/norway/tippeligaen-2016/haugesund-brann/lx1CimXM/;Stromsgodset - Molde;https://www.betexplorer.com/soccer/norway/tippeligaen-2016/stromsgodset-molde/0GUU9Uni/;Aalesund - Sarpsborg 08;https://www.betexplorer.com/soccer/norway/tippeligaen-2016/aalesund-sarpsborg-08/2L24g92A/
21. ROUND;Brann - Rosenborg;https://www.betexplorer.com/soccer/norway/tippeligaen-2016/brann-rosenborg/27NVvAmH/;Molde - Odd;https://www.betexplorer.com/soccer/norway/tippeligaen-2016/molde-odds-bk/fFuwwlIT/;Sarpsborg 08 - Stromsgodset;https://www.betexplorer.com/soccer/norway/tippeligaen-2016/sarpsborg-08-stromsgodset/dOR4Y7Qp/;Stabaek - Aalesund;https://www.betexplorer.com/soccer/norway/tippeligaen-2016/stabaek-aalesund/YuBmci3o/;Start - Sogndal;https://www.betexplorer.com/soccer/norway/tippeligaen-2016/start-sogndal/CW9idBIi/;Tromso - Viking;https://www.betexplorer.com/soccer/norway/tippeligaen-2016/tromso-viking/6g9eeVXc/;Lillestrom - Haugesund;https://www.betexplorer.com/soccer/norway/tippeligaen-2016/lillestrom-haugesund/0htZwU2N/;Valerenga - Bodo/Glimt;https://www.betexplorer.com/soccer/norway/tippeligaen-2016/valerenga-bodo-glimt/KdDafkm4/
20. ROUND;Aalesund - Molde;https://www.betexplorer.com/soccer/norway/tippeligaen-2016/aalesund-molde/Mm2dQAYN/;Haugesund - Tromso;https://www.betexplorer.com/soccer/norway/tippeligaen-2016/haugesund-tromso/x0x6pEJu/;Odd - Sarpsborg 08;https://www.betexplorer.com/soccer/norway/tippeligaen-2016/odds-bk-sarpsborg-08/j3tAqYYo/;Rosenborg - Sogndal;https://www.betexplorer.com/soccer/norway/tippeligaen-2016/rosenborg-sogndal/YRVErhlh/;Stromsgodset - Start;https://www.betexplorer.com/soccer/norway/tippeligaen-2016/stromsgodset-start/CIUIsC3b/;Viking - Stabaek;https://www.betexplorer.com/soccer/norway/tippeligaen-2016/viking-stabaek/thZMtWI4/;Bodo/Glimt - Lillestrom;https://www.betexplorer.com/soccer/norway/tippeligaen-2016/bodo-glimt-lillestrom/0v10PUmU/;Valerenga - Brann;https://www.betexplorer.com/soccer/norway/tippeligaen-2016/valerenga-brann/KrYQujYA/
18. ROUND;Viking - Rosenborg;https://www.betexplorer.com/soccer/norway/tippeligaen-2016/viking-rosenborg/zsBADERI/
19. ROUND;Brann - Stromsgodset;https://www.betexplorer.com/soccer/norway/tippeligaen-2016/brann-stromsgodset/2N38yysP/;Sarpsborg 08 - Valerenga;https://www.betexplorer.com/soccer/norway/tippeligaen-2016/sarpsborg-08-valerenga/CdgrVYJh/;Sogndal - Viking;https://www.betexplorer.com/soccer/norway/tippeligaen-2016/sogndal-viking/fLrmUhZb/;Stabaek - Haugesund;https://www.betexplorer.com/soccer/norway/tippeligaen-2016/stabaek-haugesund/8OniTCl5/;Start - Odd;https://www.betexplorer.com/soccer/norway/tippeligaen-2016/start-odds-bk/2oneSW3B/;Lillestrom - Rosenborg;https://www.betexplorer.com/soccer/norway/tippeligaen-2016/lillestrom-rosenborg/4WkzXfkt/;Molde - Bodo/Glimt;https://www.betexplorer.com/soccer/norway/tippeligaen-2016/molde-bodo-glimt/Y5fvWE4n/;Tromso - Aalesund;https://www.betexplorer.com/soccer/norway/tippeligaen-2016/tromso-aalesund/txoaRjJH/
18. ROUND;Valerenga - Molde;https://www.betexplorer.com/soccer/norway/tippeligaen-2016/valerenga-molde/nHEECYtP/;Aalesund - Lillestrom;https://www.betexplorer.com/soccer/norway/tippeligaen-2016/aalesund-lillestrom/byGoJIcs/;Bodo/Glimt - Tromso;https://www.betexplorer.com/soccer/norway/tippeligaen-2016/bodo-glimt-tromso/CvKkIxDm/;Haugesund - Sogndal;https://www.betexplorer.com/soccer/norway/tippeligaen-2016/haugesund-sogndal/61JgHdSg/;Odd - Brann;https://www.betexplorer.com/soccer/norway/tippeligaen-2016/odds-bk-brann/phIcGGs0/;Stromsgodset - Stabaek;https://www.betexplorer.com/soccer/norway/tippeligaen-2016/stromsgodset-stabaek/tKB6EfCC/;Sarpsborg 08 - Start;https://www.betexplorer.com/soccer/norway/tippeligaen-2016/sarpsborg-08-start/2TC2Fzc6/
17. ROUND;Lillestrom - Stromsgodset;https://www.betexplorer.com/soccer/norway/tippeligaen-2016/lillestrom-stromsgodset/dj8FGPyq/;Odd - Viking;https://www.betexplorer.com/soccer/norway/tippeligaen-2016/odds-bk-viking/4GBNE36e/;Sogndal - Bodo/Glimt;https://www.betexplorer.com/soccer/norway/tippeligaen-2016/sogndal-bodo-glimt/QVaWCsy8/;Start - Valerenga;https://www.betexplorer.com/soccer/norway/tippeligaen-2016/start-valerenga/vm3DyRD8/;Tromso - Stabaek;https://www.betexplorer.com/soccer/norway/tippeligaen-2016/tromso-stabaek/Iw2HzoTE/;Molde - Sarpsborg 08;https://www.betexplorer.com/soccer/norway/tippeligaen-2016/molde-sarpsborg-08/jD7JFqik/;Rosenborg - Haugesund;https://www.betexplorer.com/soccer/norway/tippeligaen-2016/rosenborg-haugesund/nu1SDNL1/;Brann - Aalesund;https://www.betexplorer.com/soccer/norway/tippeligaen-2016/brann-aalesund/fsMmL5TR/
16. ROUND;Bodo/Glimt - Odd;https://www.betexplorer.com/soccer/norway/tippeligaen-2016/bodo-glimt-odds-bk/rmrt2QMk/;Molde - Start;https://www.betexplorer.com/soccer/norway/tippeligaen-2016/molde-start/jDol04i2/;Sarpsborg 08 - Lillestrom;https://www.betexplorer.com/soccer/norway/tippeligaen-2016/sarpsborg-08-lillestrom/hIPWOmU2/;Stabaek - Brann;https://www.betexplorer.com/soccer/norway/tippeligaen-2016/stabaek-brann/4hTzO7q9/;Stromsgodset - Tromso;https://www.betexplorer.com/soccer/norway/tippeligaen-2016/stromsgodset-tromso/bFSvNRbF/;Aalesund - Rosenborg;https://www.betexplorer.com/soccer/norway/tippeligaen-2016/aalesund-rosenborg/4dqx367q/;Haugesund - Viking;https://www.betexplorer.com/soccer/norway/tippeligaen-2016/haugesund-viking/CMnp1pxd/;Valerenga - Sogndal;https://www.betexplorer.com/soccer/norway/tippeligaen-2016/valerenga-sogndal/x6RrMoEL/
15. ROUND;Lillestrom - Stabaek;https://www.betexplorer.com/soccer/norway/tippeligaen-2016/lillestrom-stabaek/vg0EmR7d/;Odd - Aalesund;https://www.betexplorer.com/soccer/norway/tippeligaen-2016/odds-bk-aalesund/hdldCApc/;Brann - Valerenga;https://www.betexplorer.com/soccer/norway/tippeligaen-2016/brann-valerenga/QkdAl7hj/;Rosenborg - Sarpsborg 08;https://www.betexplorer.com/soccer/norway/tippeligaen-2016/rosenborg-sarpsborg-08/Wnm0BUa3/;Sogndal - Molde;https://www.betexplorer.com/soccer/norway/tippeligaen-2016/sogndal-molde/Cb4cAlF9/;Tromso - Haugesund;https://www.betexplorer.com/soccer/norway/tippeligaen-2016/tromso-haugesund/pC258SqM/;Viking - Stromsgodset;https://www.betexplorer.com/soccer/norway/tippeligaen-2016/viking-stromsgodset/bF697naS/;Start - Bodo/Glimt;https://www.betexplorer.com/soccer/norway/tippeligaen-2016/start-bodo-glimt/jk3198UF/
14. ROUND;Stromsgodset - Aalesund;https://www.betexplorer.com/soccer/norway/tippeligaen-2016/stromsgodset-aalesund/tIKwfTUS/;Molde - Viking;https://www.betexplorer.com/soccer/norway/tippeligaen-2016/molde-viking/jTRQdVpA/;Sarpsborg 08 - Brann;https://www.betexplorer.com/soccer/norway/tippeligaen-2016/sarpsborg-08-brann/YiHVek0G/;Stabaek - Sogndal;https://www.betexplorer.com/soccer/norway/tippeligaen-2016/stabaek-sogndal/CrGZf9FM/;Valerenga - Odd;https://www.betexplorer.com/soccer/norway/tippeligaen-2016/valerenga-odds-bk/rR65kmwp/;Bodo/Glimt - Rosenborg;https://www.betexplorer.com/soccer/norway/tippeligaen-2016/bodo-glimt-rosenborg/KUAFaX0i/;Haugesund - Start;https://www.betexplorer.com/soccer/norway/tippeligaen-2016/haugesund-start/bL9JbiGc/;Lillestrom - Tromso;https://www.betexplorer.com/soccer/norway/tippeligaen-2016/lillestrom-tromso/hr9NcBV3/
13. ROUND;Aalesund - Valerenga;https://www.betexplorer.com/soccer/norway/tippeligaen-2016/aalesund-valerenga/Q7ktoYob/;Brann - Haugesund;https://www.betexplorer.com/soccer/norway/tippeligaen-2016/brann-haugesund/4blpph14/;Odd - Stromsgodset;https://www.betexplorer.com/soccer/norway/tippeligaen-2016/odds-bk-stromsgodset/COmlqCGA/;Sogndal - Lillestrom;https://www.betexplorer.com/soccer/norway/tippeligaen-2016/sogndal-lillestrom/YwxcsjoN/;Start - Stabaek;https://www.betexplorer.com/soccer/norway/tippeligaen-2016/start-stabaek/nst1tA0T/;Viking - Bodo/Glimt;https://www.betexplorer.com/soccer/norway/tippeligaen-2016/viking-bodo-glimt/rDRWzlOj/;Rosenborg - Molde;https://www.betexplorer.com/soccer/norway/tippeligaen-2016/rosenborg-molde/jFnhrWVG/;Tromso - Sarpsborg 08;https://www.betexplorer.com/soccer/norway/tippeligaen-2016/tromso-sarpsborg-08/4MSSyU8p/
12. ROUND;Bodo/Glimt - Aalesund;https://www.betexplorer.com/soccer/norway/tippeligaen-2016/bodo-glimt-aalesund/xll5qLAg/;Haugesund - Rosenborg;https://www.betexplorer.com/soccer/norway/tippeligaen-2016/haugesund-rosenborg/lOi9ruQa/;Lillestrom - Viking;https://www.betexplorer.com/soccer/norway/tippeligaen-2016/lillestrom-viking/roiDsau6/;Sogndal - Start;https://www.betexplorer.com/soccer/norway/tippeligaen-2016/sogndal-start/Gx8kOAvo/;Stromsgodset - Valerenga;https://www.betexplorer.com/soccer/norway/tippeligaen-2016/stromsgodset-valerenga/rq0ynEWi/;Molde - Brann;https://www.betexplorer.com/soccer/norway/tippeligaen-2016/molde-brann/MyjHtJfC/;Stabaek - Tromso;https://www.betexplorer.com/soccer/norway/tippeligaen-2016/stabaek-tromso/UudXnfHo/;Sarpsborg 08 - Odd;https://www.betexplorer.com/soccer/norway/tippeligaen-2016/sarpsborg-08-odds-bk/vDpMuwAI/
11. ROUND;Aalesund - Start;https://www.betexplorer.com/soccer/norway/tippeligaen-2016/aalesund-start/dUSVULe0/;Brann - Stabaek;https://www.betexplorer.com/soccer/norway/tippeligaen-2016/brann-stabaek/zLRZTuB6/;Odd - Molde;https://www.betexplorer.com/soccer/norway/tippeligaen-2016/odds-bk-molde/UsRwTaQC/;Rosenborg - Lillestrom;https://www.betexplorer.com/soccer/norway/tippeligaen-2016/rosenborg-lillestrom/roVsSJuJ/;Stromsgodset - Sarpsborg 08;https://www.betexplorer.com/soccer/norway/tippeligaen-2016/stromsgodset-sarpsborg-08/pj9Qj3IJ/;Tromso - Bodo/Glimt;https://www.betexplorer.com/soccer/norway/tippeligaen-2016/tromso-bodo-glimt/Ot8UkNXP/;Valerenga - Haugesund;https://www.betexplorer.com/soccer/norway/tippeligaen-2016/valerenga-haugesund/fPb0p1em/;Viking - Sogndal;https://www.betexplorer.com/soccer/norway/tippeligaen-2016/viking-sogndal/GYadosts/
10. ROUND;Sarpsborg 08 - Aalesund;https://www.betexplorer.com/soccer/norway/tippeligaen-2016/sarpsborg-08-aalesund/KY6ax43Q/;Sogndal - Tromso;https://www.betexplorer.com/soccer/norway/tippeligaen-2016/sogndal-tromso/dfbRXNBs/;Stabaek - Viking;https://www.betexplorer.com/soccer/norway/tippeligaen-2016/stabaek-viking/jHcVWsRm/;Start - Rosenborg;https://www.betexplorer.com/soccer/norway/tippeligaen-2016/start-rosenborg/U7dZV1tf/;Bodo/Glimt - Valerenga;https://www.betexplorer.com/soccer/norway/tippeligaen-2016/bodo-glimt-valerenga/WCQ4GMt7/;Haugesund - Odd;https://www.betexplorer.com/soccer/norway/tippeligaen-2016/haugesund-odds-bk/A3P8FtdD/;Lillestrom - Brann;https://www.betexplorer.com/soccer/norway/tippeligaen-2016/lillestrom-brann/bJIjvQYD/;Molde - Stromsgodset;https://www.betexplorer.com/soccer/norway/tippeligaen-2016/molde-stromsgodset/xAHfwplK/
9. ROUND;Aalesund - Sogndal;https://www.betexplorer.com/soccer/norway/tippeligaen-2016/aalesund-sogndal/xjk9Rnk8/;Haugesund - Molde;https://www.betexplorer.com/soccer/norway/tippeligaen-2016/haugesund-molde/pGhHPQJK/;Odd - Bodo/Glimt;https://www.betexplorer.com/soccer/norway/tippeligaen-2016/odds-bk-bodo-glimt/O6iLOpZQ/;Rosenborg - Stabaek;https://www.betexplorer.com/soccer/norway/tippeligaen-2016/rosenborg-stabaek/40ZmK4sr/;Valerenga - Sarpsborg 08;https://www.betexplorer.com/soccer/norway/tippeligaen-2016/valerenga-sarpsborg-08/lly0H2R0/;Brann - Start;https://www.betexplorer.com/soccer/norway/tippeligaen-2016/brann-start/jggDQ64E/;Stromsgodset - Lillestrom;https://www.betexplorer.com/soccer/norway/tippeligaen-2016/stromsgodset-lillestrom/riYiJOdl/;Viking - Tromso;https://www.betexplorer.com/soccer/norway/tippeligaen-2016/viking-tromso/xEXeIrCf/
8. ROUND;Bodo/Glimt - Sarpsborg 08;https://www.betexplorer.com/soccer/norway/tippeligaen-2016/bodo-glimt-sarpsborg-08/IuZZCmzF/;Sogndal - Rosenborg;https://www.betexplorer.com/soccer/norway/tippeligaen-2016/sogndal-rosenborg/SEO96oDr/;Stabaek - Odd;https://www.betexplorer.com/soccer/norway/tippeligaen-2016/stabaek-odds-bk/AwEE55Sl/;Start - Stromsgodset;https://www.betexplorer.com/soccer/norway/tippeligaen-2016/start-stromsgodset/lUCI4Pse/;Tromso - Brann;https://www.betexplorer.com/soccer/norway/tippeligaen-2016/tromso-brann/dfCM3qc1/;Viking - Haugesund;https://www.betexplorer.com/soccer/norway/tippeligaen-2016/viking-haugesund/zoBQ23C7/;Lillestrom - Valerenga;https://www.betexplorer.com/soccer/norway/tippeligaen-2016/lillestrom-valerenga/dWXwC7kL/;Molde - Aalesund;https://www.betexplorer.com/soccer/norway/tippeligaen-2016/molde-aalesund/jgXsBR4R/
7. ROUND;Haugesund - Stabaek;https://www.betexplorer.com/soccer/norway/tippeligaen-2016/haugesund-stabaek/lApXhSrq/;Aalesund - Tromso;https://www.betexplorer.com/soccer/norway/tippeligaen-2016/aalesund-tromso/rBIaBzaA/;Odd - Lillestrom;https://www.betexplorer.com/soccer/norway/tippeligaen-2016/odds-bk-lillestrom/S0qyhnbk/;Rosenborg - Viking;https://www.betexplorer.com/soccer/norway/tippeligaen-2016/rosenborg-viking/APYui6De/;Sarpsborg 08 - Molde;https://www.betexplorer.com/soccer/norway/tippeligaen-2016/sarpsborg-08-molde/8AiqjQS1/;Valerenga - Start;https://www.betexplorer.com/soccer/norway/tippeligaen-2016/valerenga-start/04vVDTK8/;Brann - Sogndal;https://www.betexplorer.com/soccer/norway/tippeligaen-2016/brann-sogndal/M1H3AfEG/;Stromsgodset - Bodo/Glimt;https://www.betexplorer.com/soccer/norway/tippeligaen-2016/stromsgodset-bodo-glimt/MDuRE952/
6. ROUND;Lillestrom - Aalesund;https://www.betexplorer.com/soccer/norway/tippeligaen-2016/lillestrom-aalesund/GvmvCnYN/;Molde - Valerenga;https://www.betexplorer.com/soccer/norway/tippeligaen-2016/molde-valerenga/A1nrB6mU/;Start - Sarpsborg 08;https://www.betexplorer.com/soccer/norway/tippeligaen-2016/start-sarpsborg-08/hMPnExFi/;Tromso - Rosenborg;https://www.betexplorer.com/soccer/norway/tippeligaen-2016/tromso-rosenborg/nqPjDdUc/;Bodo/Glimt - Haugesund;https://www.betexplorer.com/soccer/norway/tippeligaen-2016/bodo-glimt-haugesund/2yqzDSIH/;Sogndal - Odd;https://www.betexplorer.com/soccer/norway/tippeligaen-2016/sogndal-odds-bk/CAY96Qeo/;Stabaek - Stromsgodset;https://www.betexplorer.com/soccer/norway/tippeligaen-2016/stabaek-stromsgodset/EVQrFIao/;Viking - Brann;https://www.betexplorer.com/soccer/norway/tippeligaen-2016/viking-brann/0nTfCGq4/
5. ROUND;Aalesund - Viking;https://www.betexplorer.com/soccer/norway/tippeligaen-2016/aalesund-viking/OpO0bT3O/;Bodo/Glimt - Molde;https://www.betexplorer.com/soccer/norway/tippeligaen-2016/bodo-glimt-molde/2yN4cmJU/;Odd - Start;https://www.betexplorer.com/soccer/norway/tippeligaen-2016/odds-bk-start/jX1EHj4n/;Sarpsborg 08 - Stabaek;https://www.betexplorer.com/soccer/norway/tippeligaen-2016/sarpsborg-08-stabaek/CnjNFUYb/;Valerenga - Tromso;https://www.betexplorer.com/soccer/norway/tippeligaen-2016/valerenga-tromso/KCgVD83B/;Rosenborg - Brann;https://www.betexplorer.com/soccer/norway/tippeligaen-2016/rosenborg-brann/YeiJGAJh/;Stromsgodset - Sogndal;https://www.betexplorer.com/soccer/norway/tippeligaen-2016/stromsgodset-sogndal/tMfREll5/;Haugesund - Lillestrom;https://www.betexplorer.com/soccer/norway/tippeligaen-2016/haugesund-lillestrom/vcbAIWlt/
4. ROUND;Brann - Bodo/Glimt;https://www.betexplorer.com/soccer/norway/tippeligaen-2016/brann-bodo-glimt/2gx69gCP/;Rosenborg - Aalesund;https://www.betexplorer.com/soccer/norway/tippeligaen-2016/rosenborg-aalesund/bwwy4XZn/;Start - Molde;https://www.betexplorer.com/soccer/norway/tippeligaen-2016/start-molde/YeVm1VJ5/;Tromso - Stromsgodset;https://www.betexplorer.com/soccer/norway/tippeligaen-2016/tromso-stromsgodset/SIUi0kZB/;Viking - Odd;https://www.betexplorer.com/soccer/norway/tippeligaen-2016/viking-odds-bk/69Tea9lI/;Lillestrom - Sarpsborg 08;https://www.betexplorer.com/soccer/norway/tippeligaen-2016/lillestrom-sarpsborg-08/42OX4DKt/;Stabaek - Valerenga;https://www.betexplorer.com/soccer/norway/tippeligaen-2016/stabaek-valerenga/KhRq2B4a/;Sogndal - Haugesund;https://www.betexplorer.com/soccer/norway/tippeligaen-2016/sogndal-haugesund/xUyu3ikg/
3. ROUND;Aalesund - Brann;https://www.betexplorer.com/soccer/norway/tippeligaen-2016/aalesund-brann/C8afifjs/;Bodo/Glimt - Stabaek;https://www.betexplorer.com/soccer/norway/tippeligaen-2016/bodo-glimt-stabaek/Or3bjE5m/;Odd - Tromso;https://www.betexplorer.com/soccer/norway/tippeligaen-2016/odds-bk-tromso/dd16lhz0/;Sarpsborg 08 - Sogndal;https://www.betexplorer.com/soccer/norway/tippeligaen-2016/sarpsborg-08-sogndal/EXeBmCk6/;Stromsgodset - Haugesund;https://www.betexplorer.com/soccer/norway/tippeligaen-2016/stromsgodset-haugesund/nofJojKI/;Start - Viking;https://www.betexplorer.com/soccer/norway/tippeligaen-2016/start-viking/hOfFnW4C/;Valerenga - Rosenborg;https://www.betexplorer.com/soccer/norway/tippeligaen-2016/valerenga-rosenborg/0lbNpAZO/;Molde - Lillestrom;https://www.betexplorer.com/soccer/norway/tippeligaen-2016/molde-lillestrom/I522kYKg/
2. ROUND;Brann - Odd;https://www.betexplorer.com/soccer/norway/tippeligaen-2016/brann-odds-bk/WlvLxeyl/;Lillestrom - Bodo/Glimt;https://www.betexplorer.com/soccer/norway/tippeligaen-2016/lillestrom-bodo-glimt/42xTzZ50/;Sogndal - Valerenga;https://www.betexplorer.com/soccer/norway/tippeligaen-2016/sogndal-valerenga/0UVyZCzD/;Stabaek - Molde;https://www.betexplorer.com/soccer/norway/tippeligaen-2016/stabaek-molde/vLUuYWkJ/;Viking - Sarpsborg 08;https://www.betexplorer.com/soccer/norway/tippeligaen-2016/viking-sarpsborg-08/6RMRezrQ/;Haugesund - Aalesund;https://www.betexplorer.com/soccer/norway/tippeligaen-2016/haugesund-aalesund/AuwPyFjf/;Rosenborg - Stromsgodset;https://www.betexplorer.com/soccer/norway/tippeligaen-2016/rosenborg-stromsgodset/I5tXZhL6/;Tromso - Start;https://www.betexplorer.com/soccer/norway/tippeligaen-2016/tromso-start/SzONdGSJ/
1. ROUND;Valerenga - Viking;https://www.betexplorer.com/soccer/norway/tippeligaen-2016/valerenga-viking/jwNNwyMs/;Bodo/Glimt - Sogndal;https://www.betexplorer.com/soccer/norway/tippeligaen-2016/bodo-glimt-sogndal/dIEez2Fk/;Molde - Tromso;https://www.betexplorer.com/soccer/norway/tippeligaen-2016/molde-tromso/QiJaZLUe/;Sarpsborg 08 - Haugesund;https://www.betexplorer.com/soccer/norway/tippeligaen-2016/sarpsborg-08-haugesund/6mdncPM2/;Start - Lillestrom;https://www.betexplorer.com/soccer/norway/tippeligaen-2016/start-lillestrom/Kj0jdqx9/;Stromsgodset - Brann;https://www.betexplorer.com/soccer/norway/tippeligaen-2016/stromsgodset-brann/EDafe3iF/;Odd - Rosenborg;https://www.betexplorer.com/soccer/norway/tippeligaen-2016/odds-bk-rosenborg/4rI3Yup2/;Aalesund - Stabaek;https://www.betexplorer.com/soccer/norway/tippeligaen-2016/aalesund-stabaek/IRFiyr0q/
