38. ROUND;Caen - Paris SG;https://www.betexplorer.com/soccer/france/ligue-1-2017-2018/caen-paris-sg/2gdDjXDg/;Dijon - Angers;https://www.betexplorer.com/soccer/france/ligue-1-2017-2018/dijon-angers/Gd0HkiTa/;Lyon - Nice;https://www.betexplorer.com/soccer/france/ligue-1-2017-2018/lyon-nice/bLkMlBr6/;Marseille - Amiens;https://www.betexplorer.com/soccer/france/ligue-1-2017-2018/marseille-amiens-sc/xClQmVcC/;Metz - Bordeaux;https://www.betexplorer.com/soccer/france/ligue-1-2017-2018/metz-bordeaux/6ogUnkDI/;Nantes - Strasbourg;https://www.betexplorer.com/soccer/france/ligue-1-2017-2018/nantes-strasbourg/pxhYo9SO/;Rennes - Montpellier;https://www.betexplorer.com/soccer/france/ligue-1-2017-2018/rennes-montpellier/nsWGAh5P/;St Etienne - Lille;https://www.betexplorer.com/soccer/france/ligue-1-2017-2018/st-etienne-lille/8pxr6CDt/;Toulouse - Guingamp;https://www.betexplorer.com/soccer/france/ligue-1-2017-2018/toulouse-guingamp/27yn5WSn/;Troyes - Monaco;https://www.betexplorer.com/soccer/france/ligue-1-2017-2018/troyes-monaco/tbzj4jrg/
37. ROUND;Amiens - Metz;https://www.betexplorer.com/soccer/france/ligue-1-2017-2018/amiens-sc-metz/h0nEftFR/;Angers - Nantes;https://www.betexplorer.com/soccer/france/ligue-1-2017-2018/angers-nantes/f9Yuj0Nr/;Bordeaux - Toulouse;https://www.betexplorer.com/soccer/france/ligue-1-2017-2018/bordeaux-toulouse/OrwpkKxk/;Lille - Dijon;https://www.betexplorer.com/soccer/france/ligue-1-2017-2018/lille-dijon/pbRhmb71/;Monaco - St Etienne;https://www.betexplorer.com/soccer/france/ligue-1-2017-2018/monaco-st-etienne/b1VdnIM7/;Montpellier - Troyes;https://www.betexplorer.com/soccer/france/ligue-1-2017-2018/montpellier-troyes/C4JvB1a8/;Nice - Caen;https://www.betexplorer.com/soccer/france/ligue-1-2017-2018/nice-caen/jeIrALEE/;Paris SG - Rennes;https://www.betexplorer.com/soccer/france/ligue-1-2017-2018/paris-sg-rennes/Uub5hgqs/;Strasbourg - Lyon;https://www.betexplorer.com/soccer/france/ligue-1-2017-2018/strasbourg-lyon/8Wd9iDbm/;Guingamp - Marseille;https://www.betexplorer.com/soccer/france/ligue-1-2017-2018/guingamp-marseille/2Zyllvhe/
36. ROUND;Caen - Monaco;https://www.betexplorer.com/soccer/france/ligue-1-2017-2018/caen-monaco/dYWZtNpS/;Dijon - Guingamp;https://www.betexplorer.com/soccer/france/ligue-1-2017-2018/dijon-guingamp/2F92xsgq/;Lyon - Troyes;https://www.betexplorer.com/soccer/france/ligue-1-2017-2018/lyon-troyes/GID6y18k/;Marseille - Nice;https://www.betexplorer.com/soccer/france/ligue-1-2017-2018/marseille-nice/AuDAzLNe/;Metz - Angers;https://www.betexplorer.com/soccer/france/ligue-1-2017-2018/metz-angers/lWBEZvw2/;Nantes - Montpellier;https://www.betexplorer.com/soccer/france/ligue-1-2017-2018/nantes-montpellier/QmecbOF2/;Rennes - Strasbourg;https://www.betexplorer.com/soccer/france/ligue-1-2017-2018/rennes-strasbourg/4vf1crV8/;St Etienne - Bordeaux;https://www.betexplorer.com/soccer/france/ligue-1-2017-2018/st-etienne-bordeaux/b1g5d2pF/;Toulouse - Lille;https://www.betexplorer.com/soccer/france/ligue-1-2017-2018/toulouse-lille/Ayc9eMaL/;Amiens - Paris SG;https://www.betexplorer.com/soccer/france/ligue-1-2017-2018/amiens-sc-paris-sg/IsYVs3VL/
35. ROUND;Angers - Marseille;https://www.betexplorer.com/soccer/france/ligue-1-2017-2018/angers-marseille/WCfkVPoG/;Paris SG - Guingamp;https://www.betexplorer.com/soccer/france/ligue-1-2017-2018/paris-sg-guingamp/llRFooWd/;Rennes - Toulouse;https://www.betexplorer.com/soccer/france/ligue-1-2017-2018/rennes-toulouse/2iVJp5o3/;Bordeaux - Dijon;https://www.betexplorer.com/soccer/france/ligue-1-2017-2018/bordeaux-dijon/rmbgUq1M/;Lille - Metz;https://www.betexplorer.com/soccer/france/ligue-1-2017-2018/lille-metz/xAccT3GS/;Lyon - Nantes;https://www.betexplorer.com/soccer/france/ligue-1-2017-2018/lyon-nantes/vJqPONOq/;Monaco - Amiens;https://www.betexplorer.com/soccer/france/ligue-1-2017-2018/monaco-amiens-sc/dfvUNsvj/;Strasbourg - Nice;https://www.betexplorer.com/soccer/france/ligue-1-2017-2018/strasbourg-nice/pGKOqP09/;Troyes - Caen;https://www.betexplorer.com/soccer/france/ligue-1-2017-2018/troyes-caen/O6JSrqGF/;Montpellier - St Etienne;https://www.betexplorer.com/soccer/france/ligue-1-2017-2018/montpellier-st-etienne/zowYM1gd/
33. ROUND;Caen - Toulouse;https://www.betexplorer.com/soccer/france/ligue-1-2017-2018/caen-toulouse/2a3zIFBa/
34. ROUND;Bordeaux - Paris SG;https://www.betexplorer.com/soccer/france/ligue-1-2017-2018/bordeaux-paris-sg/AsIIH6HG/;Nice - Montpellier;https://www.betexplorer.com/soccer/france/ligue-1-2017-2018/nice-montpellier/tO1xYR1c/;St Etienne - Troyes;https://www.betexplorer.com/soccer/france/ligue-1-2017-2018/st-etienne-troyes/Ac6tXoH3/;Amiens - Strasbourg;https://www.betexplorer.com/soccer/france/ligue-1-2017-2018/amiens-sc-strasbourg/WjJEIn2A/;Guingamp - Monaco;https://www.betexplorer.com/soccer/france/ligue-1-2017-2018/guingamp-monaco/UqYJFpnT/;Marseille - Lille;https://www.betexplorer.com/soccer/france/ligue-1-2017-2018/marseille-lille/nPKoB4fp/;Metz - Caen;https://www.betexplorer.com/soccer/france/ligue-1-2017-2018/metz-caen/0SOkAO9j/;Toulouse - Angers;https://www.betexplorer.com/soccer/france/ligue-1-2017-2018/toulouse-angers/ll5pW5W9/;Dijon - Lyon;https://www.betexplorer.com/soccer/france/ligue-1-2017-2018/dijon-lyon/jgZFGQWM/;Nantes - Rennes;https://www.betexplorer.com/soccer/france/ligue-1-2017-2018/nantes-rennes/2X2YY7ni/
33. ROUND;Montpellier - Bordeaux;https://www.betexplorer.com/soccer/france/ligue-1-2017-2018/montpellier-bordeaux/xWAnFDeI/;Paris SG - Monaco;https://www.betexplorer.com/soccer/france/ligue-1-2017-2018/paris-sg-monaco/2BRcMU2o/;Troyes - Marseille;https://www.betexplorer.com/soccer/france/ligue-1-2017-2018/troyes-marseille/xUJAJSn4/;Lille - Guingamp;https://www.betexplorer.com/soccer/france/ligue-1-2017-2018/lille-guingamp/dM2vHZQ5/;Lyon - Amiens;https://www.betexplorer.com/soccer/france/ligue-1-2017-2018/lyon-amiens-sc/f7LsGgtC/;Nantes - Dijon;https://www.betexplorer.com/soccer/france/ligue-1-2017-2018/nantes-dijon/EeYFcoQp/;Rennes - Metz;https://www.betexplorer.com/soccer/france/ligue-1-2017-2018/rennes-metz/t2Q1LlIi/;Strasbourg - St Etienne;https://www.betexplorer.com/soccer/france/ligue-1-2017-2018/strasbourg-st-etienne/OQF6K8Xc/;Angers - Nice;https://www.betexplorer.com/soccer/france/ligue-1-2017-2018/angers-nice/O84WIedg/
32. ROUND;Marseille - Montpellier;https://www.betexplorer.com/soccer/france/ligue-1-2017-2018/marseille-montpellier/EZf7IRpD/;Metz - Lyon;https://www.betexplorer.com/soccer/france/ligue-1-2017-2018/metz-lyon/hQgBHo0J/;Nice - Rennes;https://www.betexplorer.com/soccer/france/ligue-1-2017-2018/nice-rennes/A1OePcJP/;Amiens - Caen;https://www.betexplorer.com/soccer/france/ligue-1-2017-2018/amiens-sc-caen/Wj3jM9ol/;Angers - Strasbourg;https://www.betexplorer.com/soccer/france/ligue-1-2017-2018/angers-strasbourg/pf7fLT0f/;Bordeaux - Lille;https://www.betexplorer.com/soccer/france/ligue-1-2017-2018/bordeaux-lille/SIdaKmG0/;Guingamp - Troyes;https://www.betexplorer.com/soccer/france/ligue-1-2017-2018/guingamp-troyes/69e3J7V6/;Monaco - Nantes;https://www.betexplorer.com/soccer/france/ligue-1-2017-2018/monaco-nantes/dbKiQw4J/;Toulouse - Dijon;https://www.betexplorer.com/soccer/france/ligue-1-2017-2018/toulouse-dijon/6X9RJysm/;St Etienne - Paris SG;https://www.betexplorer.com/soccer/france/ligue-1-2017-2018/st-etienne-paris-sg/StBNKHRt/
31. ROUND;Rennes - Monaco;https://www.betexplorer.com/soccer/france/ligue-1-2017-2018/rennes-monaco/IqNFSB8K/;Caen - Montpellier;https://www.betexplorer.com/soccer/france/ligue-1-2017-2018/caen-montpellier/pzu99W1r/;Guingamp - Bordeaux;https://www.betexplorer.com/soccer/france/ligue-1-2017-2018/guingamp-bordeaux/h0rH7AWf/;Lille - Amiens;https://www.betexplorer.com/soccer/france/ligue-1-2017-2018/lille-amiens-sc/WjsL6Uo1/;Lyon - Toulouse;https://www.betexplorer.com/soccer/france/ligue-1-2017-2018/lyon-toulouse/EFWP5l17/;Nantes - St Etienne;https://www.betexplorer.com/soccer/france/ligue-1-2017-2018/nantes-st-etienne/QkzU48GD/;Strasbourg - Metz;https://www.betexplorer.com/soccer/france/ligue-1-2017-2018/strasbourg-metz/zLHKRVNQ/;Troyes - Nice;https://www.betexplorer.com/soccer/france/ligue-1-2017-2018/troyes-nice/xU3nNkWs/;Dijon - Marseille;https://www.betexplorer.com/soccer/france/ligue-1-2017-2018/dijon-marseille/OQwD8jHl/
30. ROUND;Marseille - Lyon;https://www.betexplorer.com/soccer/france/ligue-1-2017-2018/marseille-lyon/YLtnfi2e/;Metz - Nantes;https://www.betexplorer.com/soccer/france/ligue-1-2017-2018/metz-nantes/SrtjgBH1/;Nice - Paris SG;https://www.betexplorer.com/soccer/france/ligue-1-2017-2018/nice-paris-sg/WSbYFYOE/;St Etienne - Guingamp;https://www.betexplorer.com/soccer/france/ligue-1-2017-2018/st-etienne-guingamp/QkbxFhvL/;Amiens - Troyes;https://www.betexplorer.com/soccer/france/ligue-1-2017-2018/amiens-sc-troyes/zo1B0gPR/;Angers - Caen;https://www.betexplorer.com/soccer/france/ligue-1-2017-2018/angers-caen/xfmwdDXr/;Bordeaux - Rennes;https://www.betexplorer.com/soccer/france/ligue-1-2017-2018/bordeaux-rennes/KIxreXnk/;Montpellier - Dijon;https://www.betexplorer.com/soccer/france/ligue-1-2017-2018/montpellier-dijon/hx0UGE98/;Toulouse - Strasbourg;https://www.betexplorer.com/soccer/france/ligue-1-2017-2018/toulouse-strasbourg/vg2tECgR/;Monaco - Lille;https://www.betexplorer.com/soccer/france/ligue-1-2017-2018/monaco-lille/6ZvfhVW7/
31. ROUND;Paris SG - Angers;https://www.betexplorer.com/soccer/france/ligue-1-2017-2018/paris-sg-angers/vgOBTigE/
29. ROUND;Guingamp - Nice;https://www.betexplorer.com/soccer/france/ligue-1-2017-2018/guingamp-nice/p0Oarf3q/;Lyon - Caen;https://www.betexplorer.com/soccer/france/ligue-1-2017-2018/lyon-caen/tSH8tYXe/;Toulouse - Marseille;https://www.betexplorer.com/soccer/france/ligue-1-2017-2018/toulouse-marseille/6Bd71Z9L/;Bordeaux - Angers;https://www.betexplorer.com/soccer/france/ligue-1-2017-2018/bordeaux-angers/v1dS02JA/;Dijon - Amiens;https://www.betexplorer.com/soccer/france/ligue-1-2017-2018/dijon-amiens-sc/h40WaMYG/;Lille - Montpellier;https://www.betexplorer.com/soccer/france/ligue-1-2017-2018/lille-montpellier/OjN3sEIk/;Nantes - Troyes;https://www.betexplorer.com/soccer/france/ligue-1-2017-2018/nantes-troyes/KIGCuhm2/;Paris SG - Metz;https://www.betexplorer.com/soccer/france/ligue-1-2017-2018/paris-sg-metz/YL4f4yQ2/;Rennes - St Etienne;https://www.betexplorer.com/soccer/france/ligue-1-2017-2018/rennes-st-etienne/pd8b3eu9/;Strasbourg - Monaco;https://www.betexplorer.com/soccer/france/ligue-1-2017-2018/strasbourg-monaco/SKc32FfF/
28. ROUND;Caen - Strasbourg;https://www.betexplorer.com/soccer/france/ligue-1-2017-2018/caen-strasbourg/Kjtgn34H/;Marseille - Nantes;https://www.betexplorer.com/soccer/france/ligue-1-2017-2018/marseille-nantes/bsucoNJN/;Montpellier - Lyon;https://www.betexplorer.com/soccer/france/ligue-1-2017-2018/montpellier-lyon/WU9B4pKo/;Amiens - Rennes;https://www.betexplorer.com/soccer/france/ligue-1-2017-2018/amiens-sc-rennes/OOnplPZ4/;Angers - Guingamp;https://www.betexplorer.com/soccer/france/ligue-1-2017-2018/angers-guingamp/2FolmqkB/;Metz - Toulouse;https://www.betexplorer.com/soccer/france/ligue-1-2017-2018/metz-toulouse/h4v1psZT/;St Etienne - Dijon;https://www.betexplorer.com/soccer/france/ligue-1-2017-2018/st-etienne-dijon/Io8J2Olb/;Troyes - Paris SG;https://www.betexplorer.com/soccer/france/ligue-1-2017-2018/troyes-paris-sg/dx7N1r44/;Monaco - Bordeaux;https://www.betexplorer.com/soccer/france/ligue-1-2017-2018/monaco-bordeaux/UPVSu1so/;Nice - Lille;https://www.betexplorer.com/soccer/france/ligue-1-2017-2018/nice-lille/AL8F34Zi/
27. ROUND;Bordeaux - Nice;https://www.betexplorer.com/soccer/france/ligue-1-2017-2018/bordeaux-nice/jc93ynja/;Lyon - St Etienne;https://www.betexplorer.com/soccer/france/ligue-1-2017-2018/lyon-st-etienne/Kx1KX3kO/;Paris SG - Marseille;https://www.betexplorer.com/soccer/france/ligue-1-2017-2018/paris-sg-marseille/A1tUi7zt/;Dijon - Caen;https://www.betexplorer.com/soccer/france/ligue-1-2017-2018/dijon-caen/Um87z655/;Guingamp - Metz;https://www.betexplorer.com/soccer/france/ligue-1-2017-2018/guingamp-metz/OA7BZPKB/;Lille - Angers;https://www.betexplorer.com/soccer/france/ligue-1-2017-2018/lille-angers/xEBFYqzI/;Nantes - Amiens;https://www.betexplorer.com/soccer/france/ligue-1-2017-2018/nantes-amiens-sc/bTaOWN4U/;Rennes - Troyes;https://www.betexplorer.com/soccer/france/ligue-1-2017-2018/rennes-troyes/lhuYjRkn/;Toulouse - Monaco;https://www.betexplorer.com/soccer/france/ligue-1-2017-2018/toulouse-monaco/U1mtk5Kb/;Strasbourg - Montpellier;https://www.betexplorer.com/soccer/france/ligue-1-2017-2018/strasbourg-montpellier/WGUxjo5h/
24. ROUND;Troyes - Dijon;https://www.betexplorer.com/soccer/france/ligue-1-2017-2018/troyes-dijon/Ms5sDB7s/
26. ROUND;Lille - Lyon;https://www.betexplorer.com/soccer/france/ligue-1-2017-2018/lille-lyon/jsLuM6jC/;Marseille - Bordeaux;https://www.betexplorer.com/soccer/france/ligue-1-2017-2018/marseille-bordeaux/KGPqLQ5I/;Nice - Nantes;https://www.betexplorer.com/soccer/france/ligue-1-2017-2018/nice-nantes/xYgbvl6t/;Amiens - Toulouse;https://www.betexplorer.com/soccer/france/ligue-1-2017-2018/amiens-sc-toulouse/IiTSO86g/;Angers - St Etienne;https://www.betexplorer.com/soccer/france/ligue-1-2017-2018/angers-st-etienne/URWWNSLa/;Caen - Rennes;https://www.betexplorer.com/soccer/france/ligue-1-2017-2018/caen-rennes/CjMyNny6/;Montpellier - Guingamp;https://www.betexplorer.com/soccer/france/ligue-1-2017-2018/montpellier-guingamp/0C2WrUcP/;Paris SG - Strasbourg;https://www.betexplorer.com/soccer/france/ligue-1-2017-2018/paris-sg-strasbourg/Wfg2w8Ln/;Troyes - Metz;https://www.betexplorer.com/soccer/france/ligue-1-2017-2018/troyes-metz/Aoh6xSzg/;Monaco - Dijon;https://www.betexplorer.com/soccer/france/ligue-1-2017-2018/monaco-dijon/b7OmKpLO/
25. ROUND;Lyon - Rennes;https://www.betexplorer.com/soccer/france/ligue-1-2017-2018/lyon-rennes/bmd28mMC/;Nantes - Lille;https://www.betexplorer.com/soccer/france/ligue-1-2017-2018/nantes-lille/QgllWjEJ/;Strasbourg - Troyes;https://www.betexplorer.com/soccer/france/ligue-1-2017-2018/strasbourg-troyes/pvVKQUys/;Angers - Monaco;https://www.betexplorer.com/soccer/france/ligue-1-2017-2018/angers-monaco/46fnCVMm/;Bordeaux - Amiens;https://www.betexplorer.com/soccer/france/ligue-1-2017-2018/bordeaux-amiens-sc/rcgjBkxf/;Dijon - Nice;https://www.betexplorer.com/soccer/france/ligue-1-2017-2018/dijon-nice/xY7gA9i0/;Guingamp - Caen;https://www.betexplorer.com/soccer/france/ligue-1-2017-2018/guingamp-caen/GO6c9T66/;Metz - Montpellier;https://www.betexplorer.com/soccer/france/ligue-1-2017-2018/metz-montpellier/Cj0677yJ/;Toulouse - Paris SG;https://www.betexplorer.com/soccer/france/ligue-1-2017-2018/toulouse-paris-sg/OUTOPlim/;St Etienne - Marseille;https://www.betexplorer.com/soccer/france/ligue-1-2017-2018/st-etienne-marseille/4pmhVATP/
24. ROUND;Caen - Nantes;https://www.betexplorer.com/soccer/france/ligue-1-2017-2018/caen-nantes/A5GrFbwS/;Monaco - Lyon;https://www.betexplorer.com/soccer/france/ligue-1-2017-2018/monaco-lyon/MqdJ8dGe/;Rennes - Guingamp;https://www.betexplorer.com/soccer/france/ligue-1-2017-2018/rennes-guingamp/GrwAVJN8/;Amiens - St Etienne;https://www.betexplorer.com/soccer/france/ligue-1-2017-2018/amiens-sc-st-etienne/WEHvGvOL/;Lille - Paris SG;https://www.betexplorer.com/soccer/france/ligue-1-2017-2018/lille-paris-sg/GngBAIoq/;Montpellier - Angers;https://www.betexplorer.com/soccer/france/ligue-1-2017-2018/montpellier-angers/0zeN7GV1/;Nice - Toulouse;https://www.betexplorer.com/soccer/france/ligue-1-2017-2018/nice-toulouse/xhv6Wa82/;Strasbourg - Bordeaux;https://www.betexplorer.com/soccer/france/ligue-1-2017-2018/strasbourg-bordeaux/A5xEUwwF/;Marseille - Metz;https://www.betexplorer.com/soccer/france/ligue-1-2017-2018/marseille-metz/SMdF9x1k/
23. ROUND;Bordeaux - Lyon;https://www.betexplorer.com/soccer/france/ligue-1-2017-2018/bordeaux-lyon/boV82LgM/;Lille - Strasbourg;https://www.betexplorer.com/soccer/france/ligue-1-2017-2018/lille-strasbourg/zTXydJWk/;Marseille - Monaco;https://www.betexplorer.com/soccer/france/ligue-1-2017-2018/marseille-monaco/EJWuewnd/;Angers - Amiens;https://www.betexplorer.com/soccer/france/ligue-1-2017-2018/angers-amiens-sc/prR431vG/;Guingamp - Nantes;https://www.betexplorer.com/soccer/france/ligue-1-2017-2018/guingamp-nantes/fHGvcaHq/;Metz - Nice;https://www.betexplorer.com/soccer/france/ligue-1-2017-2018/metz-nice/SMKNJMOd/;Paris SG - Montpellier;https://www.betexplorer.com/soccer/france/ligue-1-2017-2018/paris-sg-montpellier/tQORItv3/;St Etienne - Caen;https://www.betexplorer.com/soccer/france/ligue-1-2017-2018/st-etienne-caen/OlEWH0g9/;Toulouse - Troyes;https://www.betexplorer.com/soccer/france/ligue-1-2017-2018/toulouse-troyes/2uDzHK8F/;Dijon - Rennes;https://www.betexplorer.com/soccer/france/ligue-1-2017-2018/dijon-rennes/h8UC1u9S/
22. ROUND;Lyon - Paris SG;https://www.betexplorer.com/soccer/france/ligue-1-2017-2018/lyon-paris-sg/2TSIuUBS/;Monaco - Metz;https://www.betexplorer.com/soccer/france/ligue-1-2017-2018/monaco-metz/4xFpylKq/;Nice - St Etienne;https://www.betexplorer.com/soccer/france/ligue-1-2017-2018/nice-st-etienne/CvdybBRd/;Amiens - Guingamp;https://www.betexplorer.com/soccer/france/ligue-1-2017-2018/amiens-sc-guingamp/61Z9sjsG/;Montpellier - Toulouse;https://www.betexplorer.com/soccer/france/ligue-1-2017-2018/montpellier-toulouse/baElz8Zk/;Nantes - Bordeaux;https://www.betexplorer.com/soccer/france/ligue-1-2017-2018/nantes-bordeaux/AZHhZRld/;Rennes - Angers;https://www.betexplorer.com/soccer/france/ligue-1-2017-2018/rennes-angers/jVfucVt3/;Strasbourg - Dijon;https://www.betexplorer.com/soccer/france/ligue-1-2017-2018/strasbourg-dijon/K4aqdkd9/;Troyes - Lille;https://www.betexplorer.com/soccer/france/ligue-1-2017-2018/troyes-lille/bebme9BF/;Caen - Marseille;https://www.betexplorer.com/soccer/france/ligue-1-2017-2018/caen-marseille/phYDtAdM/
21. ROUND;Amiens - Montpellier;https://www.betexplorer.com/soccer/france/ligue-1-2017-2018/amiens-sc-montpellier/IaPRsaya/;Angers - Troyes;https://www.betexplorer.com/soccer/france/ligue-1-2017-2018/angers-troyes/djOVtJj5/;Guingamp - Lyon;https://www.betexplorer.com/soccer/france/ligue-1-2017-2018/guingamp-lyon/4GRwucLH/;Lille - Rennes;https://www.betexplorer.com/soccer/france/ligue-1-2017-2018/lille-rennes/pEu8NUkp/;Metz - St Etienne;https://www.betexplorer.com/soccer/france/ligue-1-2017-2018/metz-st-etienne/xMsgoYsi/;Paris SG - Dijon;https://www.betexplorer.com/soccer/france/ligue-1-2017-2018/paris-sg-dijon/byW1qCC3/;Toulouse - Nantes;https://www.betexplorer.com/soccer/france/ligue-1-2017-2018/toulouse-nantes/Cvz6rWR9/;Bordeaux - Caen;https://www.betexplorer.com/soccer/france/ligue-1-2017-2018/bordeaux-caen/jDNZuw6B/;Marseille - Strasbourg;https://www.betexplorer.com/soccer/france/ligue-1-2017-2018/marseille-strasbourg/O4vCMl5j/;Monaco - Nice;https://www.betexplorer.com/soccer/france/ligue-1-2017-2018/monaco-nice/GCtcphcc/
20. ROUND;Lyon - Angers;https://www.betexplorer.com/soccer/france/ligue-1-2017-2018/lyon-angers/2TCfqie6/;Nantes - Paris SG;https://www.betexplorer.com/soccer/france/ligue-1-2017-2018/nantes-paris-sg/AgG2sVPI/;St Etienne - Toulouse;https://www.betexplorer.com/soccer/france/ligue-1-2017-2018/st-etienne-toulouse/SAWEp1it/;Caen - Lille;https://www.betexplorer.com/soccer/france/ligue-1-2017-2018/caen-lille/61JooDQg/;Dijon - Metz;https://www.betexplorer.com/soccer/france/ligue-1-2017-2018/dijon-metz/K4NkpXu0/;Montpellier - Monaco;https://www.betexplorer.com/soccer/france/ligue-1-2017-2018/montpellier-monaco/tKBbrBAC/;Nice - Amiens;https://www.betexplorer.com/soccer/france/ligue-1-2017-2018/nice-amiens-sc/lpF6tkuP/;Rennes - Marseille;https://www.betexplorer.com/soccer/france/ligue-1-2017-2018/rennes-marseille/hIumksqP/;Troyes - Bordeaux;https://www.betexplorer.com/soccer/france/ligue-1-2017-2018/troyes-bordeaux/0OUMruMh/;Strasbourg - Guingamp;https://www.betexplorer.com/soccer/france/ligue-1-2017-2018/strasbourg-guingamp/MXVIqL6n/
19. ROUND;Amiens - Nantes;https://www.betexplorer.com/soccer/france/ligue-1-2017-2018/amiens-sc-nantes/fsYBYZtl/;Angers - Dijon;https://www.betexplorer.com/soccer/france/ligue-1-2017-2018/angers-dijon/YXWFXgdf/;Bordeaux - Montpellier;https://www.betexplorer.com/soccer/france/ligue-1-2017-2018/bordeaux-montpellier/27yKWDB0/;Guingamp - St Etienne;https://www.betexplorer.com/soccer/france/ligue-1-2017-2018/guingamp-st-etienne/tbzOVXQ6/;Lille - Nice;https://www.betexplorer.com/soccer/france/ligue-1-2017-2018/lille-nice/OMPSUitD/;Marseille - Troyes;https://www.betexplorer.com/soccer/france/ligue-1-2017-2018/marseille-troyes/xQTWTBeJ/;Metz - Strasbourg;https://www.betexplorer.com/soccer/france/ligue-1-2017-2018/metz-strasbourg/jTHEheYJ/;Monaco - Rennes;https://www.betexplorer.com/soccer/france/ligue-1-2017-2018/monaco-rennes/UJGIiFmQ/;Paris SG - Caen;https://www.betexplorer.com/soccer/france/ligue-1-2017-2018/paris-sg-caen/YmLwmZes/;Toulouse - Lyon;https://www.betexplorer.com/soccer/france/ligue-1-2017-2018/toulouse-lyon/CvKsngBm/
18. ROUND;Lyon - Marseille;https://www.betexplorer.com/soccer/france/ligue-1-2017-2018/lyon-marseille/fThwKzSf/;Nantes - Angers;https://www.betexplorer.com/soccer/france/ligue-1-2017-2018/nantes-angers/2gdoIEd7/;Nice - Bordeaux;https://www.betexplorer.com/soccer/france/ligue-1-2017-2018/nice-bordeaux/tpekHYBD/;Caen - Guingamp;https://www.betexplorer.com/soccer/france/ligue-1-2017-2018/caen-guingamp/YD4ULdcr/;Dijon - Lille;https://www.betexplorer.com/soccer/france/ligue-1-2017-2018/dijon-lille/C43YKGCl/;Montpellier - Metz;https://www.betexplorer.com/soccer/france/ligue-1-2017-2018/montpellier-metz/8WdsJfs1/;Rennes - Paris SG;https://www.betexplorer.com/soccer/france/ligue-1-2017-2018/rennes-paris-sg/I1vYuIlE/;Strasbourg - Toulouse;https://www.betexplorer.com/soccer/france/ligue-1-2017-2018/strasbourg-toulouse/jFxtvdJQ/;Troyes - Amiens;https://www.betexplorer.com/soccer/france/ligue-1-2017-2018/troyes-amiens-sc/CIr7ZFRs/;St Etienne - Monaco;https://www.betexplorer.com/soccer/france/ligue-1-2017-2018/st-etienne-monaco/dhwxux4K/
17. ROUND;Amiens - Lyon;https://www.betexplorer.com/soccer/france/ligue-1-2017-2018/amiens-sc-lyon/zLHNP5bG/;Marseille - St Etienne;https://www.betexplorer.com/soccer/france/ligue-1-2017-2018/marseille-st-etienne/zJx45yD1/;Nantes - Nice;https://www.betexplorer.com/soccer/france/ligue-1-2017-2018/nantes-nice/tGTgSbKE/;Angers - Montpellier;https://www.betexplorer.com/soccer/france/ligue-1-2017-2018/angers-montpellier/pUqi8wTr/;Guingamp - Dijon;https://www.betexplorer.com/soccer/france/ligue-1-2017-2018/guingamp-dijon/Isra6Hce/;Metz - Rennes;https://www.betexplorer.com/soccer/france/ligue-1-2017-2018/metz-rennes/E9y84eS7/;Monaco - Troyes;https://www.betexplorer.com/soccer/france/ligue-1-2017-2018/monaco-troyes/SCPkTv58/;Paris SG - Lille;https://www.betexplorer.com/soccer/france/ligue-1-2017-2018/paris-sg-lille/OvJbRIZK/;Toulouse - Caen;https://www.betexplorer.com/soccer/france/ligue-1-2017-2018/toulouse-caen/2VH2QxkR/;Bordeaux - Strasbourg;https://www.betexplorer.com/soccer/france/ligue-1-2017-2018/bordeaux-strasbourg/viqe7crk/
16. ROUND;Caen - Lyon;https://www.betexplorer.com/soccer/france/ligue-1-2017-2018/caen-lyon/llRmDSEA/;Montpellier - Marseille;https://www.betexplorer.com/soccer/france/ligue-1-2017-2018/montpellier-marseille/jXsK5p7p/;St Etienne - Nantes;https://www.betexplorer.com/soccer/france/ligue-1-2017-2018/st-etienne-nantes/pWOAS7Ec/;Lille - Toulouse;https://www.betexplorer.com/soccer/france/ligue-1-2017-2018/lille-toulouse/f1dlB6qN/;Monaco - Angers;https://www.betexplorer.com/soccer/france/ligue-1-2017-2018/monaco-angers/YiehAQbT/;Nice - Metz;https://www.betexplorer.com/soccer/france/ligue-1-2017-2018/nice-metz/4znO44Mj/;Rennes - Amiens;https://www.betexplorer.com/soccer/france/ligue-1-2017-2018/rennes-amiens-sc/6uQ6Tmai/;Strasbourg - Paris SG;https://www.betexplorer.com/soccer/france/ligue-1-2017-2018/strasbourg-paris-sg/E5TERRT3/;Troyes - Guingamp;https://www.betexplorer.com/soccer/france/ligue-1-2017-2018/troyes-guingamp/hdSIQoqA/;Dijon - Bordeaux;https://www.betexplorer.com/soccer/france/ligue-1-2017-2018/dijon-bordeaux/SvQiCnUG/
15. ROUND;Angers - Rennes;https://www.betexplorer.com/soccer/france/ligue-1-2017-2018/angers-rennes/tO1Aa9pB/;Guingamp - Montpellier;https://www.betexplorer.com/soccer/france/ligue-1-2017-2018/guingamp-montpellier/nL4IcmFN/;Lyon - Lille;https://www.betexplorer.com/soccer/france/ligue-1-2017-2018/lyon-lille/UqfNd7UT/;Metz - Marseille;https://www.betexplorer.com/soccer/france/ligue-1-2017-2018/metz-marseille/WhtkhRxo/;Nantes - Monaco;https://www.betexplorer.com/soccer/france/ligue-1-2017-2018/nantes-monaco/K8ZWGAFo/;Paris SG - Troyes;https://www.betexplorer.com/soccer/france/ligue-1-2017-2018/paris-sg-troyes/baYzGUUi/;Toulouse - Nice;https://www.betexplorer.com/soccer/france/ligue-1-2017-2018/toulouse-nice/fRRqE8a4/;Amiens - Dijon;https://www.betexplorer.com/soccer/france/ligue-1-2017-2018/amiens-sc-dijon/2X260kV4/;Bordeaux - St Etienne;https://www.betexplorer.com/soccer/france/ligue-1-2017-2018/bordeaux-st-etienne/zo1EbTaH/;Strasbourg - Caen;https://www.betexplorer.com/soccer/france/ligue-1-2017-2018/strasbourg-caen/tONuFlpb/
14. ROUND;Marseille - Guingamp;https://www.betexplorer.com/soccer/france/ligue-1-2017-2018/marseille-guingamp/8AsXojGB/;Monaco - Paris SG;https://www.betexplorer.com/soccer/france/ligue-1-2017-2018/monaco-paris-sg/fRuupUpO/;Nice - Lyon;https://www.betexplorer.com/soccer/france/ligue-1-2017-2018/nice-lyon/bu6k4XVu/;Caen - Bordeaux;https://www.betexplorer.com/soccer/france/ligue-1-2017-2018/caen-bordeaux/CrlOmCoa/;Dijon - Toulouse;https://www.betexplorer.com/soccer/france/ligue-1-2017-2018/dijon-toulouse/QohSnW05/;Metz - Amiens;https://www.betexplorer.com/soccer/france/ligue-1-2017-2018/metz-amiens-sc/n1tyoAVH/;Montpellier - Lille;https://www.betexplorer.com/soccer/france/ligue-1-2017-2018/montpellier-lille/YHvqql0U/;Rennes - Nantes;https://www.betexplorer.com/soccer/france/ligue-1-2017-2018/rennes-nantes/CrAg3ion/;Troyes - Angers;https://www.betexplorer.com/soccer/france/ligue-1-2017-2018/troyes-angers/pd811VFb/;St Etienne - Strasbourg;https://www.betexplorer.com/soccer/france/ligue-1-2017-2018/st-etienne-strasbourg/659c2B0h/
8. ROUND;Amiens - Lille;https://www.betexplorer.com/soccer/france/ligue-1-2017-2018/amiens-sc-lille/zky2JlJg/
13. ROUND;Bordeaux - Marseille;https://www.betexplorer.com/soccer/france/ligue-1-2017-2018/bordeaux-marseille/I79ozgHa/;Caen - Nice;https://www.betexplorer.com/soccer/france/ligue-1-2017-2018/caen-nice/nsEkZCW5/;Lyon - Montpellier;https://www.betexplorer.com/soccer/france/ligue-1-2017-2018/lyon-montpellier/Kp9qefgP/;Dijon - Troyes;https://www.betexplorer.com/soccer/france/ligue-1-2017-2018/dijon-troyes/QXCgYWoC/;Guingamp - Angers;https://www.betexplorer.com/soccer/france/ligue-1-2017-2018/guingamp-angers/8d2bXj1I/;Paris SG - Nantes;https://www.betexplorer.com/soccer/france/ligue-1-2017-2018/paris-sg-nantes/MgeBjE1t/;Strasbourg - Rennes;https://www.betexplorer.com/soccer/france/ligue-1-2017-2018/strasbourg-rennes/vVkGkYGn/;Toulouse - Metz;https://www.betexplorer.com/soccer/france/ligue-1-2017-2018/toulouse-metz/ILlKlhWh/;Amiens - Monaco;https://www.betexplorer.com/soccer/france/ligue-1-2017-2018/amiens-sc-monaco/vHAsyZ1g/;Lille - St Etienne;https://www.betexplorer.com/soccer/france/ligue-1-2017-2018/lille-st-etienne/6sL1WAGO/
12. ROUND;Marseille - Caen;https://www.betexplorer.com/soccer/france/ligue-1-2017-2018/marseille-caen/rVd9z2Br/;Metz - Lille;https://www.betexplorer.com/soccer/france/ligue-1-2017-2018/metz-lille/QgnEZLQl/;Nice - Dijon;https://www.betexplorer.com/soccer/france/ligue-1-2017-2018/nice-dijon/C2f1e3m8/;St Etienne - Lyon;https://www.betexplorer.com/soccer/france/ligue-1-2017-2018/st-etienne-lyon/rkHYxeXt/;Angers - Paris SG;https://www.betexplorer.com/soccer/france/ligue-1-2017-2018/angers-paris-sg/tMAsur3R/;Monaco - Guingamp;https://www.betexplorer.com/soccer/france/ligue-1-2017-2018/monaco-guingamp/vcjIYute/;Montpellier - Amiens;https://www.betexplorer.com/soccer/france/ligue-1-2017-2018/montpellier-amiens-sc/YJkMXae1/;Nantes - Toulouse;https://www.betexplorer.com/soccer/france/ligue-1-2017-2018/nantes-toulouse/CAlQWJA7/;Troyes - Strasbourg;https://www.betexplorer.com/soccer/france/ligue-1-2017-2018/troyes-strasbourg/dhLxxFnm/;Rennes - Bordeaux;https://www.betexplorer.com/soccer/france/ligue-1-2017-2018/rennes-bordeaux/jgg5fN2E/
11. ROUND;Lille - Marseille;https://www.betexplorer.com/soccer/france/ligue-1-2017-2018/lille-marseille/n3RvLMBe/;Lyon - Metz;https://www.betexplorer.com/soccer/france/ligue-1-2017-2018/lyon-metz/QgQrKtR1/;Toulouse - St Etienne;https://www.betexplorer.com/soccer/france/ligue-1-2017-2018/toulouse-st-etienne/Cn6wtOmL/;Bordeaux - Monaco;https://www.betexplorer.com/soccer/france/ligue-1-2017-2018/bordeaux-monaco/Khs0S4JL/;Caen - Troyes;https://www.betexplorer.com/soccer/france/ligue-1-2017-2018/caen-troyes/Yeo4ROYR/;Dijon - Nantes;https://www.betexplorer.com/soccer/france/ligue-1-2017-2018/dijon-nantes/jyYVMrsq/;Guingamp - Amiens;https://www.betexplorer.com/soccer/france/ligue-1-2017-2018/guingamp-amiens-sc/URWZL2dk/;Montpellier - Rennes;https://www.betexplorer.com/soccer/france/ligue-1-2017-2018/montpellier-rennes/vcEQrQ32/;Strasbourg - Angers;https://www.betexplorer.com/soccer/france/ligue-1-2017-2018/strasbourg-angers/Ye7Zt4YE/;Paris SG - Nice;https://www.betexplorer.com/soccer/france/ligue-1-2017-2018/paris-sg-nice/jXHUspJ8/
10. ROUND;Marseille - Paris SG;https://www.betexplorer.com/soccer/france/ligue-1-2017-2018/marseille-paris-sg/C4PTTdwT/;Nice - Strasbourg;https://www.betexplorer.com/soccer/france/ligue-1-2017-2018/nice-strasbourg/QBupWnKd/;Troyes - Lyon;https://www.betexplorer.com/soccer/france/ligue-1-2017-2018/troyes-lyon/xUieTp4F/;Amiens - Bordeaux;https://www.betexplorer.com/soccer/france/ligue-1-2017-2018/amiens-sc-bordeaux/GxWKVI8G/;Angers - Toulouse;https://www.betexplorer.com/soccer/france/ligue-1-2017-2018/angers-toulouse/fTUOUxOM/;Metz - Dijon;https://www.betexplorer.com/soccer/france/ligue-1-2017-2018/metz-dijon/EDBePGop/;Monaco - Caen;https://www.betexplorer.com/soccer/france/ligue-1-2017-2018/monaco-caen/8zBaOz1j/;Nantes - Guingamp;https://www.betexplorer.com/soccer/france/ligue-1-2017-2018/nantes-guingamp/MwF3NfGd/;Rennes - Lille;https://www.betexplorer.com/soccer/france/ligue-1-2017-2018/rennes-lille/42vlV6Z2/;St Etienne - Montpellier;https://www.betexplorer.com/soccer/france/ligue-1-2017-2018/st-etienne-montpellier/bwgiUQl9/
9. ROUND;Bordeaux - Nantes;https://www.betexplorer.com/soccer/france/ligue-1-2017-2018/bordeaux-nantes/UL7wJuPA/;Montpellier - Nice;https://www.betexplorer.com/soccer/france/ligue-1-2017-2018/montpellier-nice/lQv4Z09i/;Strasbourg - Marseille;https://www.betexplorer.com/soccer/france/ligue-1-2017-2018/strasbourg-marseille/AuTCXvv4/;Caen - Angers;https://www.betexplorer.com/soccer/france/ligue-1-2017-2018/caen-angers/8C6sIavH/;Dijon - Paris SG;https://www.betexplorer.com/soccer/france/ligue-1-2017-2018/dijon-paris-sg/2Z5oHJgN/;Guingamp - Rennes;https://www.betexplorer.com/soccer/france/ligue-1-2017-2018/guingamp-rennes/GxAkGw9T/;Lille - Troyes;https://www.betexplorer.com/soccer/france/ligue-1-2017-2018/lille-troyes/MJnIBcHp/;St Etienne - Metz;https://www.betexplorer.com/soccer/france/ligue-1-2017-2018/st-etienne-metz/SGw8YKOc/;Toulouse - Amiens;https://www.betexplorer.com/soccer/france/ligue-1-2017-2018/toulouse-amiens-sc/MFWGWbgA/;Lyon - Monaco;https://www.betexplorer.com/soccer/france/ligue-1-2017-2018/lyon-monaco/0AoMAHWj/
8. ROUND;Angers - Lyon;https://www.betexplorer.com/soccer/france/ligue-1-2017-2018/angers-lyon/YZg5I8Ya/;Nice - Marseille;https://www.betexplorer.com/soccer/france/ligue-1-2017-2018/nice-marseille/2glUMNPo/;Troyes - St Etienne;https://www.betexplorer.com/soccer/france/ligue-1-2017-2018/troyes-st-etienne/lAjtKL94/;Dijon - Strasbourg;https://www.betexplorer.com/soccer/france/ligue-1-2017-2018/dijon-strasbourg/GbqAHSm6/;Guingamp - Toulouse;https://www.betexplorer.com/soccer/france/ligue-1-2017-2018/guingamp-toulouse/fkrEGn3C/;Nantes - Metz;https://www.betexplorer.com/soccer/france/ligue-1-2017-2018/nantes-metz/0lAobvmo/;Paris SG - Bordeaux;https://www.betexplorer.com/soccer/france/ligue-1-2017-2018/paris-sg-bordeaux/GdhYLsuh/;Rennes - Caen;https://www.betexplorer.com/soccer/france/ligue-1-2017-2018/rennes-caen/AJixL1fb/;Monaco - Montpellier;https://www.betexplorer.com/soccer/france/ligue-1-2017-2018/monaco-montpellier/OOnIF6II/
7. ROUND;Marseille - Toulouse;https://www.betexplorer.com/soccer/france/ligue-1-2017-2018/marseille-toulouse/Gp4y3TYC/;St Etienne - Rennes;https://www.betexplorer.com/soccer/france/ligue-1-2017-2018/st-etienne-rennes/2ywfLAls/;Strasbourg - Nantes;https://www.betexplorer.com/soccer/france/ligue-1-2017-2018/strasbourg-nantes/tSybKU3m/;Bordeaux - Guingamp;https://www.betexplorer.com/soccer/france/ligue-1-2017-2018/bordeaux-guingamp/8EHK6BZm/;Caen - Amiens;https://www.betexplorer.com/soccer/france/ligue-1-2017-2018/caen-amiens-sc/n5GO5Vlf/;Lyon - Dijon;https://www.betexplorer.com/soccer/france/ligue-1-2017-2018/lyon-dijon/YLEW39J6/;Metz - Troyes;https://www.betexplorer.com/soccer/france/ligue-1-2017-2018/metz-troyes/Um8u2mlJ/;Montpellier - Paris SG;https://www.betexplorer.com/soccer/france/ligue-1-2017-2018/montpellier-paris-sg/ridNQWQJ/;Lille - Monaco;https://www.betexplorer.com/soccer/france/ligue-1-2017-2018/lille-monaco/fVFS4k40/;Nice - Angers;https://www.betexplorer.com/soccer/france/ligue-1-2017-2018/nice-angers/MseRPjtQ/
6. ROUND;Amiens - Marseille;https://www.betexplorer.com/soccer/france/ligue-1-2017-2018/amiens-sc-marseille/Ye3xfYkr/;Angers - Metz;https://www.betexplorer.com/soccer/france/ligue-1-2017-2018/angers-metz/Cn2tgh5l/;Paris SG - Lyon;https://www.betexplorer.com/soccer/france/ligue-1-2017-2018/paris-sg-lyon/GGxtEgsE/;Rennes - Nice;https://www.betexplorer.com/soccer/france/ligue-1-2017-2018/rennes-nice/f7ypDDdK/;Dijon - St Etienne;https://www.betexplorer.com/soccer/france/ligue-1-2017-2018/dijon-st-etienne/fBiohCKf/;Guingamp - Lille;https://www.betexplorer.com/soccer/france/ligue-1-2017-2018/guingamp-lille/6oekiWZ0/;Monaco - Strasbourg;https://www.betexplorer.com/soccer/france/ligue-1-2017-2018/monaco-strasbourg/08fgjjk7/;Nantes - Caen;https://www.betexplorer.com/soccer/france/ligue-1-2017-2018/nantes-caen/vagckA4D/;Troyes - Montpellier;https://www.betexplorer.com/soccer/france/ligue-1-2017-2018/troyes-montpellier/QkSF7iKs/;Toulouse - Bordeaux;https://www.betexplorer.com/soccer/france/ligue-1-2017-2018/toulouse-bordeaux/lUzlCXBQ/
5. ROUND;Lyon - Guingamp;https://www.betexplorer.com/soccer/france/ligue-1-2017-2018/lyon-guingamp/8v1BuZzk/;Marseille - Rennes;https://www.betexplorer.com/soccer/france/ligue-1-2017-2018/marseille-rennes/nVaFvgje/;St Etienne - Angers;https://www.betexplorer.com/soccer/france/ligue-1-2017-2018/st-etienne-angers/KlN10zDE/;Caen - Dijon;https://www.betexplorer.com/soccer/france/ligue-1-2017-2018/caen-dijon/xdAuoeDR/;Montpellier - Nantes;https://www.betexplorer.com/soccer/france/ligue-1-2017-2018/montpellier-nantes/hrVFxXK7/;Nice - Monaco;https://www.betexplorer.com/soccer/france/ligue-1-2017-2018/nice-monaco/6oJc1Gc8/;Strasbourg - Amiens;https://www.betexplorer.com/soccer/france/ligue-1-2017-2018/strasbourg-amiens-sc/2DC6afSK/;Troyes - Toulouse;https://www.betexplorer.com/soccer/france/ligue-1-2017-2018/troyes-toulouse/t4BAbEsR/;Lille - Bordeaux;https://www.betexplorer.com/soccer/france/ligue-1-2017-2018/lille-bordeaux/EH17tFLr/;Metz - Paris SG;https://www.betexplorer.com/soccer/france/ligue-1-2017-2018/metz-paris-sg/EiWBwD51/
4. ROUND;Angers - Lille;https://www.betexplorer.com/soccer/france/ligue-1-2017-2018/angers-lille/6DJapOMG/;Guingamp - Strasbourg;https://www.betexplorer.com/soccer/france/ligue-1-2017-2018/guingamp-strasbourg/6BvtQgy2/;Monaco - Marseille;https://www.betexplorer.com/soccer/france/ligue-1-2017-2018/monaco-marseille/8GIOlwE2/;Amiens - Nice;https://www.betexplorer.com/soccer/france/ligue-1-2017-2018/amiens-sc-nice/SMKeo47A/;Bordeaux - Troyes;https://www.betexplorer.com/soccer/france/ligue-1-2017-2018/bordeaux-troyes/MNxUSeiq/;Caen - Metz;https://www.betexplorer.com/soccer/france/ligue-1-2017-2018/caen-metz/0EyYRF6k/;Dijon - Montpellier;https://www.betexplorer.com/soccer/france/ligue-1-2017-2018/dijon-montpellier/fyyxRZLe/;Nantes - Lyon;https://www.betexplorer.com/soccer/france/ligue-1-2017-2018/nantes-lyon/n7HSmcT8/;Toulouse - Rennes;https://www.betexplorer.com/soccer/france/ligue-1-2017-2018/toulouse-rennes/fXKznybL/;Paris SG - St Etienne;https://www.betexplorer.com/soccer/france/ligue-1-2017-2018/paris-sg-st-etienne/GtMWnHrF/
3. ROUND;Lille - Caen;https://www.betexplorer.com/soccer/france/ligue-1-2017-2018/lille-caen/0n1EYQN4/;Marseille - Angers;https://www.betexplorer.com/soccer/france/ligue-1-2017-2018/marseille-angers/YaaMW4hH/;Paris SG - Toulouse;https://www.betexplorer.com/soccer/france/ligue-1-2017-2018/paris-sg-toulouse/bsTvkn8o/;Lyon - Bordeaux;https://www.betexplorer.com/soccer/france/ligue-1-2017-2018/lyon-bordeaux/vw0IXpwB/;Montpellier - Strasbourg;https://www.betexplorer.com/soccer/france/ligue-1-2017-2018/montpellier-strasbourg/URhVUrNT/;Nice - Guingamp;https://www.betexplorer.com/soccer/france/ligue-1-2017-2018/nice-guingamp/WzucQ2Vp/;Rennes - Dijon;https://www.betexplorer.com/soccer/france/ligue-1-2017-2018/rennes-dijon/xYRrl6Ni/;St Etienne - Amiens;https://www.betexplorer.com/soccer/france/ligue-1-2017-2018/st-etienne-amiens-sc/KdHmmQxb/;Troyes - Nantes;https://www.betexplorer.com/soccer/france/ligue-1-2017-2018/troyes-nantes/YaLinph4/;Metz - Monaco;https://www.betexplorer.com/soccer/france/ligue-1-2017-2018/metz-monaco/n33QVO7N/
2. ROUND;Dijon - Monaco;https://www.betexplorer.com/soccer/france/ligue-1-2017-2018/dijon-monaco/vPKqJoOH/;Guingamp - Paris SG;https://www.betexplorer.com/soccer/france/ligue-1-2017-2018/guingamp-paris-sg/8bPmI5wO/;Strasbourg - Lille;https://www.betexplorer.com/soccer/france/ligue-1-2017-2018/strasbourg-lille/4K75zmgh/;Amiens - Angers;https://www.betexplorer.com/soccer/france/ligue-1-2017-2018/amiens-sc-angers/46SWLmva/;Bordeaux - Metz;https://www.betexplorer.com/soccer/france/ligue-1-2017-2018/bordeaux-metz/I9WzL7g5/;Caen - St Etienne;https://www.betexplorer.com/soccer/france/ligue-1-2017-2018/caen-st-etienne/0YLuKR8B/;Nantes - Marseille;https://www.betexplorer.com/soccer/france/ligue-1-2017-2018/nantes-marseille/nkOiHPhU/;Toulouse - Montpellier;https://www.betexplorer.com/soccer/france/ligue-1-2017-2018/toulouse-montpellier/rB69Z68b/;Nice - Troyes;https://www.betexplorer.com/soccer/france/ligue-1-2017-2018/nice-troyes/CCkbx9Ou/;Rennes - Lyon;https://www.betexplorer.com/soccer/france/ligue-1-2017-2018/rennes-lyon/Ac81yTwn/
1. ROUND;Angers - Bordeaux;https://www.betexplorer.com/soccer/france/ligue-1-2017-2018/angers-bordeaux/hnsc9Afg/;Lille - Nantes;https://www.betexplorer.com/soccer/france/ligue-1-2017-2018/lille-nantes/Wxt18U9a/;Marseille - Dijon;https://www.betexplorer.com/soccer/france/ligue-1-2017-2018/marseille-dijon/v3q968vC/;Lyon - Strasbourg;https://www.betexplorer.com/soccer/france/ligue-1-2017-2018/lyon-strasbourg/0Cp57lP5/;Metz - Guingamp;https://www.betexplorer.com/soccer/france/ligue-1-2017-2018/metz-guingamp/MRYD5SgI/;Montpellier - Caen;https://www.betexplorer.com/soccer/france/ligue-1-2017-2018/montpellier-caen/lYQaTVoP/;Paris SG - Amiens;https://www.betexplorer.com/soccer/france/ligue-1-2017-2018/paris-sg-amiens-sc/jsDROkft/;St Etienne - Nice;https://www.betexplorer.com/soccer/france/ligue-1-2017-2018/st-etienne-nice/WhUON99n/;Troyes - Rennes;https://www.betexplorer.com/soccer/france/ligue-1-2017-2018/troyes-rennes/AqTSMTOh/;Monaco - Toulouse;https://www.betexplorer.com/soccer/france/ligue-1-2017-2018/monaco-toulouse/zVxI4n9O/
FINAL - 2ND LEG;Toulouse - AC Ajaccio;https://www.betexplorer.com/soccer/france/ligue-1-2017-2018/toulouse-ac-ajaccio/bgBkiA5T/
FINAL - 1ST LEG;AC Ajaccio - Toulouse;https://www.betexplorer.com/soccer/france/ligue-1-2017-2018/ac-ajaccio-toulouse/K2CohjjN/
SEMI-FINALS;AC Ajaccio - Le Havre;https://www.betexplorer.com/soccer/france/ligue-1-2017-2018/ac-ajaccio-le-havre/46YvlTV4/
QUARTER-FINALS;Le Havre - Brest;https://www.betexplorer.com/soccer/france/ligue-1-2017-2018/le-havre-brest/8ClzUOIT/
