33. ROUND;HJK - Rovaniemi;https://www.betexplorer.com/soccer/finland/veikkausliiga-2014/hjk-rops-rovaniemi/WWjoQFri/;Inter Turku - Jaro;https://www.betexplorer.com/soccer/finland/veikkausliiga-2014/inter-turku-jaro/MLNS7YSM/;KuPS - VPS;https://www.betexplorer.com/soccer/finland/veikkausliiga-2014/kups-vps/IT231W5j/;Lahti - Honka;https://www.betexplorer.com/soccer/finland/veikkausliiga-2014/lahti-honka/6gaa2Cjp/;Mariehamn - TPS;https://www.betexplorer.com/soccer/finland/veikkausliiga-2014/mariehamn-tps/0CMW6hrT/;SJK - MyPa;https://www.betexplorer.com/soccer/finland/veikkausliiga-2014/sjk-mypa/ANkkPZcc/
32. ROUND;MyPa - Inter Turku;https://www.betexplorer.com/soccer/finland/veikkausliiga-2014/mypa-inter-turku/O6R7CdEi/;VPS - HJK;https://www.betexplorer.com/soccer/finland/veikkausliiga-2014/vps-hjk/WWUFAzq4/;Honka - KuPS;https://www.betexplorer.com/soccer/finland/veikkausliiga-2014/honka-kups/EeKK9fbA/;Jaro - Mariehamn;https://www.betexplorer.com/soccer/finland/veikkausliiga-2014/jaro-mariehamn/hnJO8EDG/;Rovaniemi - SJK;https://www.betexplorer.com/soccer/finland/veikkausliiga-2014/rops-rovaniemi-sjk/ITQBBGTc/;TPS - Lahti;https://www.betexplorer.com/soccer/finland/veikkausliiga-2014/tps-lahti/pGS3Dxao/
23. ROUND;HJK - MyPa;https://www.betexplorer.com/soccer/finland/veikkausliiga-2014/hjk-mypa/4Q07QOMS/
31. ROUND;HJK - Honka;https://www.betexplorer.com/soccer/finland/veikkausliiga-2014/hjk-honka/QesmD8m5/;Inter Turku - Rovaniemi;https://www.betexplorer.com/soccer/finland/veikkausliiga-2014/inter-turku-rops-rovaniemi/4ntiCS2B/;KuPS - TPS;https://www.betexplorer.com/soccer/finland/veikkausliiga-2014/kups-tps/fyZ39QnU/;Lahti - Mariehamn;https://www.betexplorer.com/soccer/finland/veikkausliiga-2014/lahti-mariehamn/0EZaA6XN/;MyPa - Jaro;https://www.betexplorer.com/soccer/finland/veikkausliiga-2014/mypa-jaro/nBVeBnIH/;SJK - VPS;https://www.betexplorer.com/soccer/finland/veikkausliiga-2014/sjk-vps/dpLV4peo/
30. ROUND;Honka - SJK;https://www.betexplorer.com/soccer/finland/veikkausliiga-2014/honka-sjk/IVwuFUIh/;Jaro - Lahti;https://www.betexplorer.com/soccer/finland/veikkausliiga-2014/jaro-lahti/dMxqElYb/;Mariehamn - KuPS;https://www.betexplorer.com/soccer/finland/veikkausliiga-2014/mariehamn-kups/OWpWGjlt/;Rovaniemi - MyPa;https://www.betexplorer.com/soccer/finland/veikkausliiga-2014/rops-rovaniemi-mypa/nB9Qe7IU/;TPS - HJK;https://www.betexplorer.com/soccer/finland/veikkausliiga-2014/tps-hjk/8KAMdm3O/;VPS - Inter Turku;https://www.betexplorer.com/soccer/finland/veikkausliiga-2014/vps-inter-turku/z7lzGA3n/
28. ROUND;Lahti - HJK;https://www.betexplorer.com/soccer/finland/veikkausliiga-2014/lahti-hjk/pIcWoWl6/
29. ROUND;Inter Turku - Honka;https://www.betexplorer.com/soccer/finland/veikkausliiga-2014/inter-turku-honka/rDPd2iZn/;KuPS - Lahti;https://www.betexplorer.com/soccer/finland/veikkausliiga-2014/kups-lahti/IVH9akJ5/;Rovaniemi - Jaro;https://www.betexplorer.com/soccer/finland/veikkausliiga-2014/rops-rovaniemi-jaro/4SD50V3a/;HJK - Mariehamn;https://www.betexplorer.com/soccer/finland/veikkausliiga-2014/hjk-mariehamn/ChHDb9YB/;MyPa - VPS;https://www.betexplorer.com/soccer/finland/veikkausliiga-2014/mypa-vps/M3O01Blg/;SJK - TPS;https://www.betexplorer.com/soccer/finland/veikkausliiga-2014/sjk-tps/jqGHcTmI/
28. ROUND;Jaro - KuPS;https://www.betexplorer.com/soccer/finland/veikkausliiga-2014/jaro-kups/zmQh3XJt/;Honka - MyPa;https://www.betexplorer.com/soccer/finland/veikkausliiga-2014/honka-mypa/YwvR7DBP/;Mariehamn - SJK;https://www.betexplorer.com/soccer/finland/veikkausliiga-2014/mariehamn-sjk/IVevpAJI/;TPS - Inter Turku;https://www.betexplorer.com/soccer/finland/veikkausliiga-2014/tps-inter-turku/O8dzoj4C/;VPS - Rovaniemi;https://www.betexplorer.com/soccer/finland/veikkausliiga-2014/vps-rops-rovaniemi/WYarqUYO/
27. ROUND;MyPa - TPS;https://www.betexplorer.com/soccer/finland/veikkausliiga-2014/mypa-tps/drnGkEks/;Rovaniemi - Honka;https://www.betexplorer.com/soccer/finland/veikkausliiga-2014/rops-rovaniemi-honka/fT4JlY4m/;VPS - Jaro;https://www.betexplorer.com/soccer/finland/veikkausliiga-2014/vps-jaro/lj4NmhKg/;Inter Turku - Mariehamn;https://www.betexplorer.com/soccer/finland/veikkausliiga-2014/inter-turku-mariehamn/St3RnCZa/;SJK - Lahti;https://www.betexplorer.com/soccer/finland/veikkausliiga-2014/sjk-lahti/GpYo7tLE/;HJK - KuPS;https://www.betexplorer.com/soccer/finland/veikkausliiga-2014/hjk-kups/xfZs8M58/
26. ROUND;Honka - VPS;https://www.betexplorer.com/soccer/finland/veikkausliiga-2014/honka-vps/AmsdpJD1/;Jaro - HJK;https://www.betexplorer.com/soccer/finland/veikkausliiga-2014/jaro-hjk/lvt0qwT7/;KuPS - SJK;https://www.betexplorer.com/soccer/finland/veikkausliiga-2014/kups-sjk/SOiioabe/;Lahti - Inter Turku;https://www.betexplorer.com/soccer/finland/veikkausliiga-2014/lahti-inter-turku/ELmmnuqk/;Mariehamn - MyPa;https://www.betexplorer.com/soccer/finland/veikkausliiga-2014/mariehamn-mypa/KblqmLTr/;TPS - Rovaniemi;https://www.betexplorer.com/soccer/finland/veikkausliiga-2014/tps-rops-rovaniemi/Ik2Hi1LR/
25. ROUND;Inter Turku - KuPS;https://www.betexplorer.com/soccer/finland/veikkausliiga-2014/inter-turku-kups/bmnGgNjF/;VPS - TPS;https://www.betexplorer.com/soccer/finland/veikkausliiga-2014/vps-tps/4QnCf3y9/;Jaro - Honka;https://www.betexplorer.com/soccer/finland/veikkausliiga-2014/jaro-honka/lI4PWaq2/;MyPa - Lahti;https://www.betexplorer.com/soccer/finland/veikkausliiga-2014/mypa-lahti/th1HYLEk/;Rovaniemi - Mariehamn;https://www.betexplorer.com/soccer/finland/veikkausliiga-2014/rops-rovaniemi-mariehamn/AR5LXuUe/;SJK - HJK;https://www.betexplorer.com/soccer/finland/veikkausliiga-2014/sjk-hjk/jNr8eqM2/
4. ROUND;VPS - SJK;https://www.betexplorer.com/soccer/finland/veikkausliiga-2014/vps-sjk/dl5kDaUL/
24. ROUND;HJK - Inter Turku;https://www.betexplorer.com/soccer/finland/veikkausliiga-2014/hjk-inter-turku/dKPpvriS/;KuPS - MyPa;https://www.betexplorer.com/soccer/finland/veikkausliiga-2014/kups-mypa/ppMtuOyM/;Lahti - Rovaniemi;https://www.betexplorer.com/soccer/finland/veikkausliiga-2014/lahti-rops-rovaniemi/jNMxt4MF/;Mariehamn - VPS;https://www.betexplorer.com/soccer/finland/veikkausliiga-2014/mariehamn-vps/CWNYtp79/;SJK - Jaro;https://www.betexplorer.com/soccer/finland/veikkausliiga-2014/sjk-jaro/212DZ1aq/;TPS - Honka;https://www.betexplorer.com/soccer/finland/veikkausliiga-2014/tps-honka/feTTsQi3/
23. ROUND;Jaro - TPS;https://www.betexplorer.com/soccer/finland/veikkausliiga-2014/jaro-tps/G4UPr6xc/;KuPS - Rovaniemi;https://www.betexplorer.com/soccer/finland/veikkausliiga-2014/kups-rops-rovaniemi/6ZnZLrVq/;Lahti - VPS;https://www.betexplorer.com/soccer/finland/veikkausliiga-2014/lahti-vps/lbxvL2pj/;Mariehamn - Honka;https://www.betexplorer.com/soccer/finland/veikkausliiga-2014/mariehamn-honka/21trKMad/;Inter Turku - SJK;https://www.betexplorer.com/soccer/finland/veikkausliiga-2014/inter-turku-sjk/Akn4R47M/
22. ROUND;TPS - Jaro;https://www.betexplorer.com/soccer/finland/veikkausliiga-2014/tps-jaro/Wbm0SphG/;Honka - Mariehamn;https://www.betexplorer.com/soccer/finland/veikkausliiga-2014/honka-mariehamn/lzbeTQxA/;Rovaniemi - KuPS;https://www.betexplorer.com/soccer/finland/veikkausliiga-2014/rops-rovaniemi-kups/tAfmVn8c/;SJK - Inter Turku;https://www.betexplorer.com/soccer/finland/veikkausliiga-2014/sjk-inter-turku/2JeqWShi/;VPS - Lahti;https://www.betexplorer.com/soccer/finland/veikkausliiga-2014/vps-lahti/zXgiU6N3/;MyPa - HJK;https://www.betexplorer.com/soccer/finland/veikkausliiga-2014/mypa-hjk/Q1C07qGj/
21. ROUND;Honka - TPS;https://www.betexplorer.com/soccer/finland/veikkausliiga-2014/honka-tps/dtZHF78A/;MyPa - KuPS;https://www.betexplorer.com/soccer/finland/veikkausliiga-2014/mypa-kups/UVQUC5hT/;Rovaniemi - Lahti;https://www.betexplorer.com/soccer/finland/veikkausliiga-2014/rops-rovaniemi-lahti/IeNQDowN/;VPS - Mariehamn;https://www.betexplorer.com/soccer/finland/veikkausliiga-2014/vps-mariehamn/zXXLERNG/;Inter Turku - HJK;https://www.betexplorer.com/soccer/finland/veikkausliiga-2014/inter-turku-hjk/S6UDGmg4/;Jaro - SJK;https://www.betexplorer.com/soccer/finland/veikkausliiga-2014/jaro-sjk/lGV9HTwb/
20. ROUND;Honka - Jaro;https://www.betexplorer.com/soccer/finland/veikkausliiga-2014/honka-jaro/6it5I9Oi/;KuPS - Inter Turku;https://www.betexplorer.com/soccer/finland/veikkausliiga-2014/kups-inter-turku/M99hDEnC/;Lahti - MyPa;https://www.betexplorer.com/soccer/finland/veikkausliiga-2014/lahti-mypa/2LQkCY1I/;Mariehamn - Rovaniemi;https://www.betexplorer.com/soccer/finland/veikkausliiga-2014/mariehamn-rops-rovaniemi/volJf6Wp/;TPS - VPS;https://www.betexplorer.com/soccer/finland/veikkausliiga-2014/tps-vps/hlx1Jk9o/;HJK - SJK;https://www.betexplorer.com/soccer/finland/veikkausliiga-2014/hjk-sjk/rJAlEfX5/
19. ROUND;Inter Turku - Lahti;https://www.betexplorer.com/soccer/finland/veikkausliiga-2014/inter-turku-lahti/ldBpFzIa/;MyPa - Mariehamn;https://www.betexplorer.com/soccer/finland/veikkausliiga-2014/mypa-mariehamn/EwJXHxYt/;VPS - Honka;https://www.betexplorer.com/soccer/finland/veikkausliiga-2014/vps-honka/hUHyHdmm/;Rovaniemi - TPS;https://www.betexplorer.com/soccer/finland/veikkausliiga-2014/rops-rovaniemi-tps/MoR5MIPP/;SJK - KuPS;https://www.betexplorer.com/soccer/finland/veikkausliiga-2014/sjk-kups/reS1NbAJ/
18. ROUND;Lahti - SJK;https://www.betexplorer.com/soccer/finland/veikkausliiga-2014/lahti-sjk/lrWB0y36/;TPS - MyPa;https://www.betexplorer.com/soccer/finland/veikkausliiga-2014/tps-mypa/r5VFaeIC/;Honka - Rovaniemi;https://www.betexplorer.com/soccer/finland/veikkausliiga-2014/honka-rops-rovaniemi/hGx32cYg/;Jaro - VPS;https://www.betexplorer.com/soccer/finland/veikkausliiga-2014/jaro-vps/K2ve4J3s/;KuPS - HJK;https://www.betexplorer.com/soccer/finland/veikkausliiga-2014/kups-hjk/AiX71Hm0/;Mariehamn - Inter Turku;https://www.betexplorer.com/soccer/finland/veikkausliiga-2014/mariehamn-inter-turku/EPwa3wJm/
17. ROUND;HJK - Lahti;https://www.betexplorer.com/soccer/finland/veikkausliiga-2014/hjk-lahti/0IcO9utK/;Inter Turku - TPS;https://www.betexplorer.com/soccer/finland/veikkausliiga-2014/inter-turku-tps/rsmT8aeQ/;KuPS - Jaro;https://www.betexplorer.com/soccer/finland/veikkausliiga-2014/kups-jaro/MRbKALQD/;SJK - Mariehamn;https://www.betexplorer.com/soccer/finland/veikkausliiga-2014/sjk-mariehamn/fLAxnxlD/
16. ROUND;Honka - Inter Turku;https://www.betexplorer.com/soccer/finland/veikkausliiga-2014/honka-inter-turku/Ysvsc2dE/;Jaro - Rovaniemi;https://www.betexplorer.com/soccer/finland/veikkausliiga-2014/jaro-rops-rovaniemi/QuJLkKll/;Lahti - KuPS;https://www.betexplorer.com/soccer/finland/veikkausliiga-2014/lahti-kups/K2IPlv4f/;Mariehamn - HJK;https://www.betexplorer.com/soccer/finland/veikkausliiga-2014/mariehamn-hjk/6exketRQ/;TPS - SJK;https://www.betexplorer.com/soccer/finland/veikkausliiga-2014/tps-sjk/nkKHj0Zs/;VPS - MyPa;https://www.betexplorer.com/soccer/finland/veikkausliiga-2014/vps-mypa/S4wodMBK/
15. ROUND;Lahti - Jaro;https://www.betexplorer.com/soccer/finland/veikkausliiga-2014/lahti-jaro/M7zwbrs8/;HJK - TPS;https://www.betexplorer.com/soccer/finland/veikkausliiga-2014/hjk-tps/lfIugYwq/;Inter Turku - VPS;https://www.betexplorer.com/soccer/finland/veikkausliiga-2014/inter-turku-vps/vqBhjWN1/;KuPS - Mariehamn;https://www.betexplorer.com/soccer/finland/veikkausliiga-2014/kups-mariehamn/WI7phhgk/;MyPa - Rovaniemi;https://www.betexplorer.com/soccer/finland/veikkausliiga-2014/mypa-rops-rovaniemi/A96liC8e/;SJK - Honka;https://www.betexplorer.com/soccer/finland/veikkausliiga-2014/sjk-honka/IZ9dkjw8/
14. ROUND;Honka - HJK;https://www.betexplorer.com/soccer/finland/veikkausliiga-2014/honka-hjk/CYQDcEVR/;Jaro - MyPa;https://www.betexplorer.com/soccer/finland/veikkausliiga-2014/jaro-mypa/Y7c51dW2/;Mariehamn - Lahti;https://www.betexplorer.com/soccer/finland/veikkausliiga-2014/mariehamn-lahti/Cbd90Go9/;Rovaniemi - Inter Turku;https://www.betexplorer.com/soccer/finland/veikkausliiga-2014/rops-rovaniemi-inter-turku/K49NxDg2/;TPS - KuPS;https://www.betexplorer.com/soccer/finland/veikkausliiga-2014/tps-kups/vLS5az1F/;VPS - SJK;https://www.betexplorer.com/soccer/finland/veikkausliiga-2014/vps-sjk/IBR9bfGL/
13. ROUND;Inter Turku - MyPa;https://www.betexplorer.com/soccer/finland/veikkausliiga-2014/inter-turku-mypa/IwlscsuH/;KuPS - Honka;https://www.betexplorer.com/soccer/finland/veikkausliiga-2014/kups-honka/OxGEvZOk/;Mariehamn - Jaro;https://www.betexplorer.com/soccer/finland/veikkausliiga-2014/mariehamn-jaro/615Jwgvd/;SJK - Rovaniemi;https://www.betexplorer.com/soccer/finland/veikkausliiga-2014/sjk-rops-rovaniemi/pnHAuF9q/;HJK - VPS;https://www.betexplorer.com/soccer/finland/veikkausliiga-2014/hjk-vps/vmkwbNPA/
12. ROUND;Honka - Lahti;https://www.betexplorer.com/soccer/finland/veikkausliiga-2014/honka-lahti/zJEwwMmo/;Jaro - Inter Turku;https://www.betexplorer.com/soccer/finland/veikkausliiga-2014/jaro-inter-turku/Y9SBs2uU/;MyPa - SJK;https://www.betexplorer.com/soccer/finland/veikkausliiga-2014/mypa-sjk/jRdQ0Puh/;Rovaniemi - HJK;https://www.betexplorer.com/soccer/finland/veikkausliiga-2014/rops-rovaniemi-hjk/CzbM15Qo/;TPS - Mariehamn;https://www.betexplorer.com/soccer/finland/veikkausliiga-2014/tps-mariehamn/vmT7rrQN/;VPS - KuPS;https://www.betexplorer.com/soccer/finland/veikkausliiga-2014/vps-kups/pldUaqeb/
11. ROUND;Honka - Rovaniemi;https://www.betexplorer.com/soccer/finland/veikkausliiga-2014/honka-rops-rovaniemi/IDxmm6Bh/;Inter Turku - TPS;https://www.betexplorer.com/soccer/finland/veikkausliiga-2014/inter-turku-tps/4Uzeopt5/;Jaro - HJK;https://www.betexplorer.com/soccer/finland/veikkausliiga-2014/jaro-hjk/d4yinQQb/;KuPS - Mariehamn;https://www.betexplorer.com/soccer/finland/veikkausliiga-2014/kups-mariehamn/rLZbp4eB/;Lahti - VPS;https://www.betexplorer.com/soccer/finland/veikkausliiga-2014/lahti-vps/QqP3qOAH/
13. ROUND;Lahti - TPS;https://www.betexplorer.com/soccer/finland/veikkausliiga-2014/lahti-tps/dOaYb3A4/
11. ROUND;SJK - MyPa;https://www.betexplorer.com/soccer/finland/veikkausliiga-2014/sjk-mypa/zkmrlndn/
9. ROUND;Inter Turku - HJK;https://www.betexplorer.com/soccer/finland/veikkausliiga-2014/inter-turku-hjk/IacEY6da/
10. ROUND;HJK - SJK;https://www.betexplorer.com/soccer/finland/veikkausliiga-2014/hjk-sjk/GpGHXQB5/;Mariehamn - Lahti;https://www.betexplorer.com/soccer/finland/veikkausliiga-2014/mariehamn-lahti/lbEPV4tI/;MyPa - Inter Turku;https://www.betexplorer.com/soccer/finland/veikkausliiga-2014/mypa-inter-turku/pQ7YTrBU/;Rovaniemi - Jaro;https://www.betexplorer.com/soccer/finland/veikkausliiga-2014/rops-rovaniemi-jaro/MoqvkStt/;TPS - KuPS;https://www.betexplorer.com/soccer/finland/veikkausliiga-2014/tps-kups/6Z8UUOeO/;VPS - Honka;https://www.betexplorer.com/soccer/finland/veikkausliiga-2014/vps-honka/A7FLWpRB/
9. ROUND;Honka - Mariehamn;https://www.betexplorer.com/soccer/finland/veikkausliiga-2014/honka-mariehamn/OdviH5RO/;Lahti - TPS;https://www.betexplorer.com/soccer/finland/veikkausliiga-2014/lahti-tps/zy89Znsg/;MyPa - KuPS;https://www.betexplorer.com/soccer/finland/veikkausliiga-2014/mypa-kups/dp95zTRn/;SJK - Jaro;https://www.betexplorer.com/soccer/finland/veikkausliiga-2014/sjk-jaro/SA41y9Ct/;VPS - Rovaniemi;https://www.betexplorer.com/soccer/finland/veikkausliiga-2014/vps-rops-rovaniemi/Q1IZuk4P/
8. ROUND;Inter Turku - VPS;https://www.betexplorer.com/soccer/finland/veikkausliiga-2014/inter-turku-vps/xtxuK7s6/;Jaro - TPS;https://www.betexplorer.com/soccer/finland/veikkausliiga-2014/jaro-tps/IwMwMTCg/;KuPS - Honka;https://www.betexplorer.com/soccer/finland/veikkausliiga-2014/kups-honka/GWzqJRdC/;Lahti - Rovaniemi;https://www.betexplorer.com/soccer/finland/veikkausliiga-2014/lahti-rops-rovaniemi/AgzmIoCI/;SJK - Mariehamn;https://www.betexplorer.com/soccer/finland/veikkausliiga-2014/sjk-mariehamn/dUKsLmSa/;HJK - MyPa;https://www.betexplorer.com/soccer/finland/veikkausliiga-2014/hjk-mypa/OGMZM9cm/
7. ROUND;Honka - Lahti;https://www.betexplorer.com/soccer/finland/veikkausliiga-2014/honka-lahti/GAa86lD6/;Mariehamn - Inter Turku;https://www.betexplorer.com/soccer/finland/veikkausliiga-2014/mariehamn-inter-turku/xQmH4SsJ/;MyPa - Jaro;https://www.betexplorer.com/soccer/finland/veikkausliiga-2014/mypa-jaro/4Wu3SVZP/;Rovaniemi - HJK;https://www.betexplorer.com/soccer/finland/veikkausliiga-2014/rops-rovaniemi-hjk/ADIVNkrs/;TPS - SJK;https://www.betexplorer.com/soccer/finland/veikkausliiga-2014/tps-sjk/QusaTBKJ/;VPS - KuPS;https://www.betexplorer.com/soccer/finland/veikkausliiga-2014/vps-kups/bZlD58SC/
6. ROUND;HJK - Mariehamn;https://www.betexplorer.com/soccer/finland/veikkausliiga-2014/hjk-mariehamn/ratKSvU8/;Jaro - VPS;https://www.betexplorer.com/soccer/finland/veikkausliiga-2014/jaro-vps/xMuORbqF/;KuPS - Rovaniemi;https://www.betexplorer.com/soccer/finland/veikkausliiga-2014/kups-rops-rovaniemi/WMcd9jTm/;Lahti - Inter Turku;https://www.betexplorer.com/soccer/finland/veikkausliiga-2014/lahti-inter-turku/4zd47Uc0/;MyPa - TPS;https://www.betexplorer.com/soccer/finland/veikkausliiga-2014/mypa-tps/ADd08Arf/;SJK - Honka;https://www.betexplorer.com/soccer/finland/veikkausliiga-2014/sjk-honka/Eo3iAWDs/
5. ROUND;Honka - Jaro;https://www.betexplorer.com/soccer/finland/veikkausliiga-2014/honka-jaro/GYoM7whq/;Inter Turku - KuPS;https://www.betexplorer.com/soccer/finland/veikkausliiga-2014/inter-turku-kups/SjbX4yx2/;Lahti - SJK;https://www.betexplorer.com/soccer/finland/veikkausliiga-2014/lahti-sjk/UexGTKE2/;Mariehamn - MyPa;https://www.betexplorer.com/soccer/finland/veikkausliiga-2014/mariehamn-mypa/l0aT5HMe/;VPS - HJK;https://www.betexplorer.com/soccer/finland/veikkausliiga-2014/vps-hjk/fPpQ6c7k/;TPS - Rovaniemi;https://www.betexplorer.com/soccer/finland/veikkausliiga-2014/tps-rops-rovaniemi/Ai9gCJqS/
4. ROUND;Honka - Inter Turku;https://www.betexplorer.com/soccer/finland/veikkausliiga-2014/honka-inter-turku/S8DYGsVd/;KuPS - Lahti;https://www.betexplorer.com/soccer/finland/veikkausliiga-2014/kups-lahti/Oz7sFLa9/;Mariehamn - Jaro;https://www.betexplorer.com/soccer/finland/veikkausliiga-2014/mariehamn-jaro/6aCxG1p3/;Rovaniemi - MyPa;https://www.betexplorer.com/soccer/finland/veikkausliiga-2014/rops-rovaniemi-mypa/2R5oEuFF/;HJK - TPS;https://www.betexplorer.com/soccer/finland/veikkausliiga-2014/hjk-tps/E5Pjhbhd/
3. ROUND;Jaro - Lahti;https://www.betexplorer.com/soccer/finland/veikkausliiga-2014/jaro-lahti/AXt80MpG/;MyPa - VPS;https://www.betexplorer.com/soccer/finland/veikkausliiga-2014/mypa-vps/K6WsfKNq/;Rovaniemi - Inter Turku;https://www.betexplorer.com/soccer/finland/veikkausliiga-2014/rops-rovaniemi-inter-turku/2VLngvwj/;SJK - KuPS;https://www.betexplorer.com/soccer/finland/veikkausliiga-2014/sjk-kups/lOuCat0M/;TPS - Mariehamn;https://www.betexplorer.com/soccer/finland/veikkausliiga-2014/tps-mariehamn/IcpGb0FS/;HJK - Honka;https://www.betexplorer.com/soccer/finland/veikkausliiga-2014/hjk-honka/S8i312V9/
2. ROUND;Honka - MyPa;https://www.betexplorer.com/soccer/finland/veikkausliiga-2014/honka-mypa/29pCt1gp/;Inter Turku - SJK;https://www.betexplorer.com/soccer/finland/veikkausliiga-2014/inter-turku-sjk/Krle3O0c/;KuPS - Jaro;https://www.betexplorer.com/soccer/finland/veikkausliiga-2014/kups-jaro/E5ma2rG3/;Lahti - HJK;https://www.betexplorer.com/soccer/finland/veikkausliiga-2014/lahti-hjk/pUcposoT/;Mariehamn - Rovaniemi;https://www.betexplorer.com/soccer/finland/veikkausliiga-2014/mariehamn-rops-rovaniemi/thki44oi/;VPS - TPS;https://www.betexplorer.com/soccer/finland/veikkausliiga-2014/vps-tps/t0qGuL8j/
1. ROUND;Jaro - Inter Turku;https://www.betexplorer.com/soccer/finland/veikkausliiga-2014/jaro-inter-turku/AB5Xmq1A/;Mariehamn - VPS;https://www.betexplorer.com/soccer/finland/veikkausliiga-2014/mariehamn-vps/l24ym3GG/;MyPa - Lahti;https://www.betexplorer.com/soccer/finland/veikkausliiga-2014/mypa-lahti/WQgtnNVM/;HJK - KuPS;https://www.betexplorer.com/soccer/finland/veikkausliiga-2014/hjk-kups/tx1TlPo4/;Rovaniemi - SJK;https://www.betexplorer.com/soccer/finland/veikkausliiga-2014/rops-rovaniemi-sjk/2o2Pk5Wc/;TPS - Honka;https://www.betexplorer.com/soccer/finland/veikkausliiga-2014/tps-honka/KMCKjoHi/
19. ROUND;HJK - Jaro;https://www.betexplorer.com/soccer/finland/veikkausliiga-2014/hjk-jaro/tjlJbFXI/
17. ROUND;MyPa - Honka;https://www.betexplorer.com/soccer/finland/veikkausliiga-2014/mypa-honka/GUBYnIY6/;Rovaniemi - VPS;https://www.betexplorer.com/soccer/finland/veikkausliiga-2014/rops-rovaniemi-vps/Y5MTmbJ0/
