38. ROUND;AS Roma - Genoa;https://www.betexplorer.com/soccer/italy/serie-a-2016-2017/as-roma-genoa/dAbyZ50U/;Cagliari - AC Milan;https://www.betexplorer.com/soccer/italy/serie-a-2016-2017/cagliari-ac-milan/bBjvg9on/;Crotone - Lazio;https://www.betexplorer.com/soccer/italy/serie-a-2016-2017/crotone-lazio/dQnalo0H/;Fiorentina - Pescara;https://www.betexplorer.com/soccer/italy/serie-a-2016-2017/fiorentina-pescara/l0qij7V4/;Inter - Udinese;https://www.betexplorer.com/soccer/italy/serie-a-2016-2017/inter-udinese/hYkrhT0h/;Palermo - Empoli;https://www.betexplorer.com/soccer/italy/serie-a-2016-2017/palermo-empoli/KKizfkWu/;Sampdoria - Napoli;https://www.betexplorer.com/soccer/italy/serie-a-2016-2017/sampdoria-napoli/SjrekRpB/;Torino - Sassuolo;https://www.betexplorer.com/soccer/italy/serie-a-2016-2017/torino-sassuolo/YkASWIUq/;Atalanta - Chievo;https://www.betexplorer.com/soccer/italy/serie-a-2016-2017/atalanta-chievo/GEaXVxpj/;Bologna - Juventus;https://www.betexplorer.com/soccer/italy/serie-a-2016-2017/bologna-juventus/6yfnimGb/
37. ROUND;Pescara - Palermo;https://www.betexplorer.com/soccer/italy/serie-a-2016-2017/pescara-palermo/Od0TzSVH/;AC Milan - Bologna;https://www.betexplorer.com/soccer/italy/serie-a-2016-2017/ac-milan-bologna/AgdPy8GB/;Empoli - Atalanta;https://www.betexplorer.com/soccer/italy/serie-a-2016-2017/empoli-atalanta/bkF3tW1t/;Genoa - Torino;https://www.betexplorer.com/soccer/italy/serie-a-2016-2017/genoa-torino/K43CvAWh/;Juventus - Crotone;https://www.betexplorer.com/soccer/italy/serie-a-2016-2017/juventus-crotone/OrLfMSGO/;Lazio - Inter;https://www.betexplorer.com/soccer/italy/serie-a-2016-2017/lazio-inter/IJaXZooO/;Sassuolo - Cagliari;https://www.betexplorer.com/soccer/italy/serie-a-2016-2017/sassuolo-cagliari/lv8GwUoa/;Udinese - Sampdoria;https://www.betexplorer.com/soccer/italy/serie-a-2016-2017/udinese-sampdoria/xn9xoCgP/;Chievo - AS Roma;https://www.betexplorer.com/soccer/italy/serie-a-2016-2017/chievo-as-roma/SU6Kxl15/;Napoli - Fiorentina;https://www.betexplorer.com/soccer/italy/serie-a-2016-2017/napoli-fiorentina/phMjN81I/
36. ROUND;AS Roma - Juventus;https://www.betexplorer.com/soccer/italy/serie-a-2016-2017/as-roma-juventus/lQSsPUW5/;Bologna - Pescara;https://www.betexplorer.com/soccer/italy/serie-a-2016-2017/bologna-pescara/f3TwQAHa/;Cagliari - Empoli;https://www.betexplorer.com/soccer/italy/serie-a-2016-2017/cagliari-empoli/l2laXhPP/;Crotone - Udinese;https://www.betexplorer.com/soccer/italy/serie-a-2016-2017/crotone-udinese/ABkeYY9J/;Inter - Sassuolo;https://www.betexplorer.com/soccer/italy/serie-a-2016-2017/inter-sassuolo/byzVRWnm/;Palermo - Genoa;https://www.betexplorer.com/soccer/italy/serie-a-2016-2017/palermo-genoa/0t84BB26/;Sampdoria - Chievo;https://www.betexplorer.com/soccer/italy/serie-a-2016-2017/sampdoria-chievo/t0PZQj2g/;Torino - Napoli;https://www.betexplorer.com/soccer/italy/serie-a-2016-2017/torino-napoli/KpyRSCXt/;Atalanta - AC Milan;https://www.betexplorer.com/soccer/italy/serie-a-2016-2017/atalanta-ac-milan/SGRoOlnC/;Fiorentina - Lazio;https://www.betexplorer.com/soccer/italy/serie-a-2016-2017/fiorentina-lazio/f378AVHC/
35. ROUND;AC Milan - AS Roma;https://www.betexplorer.com/soccer/italy/serie-a-2016-2017/ac-milan-as-roma/QNgMbYI0/;Chievo - Palermo;https://www.betexplorer.com/soccer/italy/serie-a-2016-2017/chievo-palermo/zgyDLeQD/;Empoli - Bologna;https://www.betexplorer.com/soccer/italy/serie-a-2016-2017/empoli-bologna/8nqRchY6/;Genoa - Inter;https://www.betexplorer.com/soccer/italy/serie-a-2016-2017/genoa-inter/QNFiEDIm/;Lazio - Sampdoria;https://www.betexplorer.com/soccer/italy/serie-a-2016-2017/lazio-sampdoria/4EEeDXXg/;Pescara - Crotone;https://www.betexplorer.com/soccer/italy/serie-a-2016-2017/pescara-crotone/nwrVdCmD/;Sassuolo - Fiorentina;https://www.betexplorer.com/soccer/italy/serie-a-2016-2017/sassuolo-fiorentina/EqzHKFuK/;Udinese - Atalanta;https://www.betexplorer.com/soccer/italy/serie-a-2016-2017/udinese-atalanta/W0GmFg3s/;Juventus - Torino;https://www.betexplorer.com/soccer/italy/serie-a-2016-2017/juventus-torino/Mk90Cim0/;Napoli - Cagliari;https://www.betexplorer.com/soccer/italy/serie-a-2016-2017/napoli-cagliari/d8PLJZfQ/
34. ROUND;AS Roma - Lazio;https://www.betexplorer.com/soccer/italy/serie-a-2016-2017/as-roma-lazio/CKkIaE3f/;Bologna - Udinese;https://www.betexplorer.com/soccer/italy/serie-a-2016-2017/bologna-udinese/OMTeDCGd/;Cagliari - Pescara;https://www.betexplorer.com/soccer/italy/serie-a-2016-2017/cagliari-pescara/GdQmFYop/;Crotone - AC Milan;https://www.betexplorer.com/soccer/italy/serie-a-2016-2017/crotone-ac-milan/EBdlJ24F/;Empoli - Sassuolo;https://www.betexplorer.com/soccer/italy/serie-a-2016-2017/empoli-sassuolo/IcjE0fll/;Genoa - Chievo;https://www.betexplorer.com/soccer/italy/serie-a-2016-2017/genoa-chievo/v7iA1zZs/;Inter - Napoli;https://www.betexplorer.com/soccer/italy/serie-a-2016-2017/inter-napoli/SffxM4Kd/;Palermo - Fiorentina;https://www.betexplorer.com/soccer/italy/serie-a-2016-2017/palermo-fiorentina/tbbtLOZ2/;Torino - Sampdoria;https://www.betexplorer.com/soccer/italy/serie-a-2016-2017/torino-sampdoria/pWUiEh1j/;Atalanta - Juventus;https://www.betexplorer.com/soccer/italy/serie-a-2016-2017/atalanta-juventus/zLcpKrk9/
33. ROUND;Pescara - AS Roma;https://www.betexplorer.com/soccer/italy/serie-a-2016-2017/pescara-as-roma/nym5Ndv4/;AC Milan - Empoli;https://www.betexplorer.com/soccer/italy/serie-a-2016-2017/ac-milan-empoli/WOlHKfOM/;Chievo - Torino;https://www.betexplorer.com/soccer/italy/serie-a-2016-2017/chievo-torino/j9gdPI9i/;Juventus - Genoa;https://www.betexplorer.com/soccer/italy/serie-a-2016-2017/juventus-genoa/Uah0OxPc/;Lazio - Palermo;https://www.betexplorer.com/soccer/italy/serie-a-2016-2017/lazio-palermo/KloDLz9G/;Sampdoria - Crotone;https://www.betexplorer.com/soccer/italy/serie-a-2016-2017/sampdoria-crotone/ILOs6e9T/;Sassuolo - Napoli;https://www.betexplorer.com/soccer/italy/serie-a-2016-2017/sassuolo-napoli/O21A1FHp/;Udinese - Cagliari;https://www.betexplorer.com/soccer/italy/serie-a-2016-2017/udinese-cagliari/QRo9MGgA/;Atalanta - Bologna;https://www.betexplorer.com/soccer/italy/serie-a-2016-2017/atalanta-bologna/x65E0ZWj/;Fiorentina - Inter;https://www.betexplorer.com/soccer/italy/serie-a-2016-2017/fiorentina-inter/EmvMJEwT/
32. ROUND;AS Roma - Atalanta;https://www.betexplorer.com/soccer/italy/serie-a-2016-2017/as-roma-atalanta/2PYIBauh/;Cagliari - Chievo;https://www.betexplorer.com/soccer/italy/serie-a-2016-2017/cagliari-chievo/p844hxuU/;Fiorentina - Empoli;https://www.betexplorer.com/soccer/italy/serie-a-2016-2017/fiorentina-empoli/jo50gIPN/;Genoa - Lazio;https://www.betexplorer.com/soccer/italy/serie-a-2016-2017/genoa-lazio/vVPw7yfN/;Inter - AC Milan;https://www.betexplorer.com/soccer/italy/serie-a-2016-2017/inter-ac-milan/OYZECuQo/;Napoli - Udinese;https://www.betexplorer.com/soccer/italy/serie-a-2016-2017/napoli-udinese/AkxR9wA4/;Palermo - Bologna;https://www.betexplorer.com/soccer/italy/serie-a-2016-2017/palermo-bologna/W4QZ7HvH/;Pescara - Juventus;https://www.betexplorer.com/soccer/italy/serie-a-2016-2017/pescara-juventus/hERV8cPA/;Sassuolo - Sampdoria;https://www.betexplorer.com/soccer/italy/serie-a-2016-2017/sassuolo-sampdoria/dnYMAJfb/;Torino - Crotone;https://www.betexplorer.com/soccer/italy/serie-a-2016-2017/torino-crotone/nHjWmdmo/
31. ROUND;AC Milan - Palermo;https://www.betexplorer.com/soccer/italy/serie-a-2016-2017/ac-milan-palermo/dCa9veE2/;Bologna - AS Roma;https://www.betexplorer.com/soccer/italy/serie-a-2016-2017/bologna-as-roma/nsIIHX6k/;Cagliari - Torino;https://www.betexplorer.com/soccer/italy/serie-a-2016-2017/cagliari-torino/292HxZrF/;Crotone - Inter;https://www.betexplorer.com/soccer/italy/serie-a-2016-2017/crotone-inter/GGMMGiMe/;Lazio - Napoli;https://www.betexplorer.com/soccer/italy/serie-a-2016-2017/lazio-napoli/t01LygbL/;Sampdoria - Fiorentina;https://www.betexplorer.com/soccer/italy/serie-a-2016-2017/sampdoria-fiorentina/bydQzDDR/;Udinese - Genoa;https://www.betexplorer.com/soccer/italy/serie-a-2016-2017/udinese-genoa/8jJEIDiq/;Atalanta - Sassuolo;https://www.betexplorer.com/soccer/italy/serie-a-2016-2017/atalanta-sassuolo/f7LQFBy2/;Empoli - Pescara;https://www.betexplorer.com/soccer/italy/serie-a-2016-2017/empoli-pescara/8n3DwFT8/;Juventus - Chievo;https://www.betexplorer.com/soccer/italy/serie-a-2016-2017/juventus-chievo/86BC9kXI/
30. ROUND;Inter - Sampdoria;https://www.betexplorer.com/soccer/italy/serie-a-2016-2017/inter-sampdoria/hOYvn6sH/;Chievo - Crotone;https://www.betexplorer.com/soccer/italy/serie-a-2016-2017/chievo-crotone/Mwq0mGwi/;Fiorentina - Bologna;https://www.betexplorer.com/soccer/italy/serie-a-2016-2017/fiorentina-bologna/zmOqoQdN/;Genoa - Atalanta;https://www.betexplorer.com/soccer/italy/serie-a-2016-2017/genoa-atalanta/rgDJvOZj/;Napoli - Juventus;https://www.betexplorer.com/soccer/italy/serie-a-2016-2017/napoli-juventus/pbVWmSC4/;Palermo - Cagliari;https://www.betexplorer.com/soccer/italy/serie-a-2016-2017/palermo-cagliari/0Us4nzgc/;Pescara - AC Milan;https://www.betexplorer.com/soccer/italy/serie-a-2016-2017/pescara-ac-milan/42EFu4Kp/;Torino - Udinese;https://www.betexplorer.com/soccer/italy/serie-a-2016-2017/torino-udinese/EXZzmnSA/;AS Roma - Empoli;https://www.betexplorer.com/soccer/italy/serie-a-2016-2017/as-roma-empoli/nNRmppCT/;Sassuolo - Lazio;https://www.betexplorer.com/soccer/italy/serie-a-2016-2017/sassuolo-lazio/67WSl8cb/
29. ROUND;AS Roma - Sassuolo;https://www.betexplorer.com/soccer/italy/serie-a-2016-2017/as-roma-sassuolo/Ead8oZj6/;Atalanta - Pescara;https://www.betexplorer.com/soccer/italy/serie-a-2016-2017/atalanta-pescara/AuwKjUSo/;Bologna - Chievo;https://www.betexplorer.com/soccer/italy/serie-a-2016-2017/bologna-chievo/dxkxSpjo/;Cagliari - Lazio;https://www.betexplorer.com/soccer/italy/serie-a-2016-2017/cagliari-lazio/6Zh0meMg/;Crotone - Fiorentina;https://www.betexplorer.com/soccer/italy/serie-a-2016-2017/crotone-fiorentina/hjeCpg6C/;Empoli - Napoli;https://www.betexplorer.com/soccer/italy/serie-a-2016-2017/empoli-napoli/OA3ely7m/;Sampdoria - Juventus;https://www.betexplorer.com/soccer/italy/serie-a-2016-2017/sampdoria-juventus/Kxc4nFy0/;Udinese - Palermo;https://www.betexplorer.com/soccer/italy/serie-a-2016-2017/udinese-palermo/pK4ikHis/;AC Milan - Genoa;https://www.betexplorer.com/soccer/italy/serie-a-2016-2017/ac-milan-genoa/OrsOklrh/;Torino - Inter;https://www.betexplorer.com/soccer/italy/serie-a-2016-2017/torino-inter/KCR8qDLI/
28. ROUND;Lazio - Torino;https://www.betexplorer.com/soccer/italy/serie-a-2016-2017/lazio-torino/WGvIzIxl/;Chievo - Empoli;https://www.betexplorer.com/soccer/italy/serie-a-2016-2017/chievo-empoli/xfuEybNs/;Fiorentina - Cagliari;https://www.betexplorer.com/soccer/italy/serie-a-2016-2017/fiorentina-cagliari/A7wMZyhf/;Inter - Atalanta;https://www.betexplorer.com/soccer/italy/serie-a-2016-2017/inter-atalanta/CWZxWgiJ/;Napoli - Crotone;https://www.betexplorer.com/soccer/italy/serie-a-2016-2017/napoli-crotone/0YmntvFQ/;Palermo - AS Roma;https://www.betexplorer.com/soccer/italy/serie-a-2016-2017/palermo-as-roma/hSCPgcqQ/;Pescara - Udinese;https://www.betexplorer.com/soccer/italy/serie-a-2016-2017/pescara-udinese/6ZWUXFM6/;Sassuolo - Bologna;https://www.betexplorer.com/soccer/italy/serie-a-2016-2017/sassuolo-bologna/0dWYWZyD/;Genoa - Sampdoria;https://www.betexplorer.com/soccer/italy/serie-a-2016-2017/genoa-sampdoria/EyELfwUJ/;Juventus - AC Milan;https://www.betexplorer.com/soccer/italy/serie-a-2016-2017/juventus-ac-milan/SrYQYe70/
27. ROUND;Atalanta - Fiorentina;https://www.betexplorer.com/soccer/italy/serie-a-2016-2017/atalanta-fiorentina/vJawr0pE/;Bologna - Lazio;https://www.betexplorer.com/soccer/italy/serie-a-2016-2017/bologna-lazio/4tLzOvgr/;Cagliari - Inter;https://www.betexplorer.com/soccer/italy/serie-a-2016-2017/cagliari-inter/rXJvNb8l/;Crotone - Sassuolo;https://www.betexplorer.com/soccer/italy/serie-a-2016-2017/crotone-sassuolo/I9bssKaK/;Empoli - Genoa;https://www.betexplorer.com/soccer/italy/serie-a-2016-2017/empoli-genoa/YLCiKdh7/;Torino - Palermo;https://www.betexplorer.com/soccer/italy/serie-a-2016-2017/torino-palermo/CCBeJG7D/;Udinese - Juventus;https://www.betexplorer.com/soccer/italy/serie-a-2016-2017/udinese-juventus/xfJrMINf/;AC Milan - Chievo;https://www.betexplorer.com/soccer/italy/serie-a-2016-2017/ac-milan-chievo/Onw8SKpR/;AS Roma - Napoli;https://www.betexplorer.com/soccer/italy/serie-a-2016-2017/as-roma-napoli/pdv4T0VK/;Sampdoria - Pescara;https://www.betexplorer.com/soccer/italy/serie-a-2016-2017/sampdoria-pescara/jcNnLxw1/
26. ROUND;Fiorentina - Torino;https://www.betexplorer.com/soccer/italy/serie-a-2016-2017/fiorentina-torino/nLtr5fNq/;Chievo - Pescara;https://www.betexplorer.com/soccer/italy/serie-a-2016-2017/chievo-pescara/29tnNgqS/;Crotone - Cagliari;https://www.betexplorer.com/soccer/italy/serie-a-2016-2017/crotone-cagliari/fqwvPFEF/;Genoa - Bologna;https://www.betexplorer.com/soccer/italy/serie-a-2016-2017/genoa-bologna/zsNxRyp3/;Inter - AS Roma;https://www.betexplorer.com/soccer/italy/serie-a-2016-2017/inter-as-roma/GxjCAGaM/;Lazio - Udinese;https://www.betexplorer.com/soccer/italy/serie-a-2016-2017/lazio-udinese/GhvzQea9/;Palermo - Sampdoria;https://www.betexplorer.com/soccer/italy/serie-a-2016-2017/palermo-sampdoria/rmzi3Yid/;Sassuolo - AC Milan;https://www.betexplorer.com/soccer/italy/serie-a-2016-2017/sassuolo-ac-milan/l6xrOZTL/;Juventus - Empoli;https://www.betexplorer.com/soccer/italy/serie-a-2016-2017/juventus-empoli/UqWn4Exj/;Napoli - Atalanta;https://www.betexplorer.com/soccer/italy/serie-a-2016-2017/napoli-atalanta/pCfG9zFS/
25. ROUND;AC Milan - Fiorentina;https://www.betexplorer.com/soccer/italy/serie-a-2016-2017/ac-milan-fiorentina/hroA2tpl/;AS Roma - Torino;https://www.betexplorer.com/soccer/italy/serie-a-2016-2017/as-roma-torino/CMbCE7ft/;Bologna - Inter;https://www.betexplorer.com/soccer/italy/serie-a-2016-2017/bologna-inter/McJ2f49O/;Chievo - Napoli;https://www.betexplorer.com/soccer/italy/serie-a-2016-2017/chievo-napoli/z17pJmnP/;Pescara - Genoa;https://www.betexplorer.com/soccer/italy/serie-a-2016-2017/pescara-genoa/WYqE10af/;Sampdoria - Cagliari;https://www.betexplorer.com/soccer/italy/serie-a-2016-2017/sampdoria-cagliari/beGA0KE0/;Udinese - Sassuolo;https://www.betexplorer.com/soccer/italy/serie-a-2016-2017/udinese-sassuolo/xnFEavU6/;Atalanta - Crotone;https://www.betexplorer.com/soccer/italy/serie-a-2016-2017/atalanta-crotone/W8EIbbqD/;Empoli - Lazio;https://www.betexplorer.com/soccer/italy/serie-a-2016-2017/empoli-lazio/folHDR9n/;Juventus - Palermo;https://www.betexplorer.com/soccer/italy/serie-a-2016-2017/juventus-palermo/YymLCoPh/
24. ROUND;Lazio - AC Milan;https://www.betexplorer.com/soccer/italy/serie-a-2016-2017/lazio-ac-milan/je0czO0e/;Cagliari - Juventus;https://www.betexplorer.com/soccer/italy/serie-a-2016-2017/cagliari-juventus/pjoDeYW3/;Crotone - AS Roma;https://www.betexplorer.com/soccer/italy/serie-a-2016-2017/crotone-as-roma/C41gy4ok/;Inter - Empoli;https://www.betexplorer.com/soccer/italy/serie-a-2016-2017/inter-empoli/vHxlco88/;Palermo - Atalanta;https://www.betexplorer.com/soccer/italy/serie-a-2016-2017/palermo-atalanta/hKthd5NE/;Sampdoria - Bologna;https://www.betexplorer.com/soccer/italy/serie-a-2016-2017/sampdoria-bologna/OtpHfhnA/;Sassuolo - Chievo;https://www.betexplorer.com/soccer/italy/serie-a-2016-2017/sassuolo-chievo/I3qLgC1G/;Torino - Pescara;https://www.betexplorer.com/soccer/italy/serie-a-2016-2017/torino-pescara/UuClxpWr/;Fiorentina - Udinese;https://www.betexplorer.com/soccer/italy/serie-a-2016-2017/fiorentina-udinese/xCb5Y1V7/;Napoli - Genoa;https://www.betexplorer.com/soccer/italy/serie-a-2016-2017/napoli-genoa/bLa1ZsG1/
18. ROUND;Bologna - AC Milan;https://www.betexplorer.com/soccer/italy/serie-a-2016-2017/bologna-ac-milan/bHBIr1B5/;Crotone - Juventus;https://www.betexplorer.com/soccer/italy/serie-a-2016-2017/crotone-juventus/pE7Eqsda/
23. ROUND;AS Roma - Fiorentina;https://www.betexplorer.com/soccer/italy/serie-a-2016-2017/as-roma-fiorentina/lOi4cf2i/;AC Milan - Sampdoria;https://www.betexplorer.com/soccer/italy/serie-a-2016-2017/ac-milan-sampdoria/zL3MYAPj/;Atalanta - Cagliari;https://www.betexplorer.com/soccer/italy/serie-a-2016-2017/atalanta-cagliari/lACVremb/;Chievo - Udinese;https://www.betexplorer.com/soccer/italy/serie-a-2016-2017/chievo-udinese/SEj8dEHc/;Empoli - Torino;https://www.betexplorer.com/soccer/italy/serie-a-2016-2017/empoli-torino/OS4rtgXG/;Genoa - Sassuolo;https://www.betexplorer.com/soccer/italy/serie-a-2016-2017/genoa-sassuolo/px6vsZHA/;Juventus - Inter;https://www.betexplorer.com/soccer/italy/serie-a-2016-2017/juventus-inter/2DGZsF24/;Palermo - Crotone;https://www.betexplorer.com/soccer/italy/serie-a-2016-2017/palermo-crotone/xzoJZjAp/;Pescara - Lazio;https://www.betexplorer.com/soccer/italy/serie-a-2016-2017/pescara-lazio/h29nuDnN/;Bologna - Napoli;https://www.betexplorer.com/soccer/italy/serie-a-2016-2017/bologna-napoli/Wh8jvX1T/
19. ROUND;Pescara - Fiorentina;https://www.betexplorer.com/soccer/italy/serie-a-2016-2017/pescara-fiorentina/td5yaMen/
22. ROUND;Cagliari - Bologna;https://www.betexplorer.com/soccer/italy/serie-a-2016-2017/cagliari-bologna/dIUi2wkC/;Crotone - Empoli;https://www.betexplorer.com/soccer/italy/serie-a-2016-2017/crotone-empoli/4rYa0HJO/;Fiorentina - Genoa;https://www.betexplorer.com/soccer/italy/serie-a-2016-2017/fiorentina-genoa/Sxwy6Lkm/;Napoli - Palermo;https://www.betexplorer.com/soccer/italy/serie-a-2016-2017/napoli-palermo/8dbAKK4t/;Sampdoria - AS Roma;https://www.betexplorer.com/soccer/italy/serie-a-2016-2017/sampdoria-as-roma/Maxu5u5g/;Sassuolo - Juventus;https://www.betexplorer.com/soccer/italy/serie-a-2016-2017/sassuolo-juventus/G2ZW61zs/;Torino - Atalanta;https://www.betexplorer.com/soccer/italy/serie-a-2016-2017/torino-atalanta/0jyq4aKa/;Udinese - AC Milan;https://www.betexplorer.com/soccer/italy/serie-a-2016-2017/udinese-ac-milan/juUe1c4I/;Inter - Pescara;https://www.betexplorer.com/soccer/italy/serie-a-2016-2017/inter-pescara/IRVm3JZ5/;Lazio - Chievo;https://www.betexplorer.com/soccer/italy/serie-a-2016-2017/lazio-chievo/6mCrP0dP/
21. ROUND;AS Roma - Cagliari;https://www.betexplorer.com/soccer/italy/serie-a-2016-2017/as-roma-cagliari/8bTG0QD7/;Atalanta - Sampdoria;https://www.betexplorer.com/soccer/italy/serie-a-2016-2017/atalanta-sampdoria/z5L2OT5E/;Bologna - Torino;https://www.betexplorer.com/soccer/italy/serie-a-2016-2017/bologna-torino/I7ZWAAyF/;Empoli - Udinese;https://www.betexplorer.com/soccer/italy/serie-a-2016-2017/empoli-udinese/vJy048Er/;Genoa - Crotone;https://www.betexplorer.com/soccer/italy/serie-a-2016-2017/genoa-crotone/xAkY8l6R/;Juventus - Lazio;https://www.betexplorer.com/soccer/italy/serie-a-2016-2017/juventus-lazio/dbYzAUjL/;Palermo - Inter;https://www.betexplorer.com/soccer/italy/serie-a-2016-2017/palermo-inter/U7UC16b1/;Pescara - Sassuolo;https://www.betexplorer.com/soccer/italy/serie-a-2016-2017/pescara-sassuolo/dEMbP9j8/;AC Milan - Napoli;https://www.betexplorer.com/soccer/italy/serie-a-2016-2017/ac-milan-napoli/Yuy43STl/;Chievo - Fiorentina;https://www.betexplorer.com/soccer/italy/serie-a-2016-2017/chievo-fiorentina/nqu82nqe/
20. ROUND;Torino - AC Milan;https://www.betexplorer.com/soccer/italy/serie-a-2016-2017/torino-ac-milan/GvD1eVyS/;Cagliari - Genoa;https://www.betexplorer.com/soccer/italy/serie-a-2016-2017/cagliari-genoa/OWffci7F/;Fiorentina - Juventus;https://www.betexplorer.com/soccer/italy/serie-a-2016-2017/fiorentina-juventus/MLkUjkpq/;Lazio - Atalanta;https://www.betexplorer.com/soccer/italy/serie-a-2016-2017/lazio-atalanta/UogxkTEe/;Napoli - Pescara;https://www.betexplorer.com/soccer/italy/serie-a-2016-2017/napoli-pescara/AsWOCW62/;Sampdoria - Empoli;https://www.betexplorer.com/soccer/italy/serie-a-2016-2017/sampdoria-empoli/ptdjbXi9/;Sassuolo - Palermo;https://www.betexplorer.com/soccer/italy/serie-a-2016-2017/sassuolo-palermo/8xhtlmU1/;Udinese - AS Roma;https://www.betexplorer.com/soccer/italy/serie-a-2016-2017/udinese-as-roma/IgfbdBML/;Crotone - Bologna;https://www.betexplorer.com/soccer/italy/serie-a-2016-2017/crotone-bologna/OpzTBjM8/;Inter - Chievo;https://www.betexplorer.com/soccer/italy/serie-a-2016-2017/inter-chievo/0ClYk9ak/
19. ROUND;AC Milan - Cagliari;https://www.betexplorer.com/soccer/italy/serie-a-2016-2017/ac-milan-cagliari/jXPRvJAU/;Chievo - Atalanta;https://www.betexplorer.com/soccer/italy/serie-a-2016-2017/chievo-atalanta/WU9QtutI/;Genoa - AS Roma;https://www.betexplorer.com/soccer/italy/serie-a-2016-2017/genoa-as-roma/AycheveB/;Juventus - Bologna;https://www.betexplorer.com/soccer/italy/serie-a-2016-2017/juventus-bologna/OKftbtBh/;Lazio - Crotone;https://www.betexplorer.com/soccer/italy/serie-a-2016-2017/lazio-crotone/WpbldKu5/;Sassuolo - Torino;https://www.betexplorer.com/soccer/italy/serie-a-2016-2017/sassuolo-torino/h0ncfbAH/;Udinese - Inter;https://www.betexplorer.com/soccer/italy/serie-a-2016-2017/udinese-inter/Sh1Xa2tt/;Empoli - Palermo;https://www.betexplorer.com/soccer/italy/serie-a-2016-2017/empoli-palermo/CtRNuaeO/;Napoli - Sampdoria;https://www.betexplorer.com/soccer/italy/serie-a-2016-2017/napoli-sampdoria/2Bgpc0Qb/
18. ROUND;AS Roma - Chievo;https://www.betexplorer.com/soccer/italy/serie-a-2016-2017/as-roma-chievo/4K9ot8k7/;Cagliari - Sassuolo;https://www.betexplorer.com/soccer/italy/serie-a-2016-2017/cagliari-sassuolo/ObJ5o3Rn/;Fiorentina - Napoli;https://www.betexplorer.com/soccer/italy/serie-a-2016-2017/fiorentina-napoli/fPE1nqCt/;Palermo - Pescara;https://www.betexplorer.com/soccer/italy/serie-a-2016-2017/palermo-pescara/W6BwrUKf/;Sampdoria - Udinese;https://www.betexplorer.com/soccer/italy/serie-a-2016-2017/sampdoria-udinese/GfDkuS4D/;Torino - Genoa;https://www.betexplorer.com/soccer/italy/serie-a-2016-2017/torino-genoa/AcAsslz1/;Inter - Lazio;https://www.betexplorer.com/soccer/italy/serie-a-2016-2017/inter-lazio/2kI9pNtg/;Atalanta - Empoli;https://www.betexplorer.com/soccer/italy/serie-a-2016-2017/atalanta-empoli/IaiY3BsE/
17. ROUND;Chievo - Sampdoria;https://www.betexplorer.com/soccer/italy/serie-a-2016-2017/chievo-sampdoria/8Ao0UAje/;Genoa - Palermo;https://www.betexplorer.com/soccer/italy/serie-a-2016-2017/genoa-palermo/zuIUqjjr/;Lazio - Fiorentina;https://www.betexplorer.com/soccer/italy/serie-a-2016-2017/lazio-fiorentina/jZz5TU51/;Napoli - Torino;https://www.betexplorer.com/soccer/italy/serie-a-2016-2017/napoli-torino/EVGYrA5l/;Pescara - Bologna;https://www.betexplorer.com/soccer/italy/serie-a-2016-2017/pescara-bologna/rswjiYc8/;Sassuolo - Inter;https://www.betexplorer.com/soccer/italy/serie-a-2016-2017/sassuolo-inter/MXyfjhDE/;Udinese - Crotone;https://www.betexplorer.com/soccer/italy/serie-a-2016-2017/udinese-crotone/Sl3yVdad/;AC Milan - Atalanta;https://www.betexplorer.com/soccer/italy/serie-a-2016-2017/ac-milan-atalanta/4dRbkCSK/;Empoli - Cagliari;https://www.betexplorer.com/soccer/italy/serie-a-2016-2017/empoli-cagliari/UPZ8SlL7/;Juventus - AS Roma;https://www.betexplorer.com/soccer/italy/serie-a-2016-2017/juventus-as-roma/IaV2lWsR/
3. ROUND;Genoa - Fiorentina;https://www.betexplorer.com/soccer/italy/serie-a-2016-2017/genoa-fiorentina/z3tn2Zfk/
16. ROUND;AS Roma - AC Milan;https://www.betexplorer.com/soccer/italy/serie-a-2016-2017/as-roma-ac-milan/xni8BdpG/;Fiorentina - Sassuolo;https://www.betexplorer.com/soccer/italy/serie-a-2016-2017/fiorentina-sassuolo/dxq0DIF3/;Atalanta - Udinese;https://www.betexplorer.com/soccer/italy/serie-a-2016-2017/atalanta-udinese/8G25iygp/;Bologna - Empoli;https://www.betexplorer.com/soccer/italy/serie-a-2016-2017/bologna-empoli/fN13CxV9/;Cagliari - Napoli;https://www.betexplorer.com/soccer/italy/serie-a-2016-2017/cagliari-napoli/n719je8j/;Inter - Genoa;https://www.betexplorer.com/soccer/italy/serie-a-2016-2017/inter-genoa/KhoTAPg5/;Palermo - Chievo;https://www.betexplorer.com/soccer/italy/serie-a-2016-2017/palermo-chievo/GKvx93OH/;Torino - Juventus;https://www.betexplorer.com/soccer/italy/serie-a-2016-2017/torino-juventus/2HzY9q9B/;Crotone - Pescara;https://www.betexplorer.com/soccer/italy/serie-a-2016-2017/crotone-pescara/OOphFvoi/;Sampdoria - Lazio;https://www.betexplorer.com/soccer/italy/serie-a-2016-2017/sampdoria-lazio/2FqdEb0c/
15. ROUND;Chievo - Genoa;https://www.betexplorer.com/soccer/italy/serie-a-2016-2017/chievo-genoa/hIRobnAa/;Udinese - Bologna;https://www.betexplorer.com/soccer/italy/serie-a-2016-2017/udinese-bologna/QVPgdQvC/;AC Milan - Crotone;https://www.betexplorer.com/soccer/italy/serie-a-2016-2017/ac-milan-crotone/KSZY0lQt/;Fiorentina - Palermo;https://www.betexplorer.com/soccer/italy/serie-a-2016-2017/fiorentina-palermo/bJYx08um/;Lazio - AS Roma;https://www.betexplorer.com/soccer/italy/serie-a-2016-2017/lazio-as-roma/Szr75UHP/;Pescara - Cagliari;https://www.betexplorer.com/soccer/italy/serie-a-2016-2017/pescara-cagliari/pCIMcIbJ/;Sampdoria - Torino;https://www.betexplorer.com/soccer/italy/serie-a-2016-2017/sampdoria-torino/lpq36A2J/;Sassuolo - Empoli;https://www.betexplorer.com/soccer/italy/serie-a-2016-2017/sassuolo-empoli/r7KbepfI/;Juventus - Atalanta;https://www.betexplorer.com/soccer/italy/serie-a-2016-2017/juventus-atalanta/trOsaSfg/;Napoli - Inter;https://www.betexplorer.com/soccer/italy/serie-a-2016-2017/napoli-inter/nuRkc6P5/
14. ROUND;Inter - Fiorentina;https://www.betexplorer.com/soccer/italy/serie-a-2016-2017/inter-fiorentina/6RMSk30r/;Napoli - Sassuolo;https://www.betexplorer.com/soccer/italy/serie-a-2016-2017/napoli-sassuolo/bLo63MUs/;AS Roma - Pescara;https://www.betexplorer.com/soccer/italy/serie-a-2016-2017/as-roma-pescara/vuLzlsVf/;Bologna - Atalanta;https://www.betexplorer.com/soccer/italy/serie-a-2016-2017/bologna-atalanta/Mafv82MQ/;Cagliari - Udinese;https://www.betexplorer.com/soccer/italy/serie-a-2016-2017/cagliari-udinese/YwEqnLa7/;Crotone - Sampdoria;https://www.betexplorer.com/soccer/italy/serie-a-2016-2017/crotone-sampdoria/CUCmouFD/;Genoa - Juventus;https://www.betexplorer.com/soccer/italy/serie-a-2016-2017/genoa-juventus/jFOvm1p1/;Palermo - Lazio;https://www.betexplorer.com/soccer/italy/serie-a-2016-2017/palermo-lazio/vy5Z8r7K/;Empoli - AC Milan;https://www.betexplorer.com/soccer/italy/serie-a-2016-2017/empoli-ac-milan/0p6V9OiE/;Torino - Chievo;https://www.betexplorer.com/soccer/italy/serie-a-2016-2017/torino-chievo/pILWlNFl/
13. ROUND;AC Milan - Inter;https://www.betexplorer.com/soccer/italy/serie-a-2016-2017/ac-milan-inter/GtQaVyJb/;Atalanta - AS Roma;https://www.betexplorer.com/soccer/italy/serie-a-2016-2017/atalanta-as-roma/pGU3UeY4/;Bologna - Palermo;https://www.betexplorer.com/soccer/italy/serie-a-2016-2017/bologna-palermo/GdENpHIo/;Crotone - Torino;https://www.betexplorer.com/soccer/italy/serie-a-2016-2017/crotone-torino/xjReWH3h/;Empoli - Fiorentina;https://www.betexplorer.com/soccer/italy/serie-a-2016-2017/empoli-fiorentina/KYMGRgIN/;Lazio - Genoa;https://www.betexplorer.com/soccer/italy/serie-a-2016-2017/lazio-genoa/6VICSZ2H/;Sampdoria - Sassuolo;https://www.betexplorer.com/soccer/italy/serie-a-2016-2017/sampdoria-sassuolo/G48nMXuo/;Chievo - Cagliari;https://www.betexplorer.com/soccer/italy/serie-a-2016-2017/chievo-cagliari/fmDRqyYi/;Juventus - Pescara;https://www.betexplorer.com/soccer/italy/serie-a-2016-2017/juventus-pescara/EeMKQDXT/;Udinese - Napoli;https://www.betexplorer.com/soccer/italy/serie-a-2016-2017/udinese-napoli/O6T7TFmB/
12. ROUND;AS Roma - Bologna;https://www.betexplorer.com/soccer/italy/serie-a-2016-2017/as-roma-bologna/tOBHIbZh/;Chievo - Juventus;https://www.betexplorer.com/soccer/italy/serie-a-2016-2017/chievo-juventus/A33YEGYH/;Fiorentina - Sampdoria;https://www.betexplorer.com/soccer/italy/serie-a-2016-2017/fiorentina-sampdoria/6VdsDf3U/;Genoa - Udinese;https://www.betexplorer.com/soccer/italy/serie-a-2016-2017/genoa-udinese/riYnYwZu/;Inter - Crotone;https://www.betexplorer.com/soccer/italy/serie-a-2016-2017/inter-crotone/fRyiXcln/;Palermo - AC Milan;https://www.betexplorer.com/soccer/italy/serie-a-2016-2017/palermo-ac-milan/SvbwEzlO/;Pescara - Empoli;https://www.betexplorer.com/soccer/italy/serie-a-2016-2017/pescara-empoli/2XCDJvKn/;Sassuolo - Atalanta;https://www.betexplorer.com/soccer/italy/serie-a-2016-2017/sassuolo-atalanta/WC4UFdJB/;Napoli - Lazio;https://www.betexplorer.com/soccer/italy/serie-a-2016-2017/napoli-lazio/On1MHIla/;Torino - Cagliari;https://www.betexplorer.com/soccer/italy/serie-a-2016-2017/torino-cagliari/xj5QGx45/
11. ROUND;Cagliari - Palermo;https://www.betexplorer.com/soccer/italy/serie-a-2016-2017/cagliari-palermo/U9ZKrhhM/;Udinese - Torino;https://www.betexplorer.com/soccer/italy/serie-a-2016-2017/udinese-torino/M7AexjVk/;AC Milan - Pescara;https://www.betexplorer.com/soccer/italy/serie-a-2016-2017/ac-milan-pescara/fis8of83/;Atalanta - Genoa;https://www.betexplorer.com/soccer/italy/serie-a-2016-2017/atalanta-genoa/8foCpEN9/;Crotone - Chievo;https://www.betexplorer.com/soccer/italy/serie-a-2016-2017/crotone-chievo/S41oaDx3/;Empoli - AS Roma;https://www.betexplorer.com/soccer/italy/serie-a-2016-2017/empoli-as-roma/lE2s0gNd/;Lazio - Sassuolo;https://www.betexplorer.com/soccer/italy/serie-a-2016-2017/lazio-sassuolo/xzZOsC7S/;Sampdoria - Inter;https://www.betexplorer.com/soccer/italy/serie-a-2016-2017/sampdoria-inter/zBEayApd/;Bologna - Fiorentina;https://www.betexplorer.com/soccer/italy/serie-a-2016-2017/bologna-fiorentina/jJzHqYxG/;Juventus - Napoli;https://www.betexplorer.com/soccer/italy/serie-a-2016-2017/juventus-napoli/vqLjwWFq/
10. ROUND;Palermo - Udinese;https://www.betexplorer.com/soccer/italy/serie-a-2016-2017/palermo-udinese/hlMdVM08/;Chievo - Bologna;https://www.betexplorer.com/soccer/italy/serie-a-2016-2017/chievo-bologna/CU0NGNoF/;Fiorentina - Crotone;https://www.betexplorer.com/soccer/italy/serie-a-2016-2017/fiorentina-crotone/praVE1GR/;Inter - Torino;https://www.betexplorer.com/soccer/italy/serie-a-2016-2017/inter-torino/M3jcALOr/;Juventus - Sampdoria;https://www.betexplorer.com/soccer/italy/serie-a-2016-2017/juventus-sampdoria/jLaRFs1L/;Lazio - Cagliari;https://www.betexplorer.com/soccer/italy/serie-a-2016-2017/lazio-cagliari/jqrE6wO7/;Napoli - Empoli;https://www.betexplorer.com/soccer/italy/serie-a-2016-2017/napoli-empoli/WIqQH3W8/;Pescara - Atalanta;https://www.betexplorer.com/soccer/italy/serie-a-2016-2017/pescara-atalanta/rJv68age/;Sassuolo - AS Roma;https://www.betexplorer.com/soccer/italy/serie-a-2016-2017/sassuolo-as-roma/ChqA7J81/;Genoa - AC Milan;https://www.betexplorer.com/soccer/italy/serie-a-2016-2017/genoa-ac-milan/4Su29uvk/
9. ROUND;AS Roma - Palermo;https://www.betexplorer.com/soccer/italy/serie-a-2016-2017/as-roma-palermo/hSpMIqH2/;Atalanta - Inter;https://www.betexplorer.com/soccer/italy/serie-a-2016-2017/atalanta-inter/AopsICQi/;Bologna - Sassuolo;https://www.betexplorer.com/soccer/italy/serie-a-2016-2017/bologna-sassuolo/xbybEUPG/;Cagliari - Fiorentina;https://www.betexplorer.com/soccer/italy/serie-a-2016-2017/cagliari-fiorentina/GrmkGje4/;Crotone - Napoli;https://www.betexplorer.com/soccer/italy/serie-a-2016-2017/crotone-napoli/48qoHWub/;Empoli - Chievo;https://www.betexplorer.com/soccer/italy/serie-a-2016-2017/empoli-chievo/rc3VeM9k/;Torino - Lazio;https://www.betexplorer.com/soccer/italy/serie-a-2016-2017/torino-lazio/b7xfFAAA/;Udinese - Pescara;https://www.betexplorer.com/soccer/italy/serie-a-2016-2017/udinese-pescara/vPdvf0v2/;AC Milan - Juventus;https://www.betexplorer.com/soccer/italy/serie-a-2016-2017/ac-milan-juventus/464Rd2fq/;Sampdoria - Genoa;https://www.betexplorer.com/soccer/italy/serie-a-2016-2017/sampdoria-genoa/QLhzetPe/
8. ROUND;Palermo - Torino;https://www.betexplorer.com/soccer/italy/serie-a-2016-2017/palermo-torino/WfowJhBo/;Chievo - AC Milan;https://www.betexplorer.com/soccer/italy/serie-a-2016-2017/chievo-ac-milan/b7GOaVAN/;Fiorentina - Atalanta;https://www.betexplorer.com/soccer/italy/serie-a-2016-2017/fiorentina-atalanta/2uNF1itB/;Genoa - Empoli;https://www.betexplorer.com/soccer/italy/serie-a-2016-2017/genoa-empoli/fw2ff9Yp/;Inter - Cagliari;https://www.betexplorer.com/soccer/italy/serie-a-2016-2017/inter-cagliari/p4CK0BeH/;Lazio - Bologna;https://www.betexplorer.com/soccer/italy/serie-a-2016-2017/lazio-bologna/OlOB2XQ4/;Sassuolo - Crotone;https://www.betexplorer.com/soccer/italy/serie-a-2016-2017/sassuolo-crotone/jNA44gdh/;Juventus - Udinese;https://www.betexplorer.com/soccer/italy/serie-a-2016-2017/juventus-udinese/8bLa5Ztn/;Napoli - AS Roma;https://www.betexplorer.com/soccer/italy/serie-a-2016-2017/napoli-as-roma/UD983DBb/;Pescara - Sampdoria;https://www.betexplorer.com/soccer/italy/serie-a-2016-2017/pescara-sampdoria/hUFSbkQT/
7. ROUND;AC Milan - Sassuolo;https://www.betexplorer.com/soccer/italy/serie-a-2016-2017/ac-milan-sassuolo/rHmwlYBB/;AS Roma - Inter;https://www.betexplorer.com/soccer/italy/serie-a-2016-2017/as-roma-inter/rHR7YhCO/;Atalanta - Napoli;https://www.betexplorer.com/soccer/italy/serie-a-2016-2017/atalanta-napoli/xKpVkfsa/;Bologna - Genoa;https://www.betexplorer.com/soccer/italy/serie-a-2016-2017/bologna-genoa/nViIhdct/;Cagliari - Crotone;https://www.betexplorer.com/soccer/italy/serie-a-2016-2017/cagliari-crotone/feeQjzSh/;Empoli - Juventus;https://www.betexplorer.com/soccer/italy/serie-a-2016-2017/empoli-juventus/G4dMiGCn/;Sampdoria - Palermo;https://www.betexplorer.com/soccer/italy/serie-a-2016-2017/sampdoria-palermo/lflZlEd5/;Torino - Fiorentina;https://www.betexplorer.com/soccer/italy/serie-a-2016-2017/torino-fiorentina/UDN3ZYdI/;Pescara - Chievo;https://www.betexplorer.com/soccer/italy/serie-a-2016-2017/pescara-chievo/M7nsmhRH/;Udinese - Lazio;https://www.betexplorer.com/soccer/italy/serie-a-2016-2017/udinese-lazio/pM5jcxkP/
6. ROUND;Cagliari - Sampdoria;https://www.betexplorer.com/soccer/italy/serie-a-2016-2017/cagliari-sampdoria/ryAjvcrm/;Crotone - Atalanta;https://www.betexplorer.com/soccer/italy/serie-a-2016-2017/crotone-atalanta/IgxUMeDC/;Fiorentina - AC Milan;https://www.betexplorer.com/soccer/italy/serie-a-2016-2017/fiorentina-ac-milan/p0UFpa5J/;Genoa - Pescara;https://www.betexplorer.com/soccer/italy/serie-a-2016-2017/genoa-pescara/xpULOHr0/;Inter - Bologna;https://www.betexplorer.com/soccer/italy/serie-a-2016-2017/inter-bologna/xb9fwHcg/;Lazio - Empoli;https://www.betexplorer.com/soccer/italy/serie-a-2016-2017/lazio-empoli/OjTJqJKP/;Sassuolo - Udinese;https://www.betexplorer.com/soccer/italy/serie-a-2016-2017/sassuolo-udinese/zVnPNyb6/;Torino - AS Roma;https://www.betexplorer.com/soccer/italy/serie-a-2016-2017/torino-as-roma/dpyYLFSI/;Napoli - Chievo;https://www.betexplorer.com/soccer/italy/serie-a-2016-2017/napoli-chievo/UX5nuwTt/;Palermo - Juventus;https://www.betexplorer.com/soccer/italy/serie-a-2016-2017/palermo-juventus/Gl8bxyDa/
5. ROUND;AS Roma - Crotone;https://www.betexplorer.com/soccer/italy/serie-a-2016-2017/as-roma-crotone/ChygCSyt/;Atalanta - Palermo;https://www.betexplorer.com/soccer/italy/serie-a-2016-2017/atalanta-palermo/QcWY6Xa0/;Bologna - Sampdoria;https://www.betexplorer.com/soccer/italy/serie-a-2016-2017/bologna-sampdoria/x0Y49QLb/;Chievo - Sassuolo;https://www.betexplorer.com/soccer/italy/serie-a-2016-2017/chievo-sassuolo/KON98py5/;Empoli - Inter;https://www.betexplorer.com/soccer/italy/serie-a-2016-2017/empoli-inter/8MyU7Dpf/;Genoa - Napoli;https://www.betexplorer.com/soccer/italy/serie-a-2016-2017/genoa-napoli/CEYp4VqJ/;Juventus - Cagliari;https://www.betexplorer.com/soccer/italy/serie-a-2016-2017/juventus-cagliari/b9Z0A66h/;Pescara - Torino;https://www.betexplorer.com/soccer/italy/serie-a-2016-2017/pescara-torino/bBUt5BUC/;Udinese - Fiorentina;https://www.betexplorer.com/soccer/italy/serie-a-2016-2017/udinese-fiorentina/jqzcBnin/;AC Milan - Lazio;https://www.betexplorer.com/soccer/italy/serie-a-2016-2017/ac-milan-lazio/4lVx6iF6/
4. ROUND;Cagliari - Atalanta;https://www.betexplorer.com/soccer/italy/serie-a-2016-2017/cagliari-atalanta/rubZUwmq/;Crotone - Palermo;https://www.betexplorer.com/soccer/italy/serie-a-2016-2017/crotone-palermo/4W7aytAF/;Fiorentina - AS Roma;https://www.betexplorer.com/soccer/italy/serie-a-2016-2017/fiorentina-as-roma/MVdwUc2k/;Inter - Juventus;https://www.betexplorer.com/soccer/italy/serie-a-2016-2017/inter-juventus/4fnrTHHe/;Sassuolo - Genoa;https://www.betexplorer.com/soccer/italy/serie-a-2016-2017/sassuolo-genoa/IF5mvrQd/;Torino - Empoli;https://www.betexplorer.com/soccer/italy/serie-a-2016-2017/torino-empoli/nec4z0PL/;Udinese - Chievo;https://www.betexplorer.com/soccer/italy/serie-a-2016-2017/udinese-chievo/Qod8ZJvS/;Lazio - Pescara;https://www.betexplorer.com/soccer/italy/serie-a-2016-2017/lazio-pescara/d64iw2u3/;Napoli - Bologna;https://www.betexplorer.com/soccer/italy/serie-a-2016-2017/napoli-bologna/IcjnSyX1/;Sampdoria - AC Milan;https://www.betexplorer.com/soccer/italy/serie-a-2016-2017/sampdoria-ac-milan/jT3exMf9/
3. ROUND;Empoli - Crotone;https://www.betexplorer.com/soccer/italy/serie-a-2016-2017/empoli-crotone/IRVj1gAe/;AC Milan - Udinese;https://www.betexplorer.com/soccer/italy/serie-a-2016-2017/ac-milan-udinese/r5NxPd22/;AS Roma - Sampdoria;https://www.betexplorer.com/soccer/italy/serie-a-2016-2017/as-roma-sampdoria/dCsr3Fuq/;Atalanta - Torino;https://www.betexplorer.com/soccer/italy/serie-a-2016-2017/atalanta-torino/QTjC8yIL/;Bologna - Cagliari;https://www.betexplorer.com/soccer/italy/serie-a-2016-2017/bologna-cagliari/r5179H2F/;Chievo - Lazio;https://www.betexplorer.com/soccer/italy/serie-a-2016-2017/chievo-lazio/U1Zf0DP1/;Pescara - Inter;https://www.betexplorer.com/soccer/italy/serie-a-2016-2017/pescara-inter/MeMtOGH8/;Juventus - Sassuolo;https://www.betexplorer.com/soccer/italy/serie-a-2016-2017/juventus-sassuolo/U1c3Acm9/;Palermo - Napoli;https://www.betexplorer.com/soccer/italy/serie-a-2016-2017/palermo-napoli/4KkG7eXR/
2. ROUND;Cagliari - AS Roma;https://www.betexplorer.com/soccer/italy/serie-a-2016-2017/cagliari-as-roma/0lWTK5fH/;Crotone - Genoa;https://www.betexplorer.com/soccer/italy/serie-a-2016-2017/crotone-genoa/WUFmyRvb/;Fiorentina - Chievo;https://www.betexplorer.com/soccer/italy/serie-a-2016-2017/fiorentina-chievo/z3MvwmAo/;Inter - Palermo;https://www.betexplorer.com/soccer/italy/serie-a-2016-2017/inter-palermo/AawHN7Ab/;Sampdoria - Atalanta;https://www.betexplorer.com/soccer/italy/serie-a-2016-2017/sampdoria-atalanta/vuVXJP9N/;Sassuolo - Pescara;https://www.betexplorer.com/soccer/italy/serie-a-2016-2017/sassuolo-pescara/hOSLMRP4/;Torino - Bologna;https://www.betexplorer.com/soccer/italy/serie-a-2016-2017/torino-bologna/6RWPLouB/;Udinese - Empoli;https://www.betexplorer.com/soccer/italy/serie-a-2016-2017/udinese-empoli/KjnVIqPT/;Lazio - Juventus;https://www.betexplorer.com/soccer/italy/serie-a-2016-2017/lazio-juventus/l6Qrx7Pi/;Napoli - AC Milan;https://www.betexplorer.com/soccer/italy/serie-a-2016-2017/napoli-ac-milan/MaYdE3Xp/
1. ROUND;AC Milan - Torino;https://www.betexplorer.com/soccer/italy/serie-a-2016-2017/ac-milan-torino/SGLQCjdt/;Atalanta - Lazio;https://www.betexplorer.com/soccer/italy/serie-a-2016-2017/atalanta-lazio/no6f66uO/;Bologna - Crotone;https://www.betexplorer.com/soccer/italy/serie-a-2016-2017/bologna-crotone/hO6j7nQH/;Chievo - Inter;https://www.betexplorer.com/soccer/italy/serie-a-2016-2017/chievo-inter/EX7n8SAB/;Empoli - Sampdoria;https://www.betexplorer.com/soccer/italy/serie-a-2016-2017/empoli-sampdoria/bL9b5QfU/;Genoa - Cagliari;https://www.betexplorer.com/soccer/italy/serie-a-2016-2017/genoa-cagliari/OrFZAUQh/;Palermo - Sassuolo;https://www.betexplorer.com/soccer/italy/serie-a-2016-2017/palermo-sassuolo/Q7ZbHWmP/;Pescara - Napoli;https://www.betexplorer.com/soccer/italy/serie-a-2016-2017/pescara-napoli/I5EwAlta/;AS Roma - Udinese;https://www.betexplorer.com/soccer/italy/serie-a-2016-2017/as-roma-udinese/ddDs98e5/;Juventus - Fiorentina;https://www.betexplorer.com/soccer/italy/serie-a-2016-2017/juventus-fiorentina/AuBVBABn/
