22. ROUND;ASD Res Roma W - Ravenna W;https://www.betexplorer.com/soccer/italy/serie-a-women-2017-2018/asd-res-roma-w-ravenna-w/2ZFSGvoe/;ASD Verona W - Brescia W;https://www.betexplorer.com/soccer/italy/serie-a-women-2017-2018/asd-verona-w-brescia-w/C4cJw2h8/;Atalanta W - Chievo Verona W;https://www.betexplorer.com/soccer/italy/serie-a-women-2017-2018/atalanta-w-chievo-verona-w/Ol4yFIF7/;Bari W - Sassuolo W;https://www.betexplorer.com/soccer/italy/serie-a-women-2017-2018/bari-w-sassuolo-w/jaCOHKVl/;Empoli W - Fiorentina W;https://www.betexplorer.com/soccer/italy/serie-a-women-2017-2018/empoli-w-fiorentina-w/pb5XFb01/;Juventus W - Tavagnacco W;https://www.betexplorer.com/soccer/italy/serie-a-women-2017-2018/juventus-w-tavagnacco-w/jedNxM7E/
21. ROUND;Brescia W - Empoli W;https://www.betexplorer.com/soccer/italy/serie-a-women-2017-2018/brescia-w-empoli-w/KCkizToG/;Chievo Verona W - Juventus W;https://www.betexplorer.com/soccer/italy/serie-a-women-2017-2018/chievo-verona-w-juventus-w/2yeny9W9/;Fiorentina W - ASD Res Roma W;https://www.betexplorer.com/soccer/italy/serie-a-women-2017-2018/fiorentina-w-asd-res-roma-w/GKhzvBni/;Ravenna W - Atalanta W;https://www.betexplorer.com/soccer/italy/serie-a-women-2017-2018/ravenna-w-atalanta-w/OpdrxkH3/;Sassuolo W - ASD Verona W;https://www.betexplorer.com/soccer/italy/serie-a-women-2017-2018/sassuolo-w-asd-verona-w/dxDKI0Gr/;Tavagnacco W - Bari W;https://www.betexplorer.com/soccer/italy/serie-a-women-2017-2018/tavagnacco-w-bari-w/UNdvwV1c/
20. ROUND;ASD Res Roma W - Brescia W;https://www.betexplorer.com/soccer/italy/serie-a-women-2017-2018/asd-res-roma-w-brescia-w/EFEiFR9j/;ASD Verona W - Bari W;https://www.betexplorer.com/soccer/italy/serie-a-women-2017-2018/asd-verona-w-bari-w/vuFILTWM/;Atalanta W - Fiorentina W;https://www.betexplorer.com/soccer/italy/serie-a-women-2017-2018/atalanta-w-fiorentina-w/IVDMKmnT/;Empoli W - Sassuolo W;https://www.betexplorer.com/soccer/italy/serie-a-women-2017-2018/empoli-w-sassuolo-w/rDL9Nk2A/;Juventus W - Ravenna W;https://www.betexplorer.com/soccer/italy/serie-a-women-2017-2018/juventus-w-ravenna-w/dGPDM9HG/;Tavagnacco W - Chievo Verona W;https://www.betexplorer.com/soccer/italy/serie-a-women-2017-2018/tavagnacco-w-chievo-verona-w/zPFmG7fp/
19. ROUND;Bari W - Empoli W;https://www.betexplorer.com/soccer/italy/serie-a-women-2017-2018/bari-w-empoli-w/ljM5OVn4/;ASD Verona W - Tavagnacco W;https://www.betexplorer.com/soccer/italy/serie-a-women-2017-2018/asd-verona-w-tavagnacco-w/Qykq7UHT/;Brescia W - Atalanta W;https://www.betexplorer.com/soccer/italy/serie-a-women-2017-2018/brescia-w-atalanta-w/EXThRX2o/;Fiorentina W - Juventus W;https://www.betexplorer.com/soccer/italy/serie-a-women-2017-2018/fiorentina-w-juventus-w/hOSdQiIi/;Ravenna W - Chievo Verona W;https://www.betexplorer.com/soccer/italy/serie-a-women-2017-2018/ravenna-w-chievo-verona-w/AaN1PBXc/;Sassuolo W - ASD Res Roma W;https://www.betexplorer.com/soccer/italy/serie-a-women-2017-2018/sassuolo-w-asd-res-roma-w/0UuB2lQp/
18. ROUND;Chievo Verona W - Fiorentina W;https://www.betexplorer.com/soccer/italy/serie-a-women-2017-2018/chievo-verona-w-fiorentina-w/zmdW9WXA/;ASD Res Roma W - Bari W;https://www.betexplorer.com/soccer/italy/serie-a-women-2017-2018/asd-res-roma-w-bari-w/ddcSACI4/;Atalanta W - Sassuolo W;https://www.betexplorer.com/soccer/italy/serie-a-women-2017-2018/atalanta-w-sassuolo-w/0U3JCYmh/;Empoli W - ASD Verona W;https://www.betexplorer.com/soccer/italy/serie-a-women-2017-2018/empoli-w-asd-verona-w/rDav8A2N/;Juventus W - Brescia W;https://www.betexplorer.com/soccer/italy/serie-a-women-2017-2018/juventus-w-brescia-w/4M0z9jmH/;Tavagnacco W - Ravenna W;https://www.betexplorer.com/soccer/italy/serie-a-women-2017-2018/tavagnacco-w-ravenna-w/EX7NBh3b/
17. ROUND;ASD Verona W - ASD Res Roma W;https://www.betexplorer.com/soccer/italy/serie-a-women-2017-2018/asd-verona-w-asd-res-roma-w/OnRAAr7O/;Sassuolo W - Juventus W;https://www.betexplorer.com/soccer/italy/serie-a-women-2017-2018/sassuolo-w-juventus-w/SG5BEfJu/;Bari W - Atalanta W;https://www.betexplorer.com/soccer/italy/serie-a-women-2017-2018/bari-w-atalanta-w/2wQE92MU/;Brescia W - Chievo Verona W;https://www.betexplorer.com/soccer/italy/serie-a-women-2017-2018/brescia-w-chievo-verona-w/674FDEYo/;Empoli W - Tavagnacco W;https://www.betexplorer.com/soccer/italy/serie-a-women-2017-2018/empoli-w-tavagnacco-w/GMN2C4xC/;Fiorentina W - Ravenna W;https://www.betexplorer.com/soccer/italy/serie-a-women-2017-2018/fiorentina-w-ravenna-w/UPR6BOiI/
16. ROUND;ASD Res Roma W - Empoli W;https://www.betexplorer.com/soccer/italy/serie-a-women-2017-2018/asd-res-roma-w-empoli-w/QXUkF6hg/;Atalanta W - ASD Verona W;https://www.betexplorer.com/soccer/italy/serie-a-women-2017-2018/atalanta-w-asd-verona-w/YcYcDpN5/;Chievo Verona W - Sassuolo W;https://www.betexplorer.com/soccer/italy/serie-a-women-2017-2018/chievo-verona-w-sassuolo-w/rFzGL8FP/;Juventus W - Bari W;https://www.betexplorer.com/soccer/italy/serie-a-women-2017-2018/juventus-w-bari-w/4ItsHSNt/;Ravenna W - Brescia W;https://www.betexplorer.com/soccer/italy/serie-a-women-2017-2018/ravenna-w-brescia-w/f7ZgEQ7a/;Tavagnacco W - Fiorentina W;https://www.betexplorer.com/soccer/italy/serie-a-women-2017-2018/tavagnacco-w-fiorentina-w/nsWoGnwm/
15. ROUND;ASD Verona W - Juventus W;https://www.betexplorer.com/soccer/italy/serie-a-women-2017-2018/asd-verona-w-juventus-w/YqgPbo8C/;Brescia W - Fiorentina W;https://www.betexplorer.com/soccer/italy/serie-a-women-2017-2018/brescia-w-fiorentina-w/jLmUc5NI/;Sassuolo W - Ravenna W;https://www.betexplorer.com/soccer/italy/serie-a-women-2017-2018/sassuolo-w-ravenna-w/0WfH07w0/;ASD Res Roma W - Tavagnacco W;https://www.betexplorer.com/soccer/italy/serie-a-women-2017-2018/asd-res-roma-w-tavagnacco-w/nTjD1mOg/;Bari W - Chievo Verona W;https://www.betexplorer.com/soccer/italy/serie-a-women-2017-2018/bari-w-chievo-verona-w/UBnYdPxP/;Empoli W - Atalanta W;https://www.betexplorer.com/soccer/italy/serie-a-women-2017-2018/empoli-w-atalanta-w/fgfLaRh6/
14. ROUND;Tavagnacco W - Brescia W;https://www.betexplorer.com/soccer/italy/serie-a-women-2017-2018/tavagnacco-w-brescia-w/QD2439gs/;Atalanta W - ASD Res Roma W;https://www.betexplorer.com/soccer/italy/serie-a-women-2017-2018/atalanta-w-asd-res-roma-w/vJ1lcYW7/;Chievo Verona W - ASD Verona W;https://www.betexplorer.com/soccer/italy/serie-a-women-2017-2018/chievo-verona-w-asd-verona-w/44182T8m/;Fiorentina W - Sassuolo W;https://www.betexplorer.com/soccer/italy/serie-a-women-2017-2018/fiorentina-w-sassuolo-w/QFcpbEH1/;Juventus W - Empoli W;https://www.betexplorer.com/soccer/italy/serie-a-women-2017-2018/juventus-w-empoli-w/KEvyLyPE/;Ravenna W - Bari W;https://www.betexplorer.com/soccer/italy/serie-a-women-2017-2018/ravenna-w-bari-w/tOuXLH98/
13. ROUND;ASD Verona W - Ravenna W;https://www.betexplorer.com/soccer/italy/serie-a-women-2017-2018/asd-verona-w-ravenna-w/h2ax0zmk/;ASD Res Roma W - Juventus W;https://www.betexplorer.com/soccer/italy/serie-a-women-2017-2018/asd-res-roma-w-juventus-w/zR4X0GXr/;Atalanta W - Tavagnacco W;https://www.betexplorer.com/soccer/italy/serie-a-women-2017-2018/atalanta-w-tavagnacco-w/Whbtaf2e/;Bari W - Fiorentina W;https://www.betexplorer.com/soccer/italy/serie-a-women-2017-2018/bari-w-fiorentina-w/YHI55dPR/;Empoli W - Chievo Verona W;https://www.betexplorer.com/soccer/italy/serie-a-women-2017-2018/empoli-w-chievo-verona-w/veJ16xAL/;Sassuolo W - Brescia W;https://www.betexplorer.com/soccer/italy/serie-a-women-2017-2018/sassuolo-w-brescia-w/SKFc7IfF/
12. ROUND;Juventus W - Atalanta W;https://www.betexplorer.com/soccer/italy/serie-a-women-2017-2018/juventus-w-atalanta-w/dzpbnHIk/;Brescia W - Bari W;https://www.betexplorer.com/soccer/italy/serie-a-women-2017-2018/brescia-w-bari-w/rXufmc3q/;Chievo Verona W - ASD Res Roma W;https://www.betexplorer.com/soccer/italy/serie-a-women-2017-2018/chievo-verona-w-asd-res-roma-w/pdQh8bu9/;Fiorentina W - ASD Verona W;https://www.betexplorer.com/soccer/italy/serie-a-women-2017-2018/fiorentina-w-asd-verona-w/IkY6pem2/;Ravenna W - Empoli W;https://www.betexplorer.com/soccer/italy/serie-a-women-2017-2018/ravenna-w-empoli-w/vaZ2oyYe/;Sassuolo W - Tavagnacco W;https://www.betexplorer.com/soccer/italy/serie-a-women-2017-2018/sassuolo-w-tavagnacco-w/65Rl9vQ2/
11. ROUND;Brescia W - ASD Verona W;https://www.betexplorer.com/soccer/italy/serie-a-women-2017-2018/brescia-w-asd-verona-w/QigSiweS/;Fiorentina W - Empoli W;https://www.betexplorer.com/soccer/italy/serie-a-women-2017-2018/fiorentina-w-empoli-w/KvORgaQF/;Ravenna W - ASD Res Roma W;https://www.betexplorer.com/soccer/italy/serie-a-women-2017-2018/ravenna-w-asd-res-roma-w/tlPNfuB9/;Sassuolo W - Bari W;https://www.betexplorer.com/soccer/italy/serie-a-women-2017-2018/sassuolo-w-bari-w/nRPJeLe3/;Tavagnacco W - Juventus W;https://www.betexplorer.com/soccer/italy/serie-a-women-2017-2018/tavagnacco-w-juventus-w/YNLFd1tc/;Chievo Verona W - Atalanta W;https://www.betexplorer.com/soccer/italy/serie-a-women-2017-2018/chievo-verona-w-atalanta-w/n1fOhJuM/
10. ROUND;ASD Res Roma W - Fiorentina W;https://www.betexplorer.com/soccer/italy/serie-a-women-2017-2018/asd-res-roma-w-fiorentina-w/vL2hu0BM/;ASD Verona W - Sassuolo W;https://www.betexplorer.com/soccer/italy/serie-a-women-2017-2018/asd-verona-w-sassuolo-w/WIsXXH3d/;Atalanta W - Ravenna W;https://www.betexplorer.com/soccer/italy/serie-a-women-2017-2018/atalanta-w-ravenna-w/MqhcvKQS/;Bari W - Tavagnacco W;https://www.betexplorer.com/soccer/italy/serie-a-women-2017-2018/bari-w-tavagnacco-w/SpalttdG/;Empoli W - Brescia W;https://www.betexplorer.com/soccer/italy/serie-a-women-2017-2018/empoli-w-brescia-w/hSrTYclj/;Juventus W - Chievo Verona W;https://www.betexplorer.com/soccer/italy/serie-a-women-2017-2018/juventus-w-chievo-verona-w/OhvPZwZq/
9. ROUND;Bari W - ASD Verona W;https://www.betexplorer.com/soccer/italy/serie-a-women-2017-2018/bari-w-asd-verona-w/b57XqOdi/;Brescia W - ASD Res Roma W;https://www.betexplorer.com/soccer/italy/serie-a-women-2017-2018/brescia-w-asd-res-roma-w/YNapsMtA/;Chievo Verona W - Tavagnacco W;https://www.betexplorer.com/soccer/italy/serie-a-women-2017-2018/chievo-verona-w-tavagnacco-w/fX0tr2R3/;Fiorentina W - Atalanta W;https://www.betexplorer.com/soccer/italy/serie-a-women-2017-2018/fiorentina-w-atalanta-w/xd6yqrCc/;Ravenna W - Juventus W;https://www.betexplorer.com/soccer/italy/serie-a-women-2017-2018/ravenna-w-juventus-w/p2JkLvKj/;Sassuolo W - Empoli W;https://www.betexplorer.com/soccer/italy/serie-a-women-2017-2018/sassuolo-w-empoli-w/WbFoMK4p/
8. ROUND;ASD Res Roma W - Sassuolo W;https://www.betexplorer.com/soccer/italy/serie-a-women-2017-2018/asd-res-roma-w-sassuolo-w/Ioj2Urc4/;Atalanta W - Brescia W;https://www.betexplorer.com/soccer/italy/serie-a-women-2017-2018/atalanta-w-brescia-w/0Au7T2CA/;Chievo Verona W - Ravenna W;https://www.betexplorer.com/soccer/italy/serie-a-women-2017-2018/chievo-verona-w-ravenna-w/nRwFRtsN/;Empoli W - Bari W;https://www.betexplorer.com/soccer/italy/serie-a-women-2017-2018/empoli-w-bari-w/QHxJQ0dT/;Tavagnacco W - ASD Verona W;https://www.betexplorer.com/soccer/italy/serie-a-women-2017-2018/tavagnacco-w-asd-verona-w/4rnbVOsb/;Juventus W - Fiorentina W;https://www.betexplorer.com/soccer/italy/serie-a-women-2017-2018/juventus-w-fiorentina-w/v1vBSMRG/
7. ROUND;ASD Verona W - Empoli W;https://www.betexplorer.com/soccer/italy/serie-a-women-2017-2018/asd-verona-w-empoli-w/ALnfW4Si/;Bari W - ASD Res Roma W;https://www.betexplorer.com/soccer/italy/serie-a-women-2017-2018/bari-w-asd-res-roma-w/ImsvQT5I/;Brescia W - Juventus W;https://www.betexplorer.com/soccer/italy/serie-a-women-2017-2018/brescia-w-juventus-w/WUmjXpDo/;Fiorentina W - Chievo Verona W;https://www.betexplorer.com/soccer/italy/serie-a-women-2017-2018/fiorentina-w-chievo-verona-w/fD4781zo/;Ravenna W - Tavagnacco W;https://www.betexplorer.com/soccer/italy/serie-a-women-2017-2018/ravenna-w-tavagnacco-w/OQszR9jC/;Sassuolo W - Atalanta W;https://www.betexplorer.com/soccer/italy/serie-a-women-2017-2018/sassuolo-w-atalanta-w/QuPWRky6/
6. ROUND;Chievo Verona W - Brescia W;https://www.betexplorer.com/soccer/italy/serie-a-women-2017-2018/chievo-verona-w-brescia-w/rHZRSVLa/;ASD Res Roma W - ASD Verona W;https://www.betexplorer.com/soccer/italy/serie-a-women-2017-2018/asd-res-roma-w-asd-verona-w/d0XFVXys/;Atalanta W - Bari W;https://www.betexplorer.com/soccer/italy/serie-a-women-2017-2018/atalanta-w-bari-w/ziWJUiim/;Juventus W - Sassuolo W;https://www.betexplorer.com/soccer/italy/serie-a-women-2017-2018/juventus-w-sassuolo-w/4QzOTB6g/;Ravenna W - Fiorentina W;https://www.betexplorer.com/soccer/italy/serie-a-women-2017-2018/ravenna-w-fiorentina-w/jJfmzETP/;Tavagnacco W - Empoli W;https://www.betexplorer.com/soccer/italy/serie-a-women-2017-2018/tavagnacco-w-empoli-w/xGjqyfEJ/
5. ROUND;ASD Verona W - Atalanta W;https://www.betexplorer.com/soccer/italy/serie-a-women-2017-2018/asd-verona-w-atalanta-w/OC21CAyJ/;Bari W - Juventus W;https://www.betexplorer.com/soccer/italy/serie-a-women-2017-2018/bari-w-juventus-w/WdlhGhxf/;Brescia W - Ravenna W;https://www.betexplorer.com/soccer/italy/serie-a-women-2017-2018/brescia-w-ravenna-w/pM3cDjMC/;Empoli W - ASD Res Roma W;https://www.betexplorer.com/soccer/italy/serie-a-women-2017-2018/empoli-w-asd-res-roma-w/4An0EW66/;Fiorentina W - Tavagnacco W;https://www.betexplorer.com/soccer/italy/serie-a-women-2017-2018/fiorentina-w-tavagnacco-w/QJmdFCi0/;Sassuolo W - Chievo Verona W;https://www.betexplorer.com/soccer/italy/serie-a-women-2017-2018/sassuolo-w-chievo-verona-w/IgplHYMm/
4. ROUND;Atalanta W - Empoli W;https://www.betexplorer.com/soccer/italy/serie-a-women-2017-2018/atalanta-w-empoli-w/Qe59OGUD/;Chievo Verona W - Bari W;https://www.betexplorer.com/soccer/italy/serie-a-women-2017-2018/chievo-verona-w-bari-w/zVfqIE7s/;Fiorentina W - Brescia W;https://www.betexplorer.com/soccer/italy/serie-a-women-2017-2018/fiorentina-w-brescia-w/YL8HMfaQ/;Juventus W - ASD Verona W;https://www.betexplorer.com/soccer/italy/serie-a-women-2017-2018/juventus-w-asd-verona-w/4n4DNzpK/;Ravenna W - Sassuolo W;https://www.betexplorer.com/soccer/italy/serie-a-women-2017-2018/ravenna-w-sassuolo-w/OjRQaXiD/;Tavagnacco W - ASD Res Roma W;https://www.betexplorer.com/soccer/italy/serie-a-women-2017-2018/tavagnacco-w-asd-res-roma-w/CGNM0Dx7/
3. ROUND;ASD Res Roma W - Atalanta W;https://www.betexplorer.com/soccer/italy/serie-a-women-2017-2018/asd-res-roma-w-atalanta-w/Qeqv9yVQ/;ASD Verona W - Chievo Verona W;https://www.betexplorer.com/soccer/italy/serie-a-women-2017-2018/asd-verona-w-chievo-verona-w/IgOI1gN0/;Bari W - Ravenna W;https://www.betexplorer.com/soccer/italy/serie-a-women-2017-2018/bari-w-ravenna-w/ryW54ewr/;Brescia W - Tavagnacco W;https://www.betexplorer.com/soccer/italy/serie-a-women-2017-2018/brescia-w-tavagnacco-w/v3PE2Z7f/;Empoli W - Juventus W;https://www.betexplorer.com/soccer/italy/serie-a-women-2017-2018/empoli-w-juventus-w/MRU93Fhl/;Sassuolo W - Fiorentina W;https://www.betexplorer.com/soccer/italy/serie-a-women-2017-2018/sassuolo-w-fiorentina-w/ChuzAHFK/
2. ROUND;Brescia W - Sassuolo W;https://www.betexplorer.com/soccer/italy/serie-a-women-2017-2018/brescia-w-sassuolo-w/UTkVAc0E/;Chievo Verona W - Empoli W;https://www.betexplorer.com/soccer/italy/serie-a-women-2017-2018/chievo-verona-w-empoli-w/jwiRBwo8/;Fiorentina W - Bari W;https://www.betexplorer.com/soccer/italy/serie-a-women-2017-2018/fiorentina-w-bari-w/xMmpmf87/;Juventus W - ASD Res Roma W;https://www.betexplorer.com/soccer/italy/serie-a-women-2017-2018/juventus-w-asd-res-roma-w/bVltlzg1/;Ravenna W - ASD Verona W;https://www.betexplorer.com/soccer/italy/serie-a-women-2017-2018/ravenna-w-asd-verona-w/G6aykGwe/;Tavagnacco W - Atalanta W;https://www.betexplorer.com/soccer/italy/serie-a-women-2017-2018/tavagnacco-w-atalanta-w/23eXkdOl/
1. ROUND;ASD Res Roma W - Chievo Verona W;https://www.betexplorer.com/soccer/italy/serie-a-women-2017-2018/asd-res-roma-w-chievo-verona-w/6X91eI0R/;ASD Verona W - Fiorentina W;https://www.betexplorer.com/soccer/italy/serie-a-women-2017-2018/asd-verona-w-fiorentina-w/48Dpa012/;Atalanta W - Juventus W;https://www.betexplorer.com/soccer/italy/serie-a-women-2017-2018/atalanta-w-juventus-w/A5GhcvWE/;Bari W - Brescia W;https://www.betexplorer.com/soccer/italy/serie-a-women-2017-2018/bari-w-brescia-w/ldFddboL/;Empoli W - Ravenna W;https://www.betexplorer.com/soccer/italy/serie-a-women-2017-2018/empoli-w-ravenna-w/GrHlbKG8/;Sassuolo W - Tavagnacco W;https://www.betexplorer.com/soccer/italy/serie-a-women-2017-2018/sassuolo-w-tavagnacco-w/8tdTjx9r/
FINAL;Juventus W - Brescia W;https://www.betexplorer.com/soccer/italy/serie-a-women-2017-2018/juventus-w-brescia-w/OEXozJdG/
10TH PLACE;Bari W - Ravenna W;https://www.betexplorer.com/soccer/italy/serie-a-women-2017-2018/bari-w-ravenna-w/Sx3AoL72/
