42. ROUND;Avellino - Cesena;https://www.betexplorer.com/soccer/italy/serie-b-2015-2016/avellino-cesena/bynXmrUr/;Bari - Trapani;https://www.betexplorer.com/soccer/italy/serie-b-2015-2016/bari-trapani/hboym2qk/;Crotone - Entella;https://www.betexplorer.com/soccer/italy/serie-b-2015-2016/crotone-entella/UHe8u7Yc/;Livorno - Lanciano;https://www.betexplorer.com/soccer/italy/serie-b-2015-2016/livorno-lanciano/WlpunMbe/;L.R. Vicenza - Perugia;https://www.betexplorer.com/soccer/italy/serie-b-2015-2016/vicenza-virtus-perugia/Crr8ke5m/;Novara - Modena;https://www.betexplorer.com/soccer/italy/serie-b-2015-2016/novara-modena/lQvpotE1/;Pescara - Latina;https://www.betexplorer.com/soccer/italy/serie-b-2015-2016/pescara-latina/SGwlp0T7/;Pro Vercelli - Cagliari;https://www.betexplorer.com/soccer/italy/serie-b-2015-2016/pro-vercelli-cagliari/tKRV8q68/;Salernitana - Como;https://www.betexplorer.com/soccer/italy/serie-b-2015-2016/salernitana-como/hfVZ73LE/;Spezia - Ascoli;https://www.betexplorer.com/soccer/italy/serie-b-2015-2016/spezia-ascoli/0ri4tmJi/;Ternana - Brescia;https://www.betexplorer.com/soccer/italy/serie-b-2015-2016/ternana-brescia/Yiq4jyjs/
41. ROUND;Como - Spezia;https://www.betexplorer.com/soccer/italy/serie-b-2015-2016/como-spezia/CvU5XMq2/;Ascoli - Livorno;https://www.betexplorer.com/soccer/italy/serie-b-2015-2016/ascoli-livorno/KnEHIqRp/;Brescia - Bari;https://www.betexplorer.com/soccer/italy/serie-b-2015-2016/brescia-bari/QNRgzPaq/;Cagliari - Salernitana;https://www.betexplorer.com/soccer/italy/serie-b-2015-2016/cagliari-salernitana/4EQcZrFk/;Cesena - Novara;https://www.betexplorer.com/soccer/italy/serie-b-2015-2016/cesena-novara/byQ1Y2Ue/;Entella - Avellino;https://www.betexplorer.com/soccer/italy/serie-b-2015-2016/entella-avellino/Mih0sT3o/;Lanciano - Ternana;https://www.betexplorer.com/soccer/italy/serie-b-2015-2016/lanciano-ternana/Eq8ld6M2/;Latina - L.R. Vicenza;https://www.betexplorer.com/soccer/italy/serie-b-2015-2016/latina-vicenza-virtus/hz7heQy9/;Modena - Pescara;https://www.betexplorer.com/soccer/italy/serie-b-2015-2016/modena-pescara/006dfpiF/;Trapani - Crotone;https://www.betexplorer.com/soccer/italy/serie-b-2015-2016/trapani-crotone/MFf5hOLR/;Perugia - Pro Vercelli;https://www.betexplorer.com/soccer/italy/serie-b-2015-2016/perugia-pro-vercelli/vi50g46L/
40. ROUND;Spezia - Brescia;https://www.betexplorer.com/soccer/italy/serie-b-2015-2016/spezia-brescia/6woNuoxM/;Pescara - Lanciano;https://www.betexplorer.com/soccer/italy/serie-b-2015-2016/pescara-lanciano/W6wBrmh3/;Avellino - Como;https://www.betexplorer.com/soccer/italy/serie-b-2015-2016/avellino-como/rocGM5Vq/;Crotone - Latina;https://www.betexplorer.com/soccer/italy/serie-b-2015-2016/crotone-latina/40oPKq0d/;Livorno - Perugia;https://www.betexplorer.com/soccer/italy/serie-b-2015-2016/livorno-perugia/hGv7qTxc/;L.R. Vicenza - Entella;https://www.betexplorer.com/soccer/italy/serie-b-2015-2016/vicenza-virtus-entella/rRMkNPIT/;Novara - Ascoli;https://www.betexplorer.com/soccer/italy/serie-b-2015-2016/novara-ascoli/l4NoO53N/;Pro Vercelli - Trapani;https://www.betexplorer.com/soccer/italy/serie-b-2015-2016/pro-vercelli-trapani/EVSFs779/;Salernitana - Modena;https://www.betexplorer.com/soccer/italy/serie-b-2015-2016/salernitana-modena/CGoJtRMF/;Ternana - Cesena;https://www.betexplorer.com/soccer/italy/serie-b-2015-2016/ternana-cesena/pUqRv5iS/;Bari - Cagliari;https://www.betexplorer.com/soccer/italy/serie-b-2015-2016/bari-cagliari/Q9nLLPpj/
39. ROUND;Cesena - Pro Vercelli;https://www.betexplorer.com/soccer/italy/serie-b-2015-2016/cesena-pro-vercelli/6qlXWkgi/;Como - Ternana;https://www.betexplorer.com/soccer/italy/serie-b-2015-2016/como-ternana/KnhyW98c/;Ascoli - Salernitana;https://www.betexplorer.com/soccer/italy/serie-b-2015-2016/ascoli-salernitana/U17pQRYA/;Brescia - L.R. Vicenza;https://www.betexplorer.com/soccer/italy/serie-b-2015-2016/brescia-vicenza-virtus/QmBp9n1p/;Cagliari - Livorno;https://www.betexplorer.com/soccer/italy/serie-b-2015-2016/cagliari-livorno/4vAl86Gj/;Entella - Pescara;https://www.betexplorer.com/soccer/italy/serie-b-2015-2016/entella-pescara/ADOsPolH/;Lanciano - Avellino;https://www.betexplorer.com/soccer/italy/serie-b-2015-2016/lanciano-avellino/E9iuVTN3/;Latina - Spezia;https://www.betexplorer.com/soccer/italy/serie-b-2015-2016/latina-spezia/h0jqUmwA/;Perugia - Bari;https://www.betexplorer.com/soccer/italy/serie-b-2015-2016/perugia-bari/C26pSR7M/;Trapani - Novara;https://www.betexplorer.com/soccer/italy/serie-b-2015-2016/trapani-novara/6P5lRoNS/;Modena - Crotone;https://www.betexplorer.com/soccer/italy/serie-b-2015-2016/modena-crotone/YB7tT7hG/
38. ROUND;Novara - Perugia;https://www.betexplorer.com/soccer/italy/serie-b-2015-2016/novara-perugia/ShTcIjvb/;Latina - Entella;https://www.betexplorer.com/soccer/italy/serie-b-2015-2016/latina-entella/jB8tR7J4/;Salernitana - Livorno;https://www.betexplorer.com/soccer/italy/serie-b-2015-2016/salernitana-livorno/CtV9FlOG/;Bari - Modena;https://www.betexplorer.com/soccer/italy/serie-b-2015-2016/bari-modena/INo7eTWp/;Cagliari - Lanciano;https://www.betexplorer.com/soccer/italy/serie-b-2015-2016/cagliari-lanciano/WQZlKC9o/;Crotone - Como;https://www.betexplorer.com/soccer/italy/serie-b-2015-2016/crotone-como/AHYhJWOi/;L.R. Vicenza - Spezia;https://www.betexplorer.com/soccer/italy/serie-b-2015-2016/vicenza-virtus-spezia/YeJIDShT/;Pescara - Brescia;https://www.betexplorer.com/soccer/italy/serie-b-2015-2016/pescara-brescia/6qS1HAg4/;Pro Vercelli - Avellino;https://www.betexplorer.com/soccer/italy/serie-b-2015-2016/pro-vercelli-avellino/06R5GU8A/;Ternana - Ascoli;https://www.betexplorer.com/soccer/italy/serie-b-2015-2016/ternana-ascoli/dl9xSm4b/;Trapani - Cesena;https://www.betexplorer.com/soccer/italy/serie-b-2015-2016/trapani-cesena/f5KEE8wN/
37. ROUND;Ascoli - Bari;https://www.betexplorer.com/soccer/italy/serie-b-2015-2016/ascoli-bari/0MFTT9Zo/;Avellino - Trapani;https://www.betexplorer.com/soccer/italy/serie-b-2015-2016/avellino-trapani/K6xqOLAJ/;Brescia - Entella;https://www.betexplorer.com/soccer/italy/serie-b-2015-2016/brescia-entella/ro5YSTlh/;Como - Cagliari;https://www.betexplorer.com/soccer/italy/serie-b-2015-2016/como-cagliari/GxOEIaYt/;Lanciano - Novara;https://www.betexplorer.com/soccer/italy/serie-b-2015-2016/lanciano-novara/UuSIHJmm/;Livorno - Latina;https://www.betexplorer.com/soccer/italy/serie-b-2015-2016/livorno-latina/C4HNGw3g/;Modena - Perugia;https://www.betexplorer.com/soccer/italy/serie-b-2015-2016/modena-perugia/jeGRFcIa/;Salernitana - L.R. Vicenza;https://www.betexplorer.com/soccer/italy/serie-b-2015-2016/salernitana-vicenza-virtus/pWUUEHX5/;Spezia - Pescara;https://www.betexplorer.com/soccer/italy/serie-b-2015-2016/spezia-pescara/OMTYDymC/;Ternana - Pro Vercelli;https://www.betexplorer.com/soccer/italy/serie-b-2015-2016/ternana-pro-vercelli/6oJwDe2I/;Cesena - Crotone;https://www.betexplorer.com/soccer/italy/serie-b-2015-2016/cesena-crotone/bcymNuQP/
36. ROUND;Bari - Como;https://www.betexplorer.com/soccer/italy/serie-b-2015-2016/bari-como/OvN4A2tK/;Cagliari - Brescia;https://www.betexplorer.com/soccer/italy/serie-b-2015-2016/cagliari-brescia/63C99MeQ/;Entella - Modena;https://www.betexplorer.com/soccer/italy/serie-b-2015-2016/entella-modena/MVGPUkKu/;Latina - Lanciano;https://www.betexplorer.com/soccer/italy/serie-b-2015-2016/latina-lanciano/xn3u40Jm/;L.R. Vicenza - Ternana;https://www.betexplorer.com/soccer/italy/serie-b-2015-2016/vicenza-virtus-ternana/rkg0axYI/;Novara - Livorno;https://www.betexplorer.com/soccer/italy/serie-b-2015-2016/novara-livorno/Gx2q3KYg/;Perugia - Avellino;https://www.betexplorer.com/soccer/italy/serie-b-2015-2016/perugia-avellino/b1il2vl0/;Pro Vercelli - Salernitana;https://www.betexplorer.com/soccer/italy/serie-b-2015-2016/pro-vercelli-salernitana/4bfd0IIC/;Trapani - Ascoli;https://www.betexplorer.com/soccer/italy/serie-b-2015-2016/trapani-ascoli/AczK96lU/;Crotone - Spezia;https://www.betexplorer.com/soccer/italy/serie-b-2015-2016/crotone-spezia/8Cby5t4s/;Pescara - Cesena;https://www.betexplorer.com/soccer/italy/serie-b-2015-2016/pescara-cesena/Ayeh1b36/
35. ROUND;Brescia - Perugia;https://www.betexplorer.com/soccer/italy/serie-b-2015-2016/brescia-perugia/pYZxd3RQ/;Como - Pro Vercelli;https://www.betexplorer.com/soccer/italy/serie-b-2015-2016/como-pro-vercelli/4IG9jskl/;Ascoli - Cagliari;https://www.betexplorer.com/soccer/italy/serie-b-2015-2016/ascoli-cagliari/lrnBBSJH/;Cesena - L.R. Vicenza;https://www.betexplorer.com/soccer/italy/serie-b-2015-2016/cesena-vicenza-virtus/jFC5iNZs/;Lanciano - Entella;https://www.betexplorer.com/soccer/italy/serie-b-2015-2016/lanciano-entella/W6yGAnZN/;Livorno - Bari;https://www.betexplorer.com/soccer/italy/serie-b-2015-2016/livorno-bari/buGDk14f/;Modena - Trapani;https://www.betexplorer.com/soccer/italy/serie-b-2015-2016/modena-trapani/xWEHlLJ0/;Salernitana - Latina;https://www.betexplorer.com/soccer/italy/serie-b-2015-2016/salernitana-latina/IsWEmuZ6/;Spezia - Novara;https://www.betexplorer.com/soccer/italy/serie-b-2015-2016/spezia-novara/dYUInalD/;Ternana - Crotone;https://www.betexplorer.com/soccer/italy/serie-b-2015-2016/ternana-crotone/AyJ0BrRD/;Avellino - Pescara;https://www.betexplorer.com/soccer/italy/serie-b-2015-2016/avellino-pescara/6syZdqCK/
34. ROUND;Bari - Cesena;https://www.betexplorer.com/soccer/italy/serie-b-2015-2016/bari-cesena/AwAbaHGL/;Novara - Salernitana;https://www.betexplorer.com/soccer/italy/serie-b-2015-2016/novara-salernitana/2ykwhZ8e/;Cagliari - Spezia;https://www.betexplorer.com/soccer/italy/serie-b-2015-2016/cagliari-spezia/4092byWR/;Entella - Ternana;https://www.betexplorer.com/soccer/italy/serie-b-2015-2016/entella-ternana/jcT7C84B/;Latina - Avellino;https://www.betexplorer.com/soccer/italy/serie-b-2015-2016/latina-avellino/OpjZhFgk/;L.R. Vicenza - Livorno;https://www.betexplorer.com/soccer/italy/serie-b-2015-2016/vicenza-virtus-livorno/x8WUcPdE/;Perugia - Ascoli;https://www.betexplorer.com/soccer/italy/serie-b-2015-2016/perugia-ascoli/dzU3Dlk5/;Pescara - Como;https://www.betexplorer.com/soccer/italy/serie-b-2015-2016/pescara-como/dblsigO1/;Pro Vercelli - Modena;https://www.betexplorer.com/soccer/italy/serie-b-2015-2016/pro-vercelli-modena/fq7pjDw8/;Trapani - Brescia;https://www.betexplorer.com/soccer/italy/serie-b-2015-2016/trapani-brescia/bHXQb5s8/;Crotone - Lanciano;https://www.betexplorer.com/soccer/italy/serie-b-2015-2016/crotone-lanciano/69eUgevq/
33. ROUND;Ascoli - L.R. Vicenza;https://www.betexplorer.com/soccer/italy/serie-b-2015-2016/ascoli-vicenza-virtus/08zeFAKh/;Avellino - Crotone;https://www.betexplorer.com/soccer/italy/serie-b-2015-2016/avellino-crotone/29EJbpQA/;Brescia - Novara;https://www.betexplorer.com/soccer/italy/serie-b-2015-2016/brescia-novara/t0DNc4uH/;Cesena - Latina;https://www.betexplorer.com/soccer/italy/serie-b-2015-2016/cesena-latina/YeyitxAq/;Como - Entella;https://www.betexplorer.com/soccer/italy/serie-b-2015-2016/como-entella/IqVaEUZb/;Lanciano - Perugia;https://www.betexplorer.com/soccer/italy/serie-b-2015-2016/lanciano-perugia/naueudPk/;Livorno - Pro Vercelli;https://www.betexplorer.com/soccer/italy/serie-b-2015-2016/livorno-pro-vercelli/UNUavGvd/;Modena - Cagliari;https://www.betexplorer.com/soccer/italy/serie-b-2015-2016/modena-cagliari/8ET3wzf2/;Salernitana - Bari;https://www.betexplorer.com/soccer/italy/serie-b-2015-2016/salernitana-bari/zLHo2JW2/;Spezia - Trapani;https://www.betexplorer.com/soccer/italy/serie-b-2015-2016/spezia-trapani/EBGk1wn9/;Ternana - Pescara;https://www.betexplorer.com/soccer/italy/serie-b-2015-2016/ternana-pescara/dz6f0c1F/
32. ROUND;Avellino - Ternana;https://www.betexplorer.com/soccer/italy/serie-b-2015-2016/avellino-ternana/6sauoReB/;Crotone - Pescara;https://www.betexplorer.com/soccer/italy/serie-b-2015-2016/crotone-pescara/l6lppoBH/;Lanciano - Cesena;https://www.betexplorer.com/soccer/italy/serie-b-2015-2016/lanciano-cesena/Sdmlq5QN/;Latina - Brescia;https://www.betexplorer.com/soccer/italy/serie-b-2015-2016/latina-brescia/dWihrPuU/;L.R. Vicenza - Cagliari;https://www.betexplorer.com/soccer/italy/serie-b-2015-2016/vicenza-virtus-cagliari/pYJEaQA4/;Modena - Como;https://www.betexplorer.com/soccer/italy/serie-b-2015-2016/modena-como/buvKwqlo/;Novara - Bari;https://www.betexplorer.com/soccer/italy/serie-b-2015-2016/novara-bari/0pI22SQo/;Perugia - Salernitana;https://www.betexplorer.com/soccer/italy/serie-b-2015-2016/perugia-salernitana/CKL61nth/;Pro Vercelli - Ascoli;https://www.betexplorer.com/soccer/italy/serie-b-2015-2016/pro-vercelli-ascoli/SfxmHWkt/;Trapani - Livorno;https://www.betexplorer.com/soccer/italy/serie-b-2015-2016/trapani-livorno/6sLA06eb/;Entella - Spezia;https://www.betexplorer.com/soccer/italy/serie-b-2015-2016/entella-spezia/MHyiGj5n/
31. ROUND;Cagliari - Perugia;https://www.betexplorer.com/soccer/italy/serie-b-2015-2016/cagliari-perugia/OlnJVodO/;L.R. Vicenza - Trapani;https://www.betexplorer.com/soccer/italy/serie-b-2015-2016/vicenza-virtus-trapani/hveyn7t5/;Ascoli - Avellino;https://www.betexplorer.com/soccer/italy/serie-b-2015-2016/ascoli-avellino/n1KvDKwP/;Bari - Pro Vercelli;https://www.betexplorer.com/soccer/italy/serie-b-2015-2016/bari-pro-vercelli/2ZcAX7RB/;Como - Cesena;https://www.betexplorer.com/soccer/italy/serie-b-2015-2016/como-cesena/xhjNU5BU/;Livorno - Entella;https://www.betexplorer.com/soccer/italy/serie-b-2015-2016/livorno-entella/jZpLLCsP/;Pescara - Novara;https://www.betexplorer.com/soccer/italy/serie-b-2015-2016/pescara-novara/EDRSkkst/;Salernitana - Lanciano;https://www.betexplorer.com/soccer/italy/serie-b-2015-2016/salernitana-lanciano/h4QWl9dn/;Spezia - Modena;https://www.betexplorer.com/soccer/italy/serie-b-2015-2016/spezia-modena/KQdTmTBh/;Ternana - Latina;https://www.betexplorer.com/soccer/italy/serie-b-2015-2016/ternana-latina/bHeXnmRb/;Brescia - Crotone;https://www.betexplorer.com/soccer/italy/serie-b-2015-2016/brescia-crotone/tQdEWRtI/
30. ROUND;Cesena - Salernitana;https://www.betexplorer.com/soccer/italy/serie-b-2015-2016/cesena-salernitana/lWXzJ8CI/;Modena - Livorno;https://www.betexplorer.com/soccer/italy/serie-b-2015-2016/modena-livorno/6m2kxWCt/;Avellino - Spezia;https://www.betexplorer.com/soccer/italy/serie-b-2015-2016/avellino-spezia/f9YWJlcC/;Crotone - Ascoli;https://www.betexplorer.com/soccer/italy/serie-b-2015-2016/crotone-ascoli/0pMWEt9C/;Entella - Bari;https://www.betexplorer.com/soccer/italy/serie-b-2015-2016/entella-bari/8ALzE0OI/;Lanciano - Brescia;https://www.betexplorer.com/soccer/italy/serie-b-2015-2016/lanciano-brescia/SMWvISRO/;Latina - Como;https://www.betexplorer.com/soccer/italy/serie-b-2015-2016/latina-como/4vGNtC4P/;Novara - L.R. Vicenza;https://www.betexplorer.com/soccer/italy/serie-b-2015-2016/novara-vicenza-virtus/0A1gyjSn/;Perugia - Ternana;https://www.betexplorer.com/soccer/italy/serie-b-2015-2016/perugia-ternana/Cp5czAsg/;Pro Vercelli - Pescara;https://www.betexplorer.com/soccer/italy/serie-b-2015-2016/pro-vercelli-pescara/f9f2ZTda/;Trapani - Cagliari;https://www.betexplorer.com/soccer/italy/serie-b-2015-2016/trapani-cagliari/Yag6YmC5/
29. ROUND;Ascoli - Modena;https://www.betexplorer.com/soccer/italy/serie-b-2015-2016/ascoli-modena/vVXNG2v0/;Bari - Ternana;https://www.betexplorer.com/soccer/italy/serie-b-2015-2016/bari-ternana/MeEg6VSC/;Brescia - Avellino;https://www.betexplorer.com/soccer/italy/serie-b-2015-2016/brescia-avellino/0nDc5krJ/;Como - Lanciano;https://www.betexplorer.com/soccer/italy/serie-b-2015-2016/como-lanciano/Sh5qThzQ/;Livorno - Crotone;https://www.betexplorer.com/soccer/italy/serie-b-2015-2016/livorno-crotone/YZsCOCrs/;L.R. Vicenza - Pro Vercelli;https://www.betexplorer.com/soccer/italy/serie-b-2015-2016/vicenza-virtus-pro-vercelli/t6USKUs6/;Perugia - Latina;https://www.betexplorer.com/soccer/italy/serie-b-2015-2016/perugia-latina/CQtGNWcm/;Pescara - Trapani;https://www.betexplorer.com/soccer/italy/serie-b-2015-2016/pescara-trapani/KjtKMjDg/;Salernitana - Entella;https://www.betexplorer.com/soccer/italy/serie-b-2015-2016/salernitana-entella/MgNSFMg6/;Spezia - Cesena;https://www.betexplorer.com/soccer/italy/serie-b-2015-2016/spezia-cesena/bsuOLASa/;Cagliari - Novara;https://www.betexplorer.com/soccer/italy/serie-b-2015-2016/cagliari-novara/Ek1uUYKJ/
28. ROUND;Avellino - Livorno;https://www.betexplorer.com/soccer/italy/serie-b-2015-2016/avellino-livorno/428E5bx2/;Brescia - Como;https://www.betexplorer.com/soccer/italy/serie-b-2015-2016/brescia-como/67ncUsF2/;Crotone - L.R. Vicenza;https://www.betexplorer.com/soccer/italy/serie-b-2015-2016/crotone-vicenza-virtus/EXk5SLqF/;Entella - Perugia;https://www.betexplorer.com/soccer/italy/serie-b-2015-2016/entella-perugia/QRTJHrPg/;Lanciano - Bari;https://www.betexplorer.com/soccer/italy/serie-b-2015-2016/lanciano-bari/jcDYAgEs/;Latina - Modena;https://www.betexplorer.com/soccer/italy/serie-b-2015-2016/latina-modena/YL2wADTm/;Pescara - Ascoli;https://www.betexplorer.com/soccer/italy/serie-b-2015-2016/pescara-ascoli/W4UFIO9m/;Ternana - Spezia;https://www.betexplorer.com/soccer/italy/serie-b-2015-2016/ternana-spezia/QTKp8ib0/;Trapani - Salernitana;https://www.betexplorer.com/soccer/italy/serie-b-2015-2016/trapani-salernitana/4KJl7BD6/;Cesena - Cagliari;https://www.betexplorer.com/soccer/italy/serie-b-2015-2016/cesena-cagliari/pbo1T1U8/;Novara - Pro Vercelli;https://www.betexplorer.com/soccer/italy/serie-b-2015-2016/novara-pro-vercelli/W6Lt9Xrf/
27. ROUND;Perugia - Trapani;https://www.betexplorer.com/soccer/italy/serie-b-2015-2016/perugia-trapani/EH1sDtpS/;Salernitana - Crotone;https://www.betexplorer.com/soccer/italy/serie-b-2015-2016/salernitana-crotone/Io6280hq/;Ascoli - Como;https://www.betexplorer.com/soccer/italy/serie-b-2015-2016/ascoli-como/CKmqOpnQ/;Cagliari - Pescara;https://www.betexplorer.com/soccer/italy/serie-b-2015-2016/cagliari-pescara/pxAQGOp3/;Livorno - Cesena;https://www.betexplorer.com/soccer/italy/serie-b-2015-2016/livorno-cesena/S0aVFr09/;L.R. Vicenza - Avellino;https://www.betexplorer.com/soccer/italy/serie-b-2015-2016/vicenza-virtus-avellino/ja4A6vNe/;Modena - Brescia;https://www.betexplorer.com/soccer/italy/serie-b-2015-2016/modena-brescia/t43ZE2FF/;Novara - Ternana;https://www.betexplorer.com/soccer/italy/serie-b-2015-2016/novara-ternana/zR2wEMUL/;Pro Vercelli - Entella;https://www.betexplorer.com/soccer/italy/serie-b-2015-2016/pro-vercelli-entella/hEVBJ4fs/;Spezia - Lanciano;https://www.betexplorer.com/soccer/italy/serie-b-2015-2016/spezia-lanciano/dx567K7k/;Bari - Latina;https://www.betexplorer.com/soccer/italy/serie-b-2015-2016/bari-latina/6oBMH4Vd/
26. ROUND;Brescia - Ascoli;https://www.betexplorer.com/soccer/italy/serie-b-2015-2016/brescia-ascoli/KQ0c0sfJ/;Spezia - Livorno;https://www.betexplorer.com/soccer/italy/serie-b-2015-2016/spezia-livorno/vuJzf1wj/;Avellino - Bari;https://www.betexplorer.com/soccer/italy/serie-b-2015-2016/avellino-bari/bLoq4o1c/;Cesena - Perugia;https://www.betexplorer.com/soccer/italy/serie-b-2015-2016/cesena-perugia/hrom35G3/;Como - Novara;https://www.betexplorer.com/soccer/italy/serie-b-2015-2016/como-novara/WYqi2PV9/;Crotone - Pro Vercelli;https://www.betexplorer.com/soccer/italy/serie-b-2015-2016/crotone-pro-vercelli/lAvd1qoG/;Entella - Trapani;https://www.betexplorer.com/soccer/italy/serie-b-2015-2016/entella-trapani/YTluPQWJ/;Lanciano - Modena;https://www.betexplorer.com/soccer/italy/serie-b-2015-2016/lanciano-modena/S0w0030M/;Latina - Cagliari;https://www.betexplorer.com/soccer/italy/serie-b-2015-2016/latina-cagliari/MNx4aNFS/;Ternana - Salernitana;https://www.betexplorer.com/soccer/italy/serie-b-2015-2016/ternana-salernitana/IVHvgLhd/;Pescara - L.R. Vicenza;https://www.betexplorer.com/soccer/italy/serie-b-2015-2016/pescara-vicenza-virtus/dGTVfsOq/
25. ROUND;Trapani - Como;https://www.betexplorer.com/soccer/italy/serie-b-2015-2016/trapani-como/rD3dtr9j/;Modena - Cesena;https://www.betexplorer.com/soccer/italy/serie-b-2015-2016/modena-cesena/CAAEl61A/;Ascoli - Latina;https://www.betexplorer.com/soccer/italy/serie-b-2015-2016/ascoli-latina/QR7l23P6/;Cagliari - Entella;https://www.betexplorer.com/soccer/italy/serie-b-2015-2016/cagliari-entella/8jcg1NvD/;Livorno - Ternana;https://www.betexplorer.com/soccer/italy/serie-b-2015-2016/livorno-ternana/ImBAknn4/;L.R. Vicenza - Lanciano;https://www.betexplorer.com/soccer/italy/serie-b-2015-2016/vicenza-virtus-lanciano/pIsu5Roi/;Novara - Avellino;https://www.betexplorer.com/soccer/italy/serie-b-2015-2016/novara-avellino/QDEImQGG/;Perugia - Spezia;https://www.betexplorer.com/soccer/italy/serie-b-2015-2016/perugia-spezia/8x4NnpWM/;Pro Vercelli - Brescia;https://www.betexplorer.com/soccer/italy/serie-b-2015-2016/pro-vercelli-brescia/nT2Ro4oT/;Salernitana - Pescara;https://www.betexplorer.com/soccer/italy/serie-b-2015-2016/salernitana-pescara/4M4hsOgp/;Bari - Crotone;https://www.betexplorer.com/soccer/italy/serie-b-2015-2016/bari-crotone/vcC6jSWc/
24. ROUND;Spezia - Salernitana;https://www.betexplorer.com/soccer/italy/serie-b-2015-2016/spezia-salernitana/rVIchl2o/;Entella - Novara;https://www.betexplorer.com/soccer/italy/serie-b-2015-2016/entella-novara/ny9p3qA0/;Brescia - Livorno;https://www.betexplorer.com/soccer/italy/serie-b-2015-2016/brescia-livorno/QgnXyTH4/;Cesena - Ascoli;https://www.betexplorer.com/soccer/italy/serie-b-2015-2016/cesena-ascoli/I14t4Pff/;Como - L.R. Vicenza;https://www.betexplorer.com/soccer/italy/serie-b-2015-2016/como-vicenza-virtus/4poyymXA/;Crotone - Perugia;https://www.betexplorer.com/soccer/italy/serie-b-2015-2016/crotone-perugia/YJkuz7nH/;Lanciano - Trapani;https://www.betexplorer.com/soccer/italy/serie-b-2015-2016/lanciano-trapani/CAlqZQ1N/;Latina - Pro Vercelli;https://www.betexplorer.com/soccer/italy/serie-b-2015-2016/latina-pro-vercelli/fZwlYpHT/;Pescara - Bari;https://www.betexplorer.com/soccer/italy/serie-b-2015-2016/pescara-bari/URUFT4Pp/;Ternana - Modena;https://www.betexplorer.com/soccer/italy/serie-b-2015-2016/ternana-modena/MLH1i8Hi/;Avellino - Cagliari;https://www.betexplorer.com/soccer/italy/serie-b-2015-2016/avellino-cagliari/rVdSx92b/
23. ROUND;Livorno - Como;https://www.betexplorer.com/soccer/italy/serie-b-2015-2016/livorno-como/A3y6j7F0/;Perugia - Pescara;https://www.betexplorer.com/soccer/italy/serie-b-2015-2016/perugia-pescara/dKwIm5aJ/;Ascoli - Lanciano;https://www.betexplorer.com/soccer/italy/serie-b-2015-2016/ascoli-lanciano/dnGX5oQs/;Bari - L.R. Vicenza;https://www.betexplorer.com/soccer/italy/serie-b-2015-2016/bari-vicenza-virtus/llmchTpl/;Cagliari - Ternana;https://www.betexplorer.com/soccer/italy/serie-b-2015-2016/cagliari-ternana/Svn1im0f/;Cesena - Entella;https://www.betexplorer.com/soccer/italy/serie-b-2015-2016/cesena-entella/vB5x55ul/;Modena - Avellino;https://www.betexplorer.com/soccer/italy/serie-b-2015-2016/modena-avellino/O6uAkRU6/;Novara - Crotone;https://www.betexplorer.com/soccer/italy/serie-b-2015-2016/novara-crotone/ITvElopD/;Pro Vercelli - Spezia;https://www.betexplorer.com/soccer/italy/serie-b-2015-2016/pro-vercelli-spezia/dEfGuBIu/;Trapani - Latina;https://www.betexplorer.com/soccer/italy/serie-b-2015-2016/trapani-latina/URhOwkmh/;Salernitana - Brescia;https://www.betexplorer.com/soccer/italy/serie-b-2015-2016/salernitana-brescia/z5gKvVXo/
21. ROUND;Perugia - L.R. Vicenza;https://www.betexplorer.com/soccer/italy/serie-b-2015-2016/perugia-vicenza-virtus/lCTunhOE/
22. ROUND;Crotone - Cagliari;https://www.betexplorer.com/soccer/italy/serie-b-2015-2016/crotone-cagliari/SQ6Sxlo1/;Entella - Ascoli;https://www.betexplorer.com/soccer/italy/serie-b-2015-2016/entella-ascoli/pAm4NDeF/;Brescia - Cesena;https://www.betexplorer.com/soccer/italy/serie-b-2015-2016/brescia-cesena/fD8KvAGl/;Avellino - Salernitana;https://www.betexplorer.com/soccer/italy/serie-b-2015-2016/avellino-salernitana/tA4Guj1r/;Como - Perugia;https://www.betexplorer.com/soccer/italy/serie-b-2015-2016/como-perugia/lz8OwUVf/;Lanciano - Pro Vercelli;https://www.betexplorer.com/soccer/italy/serie-b-2015-2016/lanciano-pro-vercelli/p21Xy807/;Latina - Novara;https://www.betexplorer.com/soccer/italy/serie-b-2015-2016/latina-novara/Oh0yySFD/;L.R. Vicenza - Modena;https://www.betexplorer.com/soccer/italy/serie-b-2015-2016/vicenza-virtus-modena/KErgg9Vs/;Pescara - Livorno;https://www.betexplorer.com/soccer/italy/serie-b-2015-2016/pescara-livorno/xdlJaBhE/;Ternana - Trapani;https://www.betexplorer.com/soccer/italy/serie-b-2015-2016/ternana-trapani/I5dRckNQ/;Spezia - Bari;https://www.betexplorer.com/soccer/italy/serie-b-2015-2016/spezia-bari/zs7MbV7K/
21. ROUND;Ascoli - Spezia;https://www.betexplorer.com/soccer/italy/serie-b-2015-2016/ascoli-spezia/CdkdPZQ2/;Brescia - Ternana;https://www.betexplorer.com/soccer/italy/serie-b-2015-2016/brescia-ternana/4OgxSWWr/;Cagliari - Pro Vercelli;https://www.betexplorer.com/soccer/italy/serie-b-2015-2016/cagliari-pro-vercelli/MalsRjnk/;Cesena - Avellino;https://www.betexplorer.com/soccer/italy/serie-b-2015-2016/cesena-avellino/0jmoQA1e/;Como - Salernitana;https://www.betexplorer.com/soccer/italy/serie-b-2015-2016/como-salernitana/fDnkPUG1/;Entella - Crotone;https://www.betexplorer.com/soccer/italy/serie-b-2015-2016/entella-crotone/jml0Ogt9/;Lanciano - Livorno;https://www.betexplorer.com/soccer/italy/serie-b-2015-2016/lanciano-livorno/zTRmpWhR/;Latina - Pescara;https://www.betexplorer.com/soccer/italy/serie-b-2015-2016/latina-pescara/8GjgOlW7/;Modena - Novara;https://www.betexplorer.com/soccer/italy/serie-b-2015-2016/modena-novara/ALUymY88/;Trapani - Bari;https://www.betexplorer.com/soccer/italy/serie-b-2015-2016/trapani-bari/dxTqoCwL/
20. ROUND;Salernitana - Cagliari;https://www.betexplorer.com/soccer/italy/serie-b-2015-2016/salernitana-cagliari/EgFcZEv9/;Bari - Brescia;https://www.betexplorer.com/soccer/italy/serie-b-2015-2016/bari-brescia/CUUbED2q/;Crotone - Trapani;https://www.betexplorer.com/soccer/italy/serie-b-2015-2016/crotone-trapani/QXY2DXHk/;Livorno - Ascoli;https://www.betexplorer.com/soccer/italy/serie-b-2015-2016/livorno-ascoli/n3VH1WYe/;L.R. Vicenza - Latina;https://www.betexplorer.com/soccer/italy/serie-b-2015-2016/vicenza-virtus-latina/2F7AWCOR/;Novara - Cesena;https://www.betexplorer.com/soccer/italy/serie-b-2015-2016/novara-cesena/8dO7CiXe/;Pescara - Modena;https://www.betexplorer.com/soccer/italy/serie-b-2015-2016/pescara-modena/nmNBBBn2/;Pro Vercelli - Perugia;https://www.betexplorer.com/soccer/italy/serie-b-2015-2016/pro-vercelli-perugia/z3GgzeP2/;Spezia - Como;https://www.betexplorer.com/soccer/italy/serie-b-2015-2016/spezia-como/dI42YYgF/;Ternana - Lanciano;https://www.betexplorer.com/soccer/italy/serie-b-2015-2016/ternana-lanciano/8h86Xh9L/;Avellino - Entella;https://www.betexplorer.com/soccer/italy/serie-b-2015-2016/avellino-entella/QgUL0jl2/
19. ROUND;Ascoli - Novara;https://www.betexplorer.com/soccer/italy/serie-b-2015-2016/ascoli-novara/vwS93h4q/;Brescia - Spezia;https://www.betexplorer.com/soccer/italy/serie-b-2015-2016/brescia-spezia/hjTT0fYq/;Cagliari - Bari;https://www.betexplorer.com/soccer/italy/serie-b-2015-2016/cagliari-bari/MPXXaEmj/;Cesena - Ternana;https://www.betexplorer.com/soccer/italy/serie-b-2015-2016/cesena-ternana/0GWyaY2d/;Como - Avellino;https://www.betexplorer.com/soccer/italy/serie-b-2015-2016/como-avellino/2LAKNHuc/;Entella - L.R. Vicenza;https://www.betexplorer.com/soccer/italy/serie-b-2015-2016/entella-vicenza-virtus/htWD2CJk/;Lanciano - Pescara;https://www.betexplorer.com/soccer/italy/serie-b-2015-2016/lanciano-pescara/fkrXIgfS/;Latina - Crotone;https://www.betexplorer.com/soccer/italy/serie-b-2015-2016/latina-crotone/GOEOMye3/;Trapani - Pro Vercelli;https://www.betexplorer.com/soccer/italy/serie-b-2015-2016/trapani-pro-vercelli/GbqTJZvM/;Modena - Salernitana;https://www.betexplorer.com/soccer/italy/serie-b-2015-2016/modena-salernitana/AoESLeA9/;Perugia - Livorno;https://www.betexplorer.com/soccer/italy/serie-b-2015-2016/perugia-livorno/lxDWKFPF/
18. ROUND;Novara - Trapani;https://www.betexplorer.com/soccer/italy/serie-b-2015-2016/novara-trapani/lEEqM44h/;Bari - Perugia;https://www.betexplorer.com/soccer/italy/serie-b-2015-2016/bari-perugia/GQqV2s4U/;Crotone - Modena;https://www.betexplorer.com/soccer/italy/serie-b-2015-2016/crotone-modena/hnLzOQZu/;Avellino - Lanciano;https://www.betexplorer.com/soccer/italy/serie-b-2015-2016/avellino-lanciano/2NuR3NlO/;Livorno - Cagliari;https://www.betexplorer.com/soccer/italy/serie-b-2015-2016/livorno-cagliari/WxKvNpkn/;L.R. Vicenza - Brescia;https://www.betexplorer.com/soccer/italy/serie-b-2015-2016/vicenza-virtus-brescia/GQ50IM3H/;Pescara - Entella;https://www.betexplorer.com/soccer/italy/serie-b-2015-2016/pescara-entella/Yeks8YeS/;Pro Vercelli - Cesena;https://www.betexplorer.com/soccer/italy/serie-b-2015-2016/pro-vercelli-cesena/S4DmLOJb/;Salernitana - Ascoli;https://www.betexplorer.com/soccer/italy/serie-b-2015-2016/salernitana-ascoli/f5jw9EtM/;Spezia - Latina;https://www.betexplorer.com/soccer/italy/serie-b-2015-2016/spezia-latina/MRCiKrZ4/;Ternana - Como;https://www.betexplorer.com/soccer/italy/serie-b-2015-2016/ternana-como/Y1GeJ2lB/
17. ROUND;Como - Crotone;https://www.betexplorer.com/soccer/italy/serie-b-2015-2016/como-crotone/bPa19RKn/;Lanciano - Cagliari;https://www.betexplorer.com/soccer/italy/serie-b-2015-2016/lanciano-cagliari/KbjM43ZH/;Livorno - Salernitana;https://www.betexplorer.com/soccer/italy/serie-b-2015-2016/livorno-salernitana/CS358ozg/;Spezia - L.R. Vicenza;https://www.betexplorer.com/soccer/italy/serie-b-2015-2016/spezia-vicenza-virtus/t8iI5qKB/;Ascoli - Ternana;https://www.betexplorer.com/soccer/italy/serie-b-2015-2016/ascoli-ternana/numVAzC9/;Avellino - Pro Vercelli;https://www.betexplorer.com/soccer/italy/serie-b-2015-2016/avellino-pro-vercelli/QyVnj4KO/;Brescia - Pescara;https://www.betexplorer.com/soccer/italy/serie-b-2015-2016/brescia-pescara/2gEVEmcP/;Cesena - Trapani;https://www.betexplorer.com/soccer/italy/serie-b-2015-2016/cesena-trapani/420cA75t/;Entella - Latina;https://www.betexplorer.com/soccer/italy/serie-b-2015-2016/entella-latina/QVoZ9fRF/;Modena - Bari;https://www.betexplorer.com/soccer/italy/serie-b-2015-2016/modena-bari/figA75ka/;Perugia - Novara;https://www.betexplorer.com/soccer/italy/serie-b-2015-2016/perugia-novara/YshE6P45/
16. ROUND;Cagliari - Como;https://www.betexplorer.com/soccer/italy/serie-b-2015-2016/cagliari-como/6Dul2ADJ/;L.R. Vicenza - Salernitana;https://www.betexplorer.com/soccer/italy/serie-b-2015-2016/vicenza-virtus-salernitana/noWrip5I/;Bari - Ascoli;https://www.betexplorer.com/soccer/italy/serie-b-2015-2016/bari-ascoli/htfMCdsc/;Crotone - Cesena;https://www.betexplorer.com/soccer/italy/serie-b-2015-2016/crotone-cesena/KGqh1USP/;Latina - Livorno;https://www.betexplorer.com/soccer/italy/serie-b-2015-2016/latina-livorno/QcMKdlys/;Novara - Lanciano;https://www.betexplorer.com/soccer/italy/serie-b-2015-2016/novara-lanciano/4lLOe8jm/;Pescara - Spezia;https://www.betexplorer.com/soccer/italy/serie-b-2015-2016/pescara-spezia/CEOWgnLa/;Pro Vercelli - Ternana;https://www.betexplorer.com/soccer/italy/serie-b-2015-2016/pro-vercelli-ternana/fwEyg6z6/;Trapani - Avellino;https://www.betexplorer.com/soccer/italy/serie-b-2015-2016/trapani-avellino/hOWvhQkC/;Entella - Brescia;https://www.betexplorer.com/soccer/italy/serie-b-2015-2016/entella-brescia/4GcQBGd3/;Perugia - Modena;https://www.betexplorer.com/soccer/italy/serie-b-2015-2016/perugia-modena/YNPSfS5g/
15. ROUND;Ascoli - Trapani;https://www.betexplorer.com/soccer/italy/serie-b-2015-2016/ascoli-trapani/0n7zkgkj/;Avellino - Perugia;https://www.betexplorer.com/soccer/italy/serie-b-2015-2016/avellino-perugia/YqgIliqK/;Brescia - Cagliari;https://www.betexplorer.com/soccer/italy/serie-b-2015-2016/brescia-cagliari/2JcMmBbQ/;Como - Bari;https://www.betexplorer.com/soccer/italy/serie-b-2015-2016/como-bari/niZhrkMm/;Lanciano - Latina;https://www.betexplorer.com/soccer/italy/serie-b-2015-2016/lanciano-latina/hAi6wRzJ/;Livorno - Novara;https://www.betexplorer.com/soccer/italy/serie-b-2015-2016/livorno-novara/0fwcs9yf/;Modena - Entella;https://www.betexplorer.com/soccer/italy/serie-b-2015-2016/modena-entella/vw6vlD4d/;Ternana - L.R. Vicenza;https://www.betexplorer.com/soccer/italy/serie-b-2015-2016/ternana-vicenza-virtus/EJh2v7LC/;Cesena - Pescara;https://www.betexplorer.com/soccer/italy/serie-b-2015-2016/cesena-pescara/4SqlqV6s/;Salernitana - Pro Vercelli;https://www.betexplorer.com/soccer/italy/serie-b-2015-2016/salernitana-pro-vercelli/fHx1tTj0/;Spezia - Crotone;https://www.betexplorer.com/soccer/italy/serie-b-2015-2016/spezia-crotone/Y7y5um66/
14. ROUND;Cagliari - Ascoli;https://www.betexplorer.com/soccer/italy/serie-b-2015-2016/cagliari-ascoli/t2Q3fFRS/;Bari - Livorno;https://www.betexplorer.com/soccer/italy/serie-b-2015-2016/bari-livorno/6ZhwlKh9/;Crotone - Ternana;https://www.betexplorer.com/soccer/italy/serie-b-2015-2016/crotone-ternana/Kxcsmv8F/;Entella - Lanciano;https://www.betexplorer.com/soccer/italy/serie-b-2015-2016/entella-lanciano/rBCVkZZq/;Latina - Salernitana;https://www.betexplorer.com/soccer/italy/serie-b-2015-2016/latina-salernitana/CYKAVBxr/;L.R. Vicenza - Cesena;https://www.betexplorer.com/soccer/italy/serie-b-2015-2016/vicenza-virtus-cesena/fgfEkXTD/;Novara - Spezia;https://www.betexplorer.com/soccer/italy/serie-b-2015-2016/novara-spezia/jPJEUVil/;Perugia - Brescia;https://www.betexplorer.com/soccer/italy/serie-b-2015-2016/perugia-brescia/80EJTk7f/;Pro Vercelli - Como;https://www.betexplorer.com/soccer/italy/serie-b-2015-2016/pro-vercelli-como/tECRRTy7/;Trapani - Modena;https://www.betexplorer.com/soccer/italy/serie-b-2015-2016/trapani-modena/hlGVQmiD/;Pescara - Avellino;https://www.betexplorer.com/soccer/italy/serie-b-2015-2016/pescara-avellino/niDNS9M0/
13. ROUND;Ascoli - Perugia;https://www.betexplorer.com/soccer/italy/serie-b-2015-2016/ascoli-perugia/YyNedycG/;Avellino - Latina;https://www.betexplorer.com/soccer/italy/serie-b-2015-2016/avellino-latina/rwTaz1O9/;Brescia - Trapani;https://www.betexplorer.com/soccer/italy/serie-b-2015-2016/brescia-trapani/0EN4ZKwG/;Cesena - Bari;https://www.betexplorer.com/soccer/italy/serie-b-2015-2016/cesena-bari/v5M8YvgM/;Como - Pescara;https://www.betexplorer.com/soccer/italy/serie-b-2015-2016/como-pescara/YRLCXb8S/;Lanciano - Crotone;https://www.betexplorer.com/soccer/italy/serie-b-2015-2016/lanciano-crotone/OA3Yl0w3/;Salernitana - Novara;https://www.betexplorer.com/soccer/italy/serie-b-2015-2016/salernitana-novara/W21mRdod/;Spezia - Cagliari;https://www.betexplorer.com/soccer/italy/serie-b-2015-2016/spezia-cagliari/pK4UktOd/;Ternana - Entella;https://www.betexplorer.com/soccer/italy/serie-b-2015-2016/ternana-entella/nuRaeeCM/;Livorno - L.R. Vicenza;https://www.betexplorer.com/soccer/italy/serie-b-2015-2016/livorno-vicenza-virtus/AmDvTIGq/;Modena - Pro Vercelli;https://www.betexplorer.com/soccer/italy/serie-b-2015-2016/modena-pro-vercelli/hC2qSxWk/
12. ROUND;Crotone - Avellino;https://www.betexplorer.com/soccer/italy/serie-b-2015-2016/crotone-avellino/prBXzDcN/;Perugia - Lanciano;https://www.betexplorer.com/soccer/italy/serie-b-2015-2016/perugia-lanciano/fH07UAzi/;Cagliari - Modena;https://www.betexplorer.com/soccer/italy/serie-b-2015-2016/cagliari-modena/2JLSygrH/;Entella - Como;https://www.betexplorer.com/soccer/italy/serie-b-2015-2016/entella-como/jDXjcHsA/;Latina - Cesena;https://www.betexplorer.com/soccer/italy/serie-b-2015-2016/latina-cesena/OY9yzXCT/;L.R. Vicenza - Ascoli;https://www.betexplorer.com/soccer/italy/serie-b-2015-2016/vicenza-virtus-ascoli/CMYnbcS3/;Novara - Brescia;https://www.betexplorer.com/soccer/italy/serie-b-2015-2016/novara-brescia/GQ13VjLp/;Pescara - Ternana;https://www.betexplorer.com/soccer/italy/serie-b-2015-2016/pescara-ternana/bkRmw3vi/;Pro Vercelli - Livorno;https://www.betexplorer.com/soccer/italy/serie-b-2015-2016/pro-vercelli-livorno/APUixNgc/;Trapani - Spezia;https://www.betexplorer.com/soccer/italy/serie-b-2015-2016/trapani-spezia/4nUeys93/;Bari - Salernitana;https://www.betexplorer.com/soccer/italy/serie-b-2015-2016/bari-salernitana/lGHOxZSA/
10. ROUND;Novara - Pescara;https://www.betexplorer.com/soccer/italy/serie-b-2015-2016/novara-pescara/OYPYTwpt/
11. ROUND;Cagliari - L.R. Vicenza;https://www.betexplorer.com/soccer/italy/serie-b-2015-2016/cagliari-vicenza-virtus/OCY0NgTN/;Spezia - Entella;https://www.betexplorer.com/soccer/italy/serie-b-2015-2016/spezia-entella/4dZrawDc/;Ascoli - Pro Vercelli;https://www.betexplorer.com/soccer/italy/serie-b-2015-2016/ascoli-pro-vercelli/Q5zu0Jci/;Bari - Novara;https://www.betexplorer.com/soccer/italy/serie-b-2015-2016/bari-novara/GnVhPFbB/;Brescia - Latina;https://www.betexplorer.com/soccer/italy/serie-b-2015-2016/brescia-latina/pMZdOZDH/;Cesena - Lanciano;https://www.betexplorer.com/soccer/italy/serie-b-2015-2016/cesena-lanciano/6yO5MDrU/;Como - Modena;https://www.betexplorer.com/soccer/italy/serie-b-2015-2016/como-modena/rcFXHXjo/;Livorno - Trapani;https://www.betexplorer.com/soccer/italy/serie-b-2015-2016/livorno-trapani/d03FtHTo/;Pescara - Crotone;https://www.betexplorer.com/soccer/italy/serie-b-2015-2016/pescara-crotone/zi2Juyqh/;Salernitana - Perugia;https://www.betexplorer.com/soccer/italy/serie-b-2015-2016/salernitana-perugia/G2JGvebb/;Ternana - Avellino;https://www.betexplorer.com/soccer/italy/serie-b-2015-2016/ternana-avellino/fgIKwFD4/
10. ROUND;Avellino - Ascoli;https://www.betexplorer.com/soccer/italy/serie-b-2015-2016/avellino-ascoli/AchhxG5p/;Cesena - Como;https://www.betexplorer.com/soccer/italy/serie-b-2015-2016/cesena-como/xriGBdUB/;Crotone - Brescia;https://www.betexplorer.com/soccer/italy/serie-b-2015-2016/crotone-brescia/joeKAGqI/;Entella - Livorno;https://www.betexplorer.com/soccer/italy/serie-b-2015-2016/entella-livorno/O0ddyzLj/;Lanciano - Salernitana;https://www.betexplorer.com/soccer/italy/serie-b-2015-2016/lanciano-salernitana/xdWlQeq5/;Latina - Ternana;https://www.betexplorer.com/soccer/italy/serie-b-2015-2016/latina-ternana/p8fO9zaO/;Modena - Spezia;https://www.betexplorer.com/soccer/italy/serie-b-2015-2016/modena-spezia/ObgS8fEU/;Perugia - Cagliari;https://www.betexplorer.com/soccer/italy/serie-b-2015-2016/perugia-cagliari/2POxTcan/;Pro Vercelli - Bari;https://www.betexplorer.com/soccer/italy/serie-b-2015-2016/pro-vercelli-bari/dnOtSHEh/;Trapani - L.R. Vicenza;https://www.betexplorer.com/soccer/italy/serie-b-2015-2016/trapani-vicenza-virtus/fXtpRyUb/
9. ROUND;Ascoli - Crotone;https://www.betexplorer.com/soccer/italy/serie-b-2015-2016/ascoli-crotone/ER6MsxrN/;Bari - Entella;https://www.betexplorer.com/soccer/italy/serie-b-2015-2016/bari-entella/hI5QtdcT/;Brescia - Lanciano;https://www.betexplorer.com/soccer/italy/serie-b-2015-2016/brescia-lanciano/Qu5zBPw1/;Cagliari - Trapani;https://www.betexplorer.com/soccer/italy/serie-b-2015-2016/cagliari-trapani/rHauAqg7/;Como - Latina;https://www.betexplorer.com/soccer/italy/serie-b-2015-2016/como-latina/M7bq938D/;Livorno - Modena;https://www.betexplorer.com/soccer/italy/serie-b-2015-2016/livorno-modena/zBnRXnoE/;Salernitana - Cesena;https://www.betexplorer.com/soccer/italy/serie-b-2015-2016/salernitana-cesena/UB4aFvVn/;Spezia - Avellino;https://www.betexplorer.com/soccer/italy/serie-b-2015-2016/spezia-avellino/8233Ebpg/;Ternana - Perugia;https://www.betexplorer.com/soccer/italy/serie-b-2015-2016/ternana-perugia/GS27DIaa/;L.R. Vicenza - Novara;https://www.betexplorer.com/soccer/italy/serie-b-2015-2016/vicenza-virtus-novara/fJ1BCxF5/;Pescara - Pro Vercelli;https://www.betexplorer.com/soccer/italy/serie-b-2015-2016/pescara-pro-vercelli/nmFfGKFt/
8. ROUND;Cesena - Spezia;https://www.betexplorer.com/soccer/italy/serie-b-2015-2016/cesena-spezia/nkp1dQO7/;Latina - Perugia;https://www.betexplorer.com/soccer/italy/serie-b-2015-2016/latina-perugia/SpNmKTGE/;Crotone - Livorno;https://www.betexplorer.com/soccer/italy/serie-b-2015-2016/crotone-livorno/lfOqL918/;Entella - Salernitana;https://www.betexplorer.com/soccer/italy/serie-b-2015-2016/entella-salernitana/djCHrISG/;Lanciano - Como;https://www.betexplorer.com/soccer/italy/serie-b-2015-2016/lanciano-como/nk6WB5Of/;Modena - Ascoli;https://www.betexplorer.com/soccer/italy/serie-b-2015-2016/modena-ascoli/IaDDqbDA/;Novara - Cagliari;https://www.betexplorer.com/soccer/italy/serie-b-2015-2016/novara-cagliari/dKRiJmWK/;Pro Vercelli - L.R. Vicenza;https://www.betexplorer.com/soccer/italy/serie-b-2015-2016/pro-vercelli-vicenza-virtus/zBQeI7oR/;Ternana - Bari;https://www.betexplorer.com/soccer/italy/serie-b-2015-2016/ternana-bari/th3ODRgr/;Trapani - Pescara;https://www.betexplorer.com/soccer/italy/serie-b-2015-2016/trapani-pescara/hS6SCo9l/;Avellino - Brescia;https://www.betexplorer.com/soccer/italy/serie-b-2015-2016/avellino-brescia/Yotcc691/
7. ROUND;Ascoli - Pescara;https://www.betexplorer.com/soccer/italy/serie-b-2015-2016/ascoli-pescara/Qie6oKrb/;Bari - Lanciano;https://www.betexplorer.com/soccer/italy/serie-b-2015-2016/bari-lanciano/E7vSqmu2/;Cagliari - Cesena;https://www.betexplorer.com/soccer/italy/serie-b-2015-2016/cagliari-cesena/2NX98WH2/;Como - Brescia;https://www.betexplorer.com/soccer/italy/serie-b-2015-2016/como-brescia/tEWD7jX8/;Livorno - Avellino;https://www.betexplorer.com/soccer/italy/serie-b-2015-2016/livorno-avellino/OxMI6AnF/;Modena - Latina;https://www.betexplorer.com/soccer/italy/serie-b-2015-2016/modena-latina/xtQM5U1L/;Perugia - Entella;https://www.betexplorer.com/soccer/italy/serie-b-2015-2016/perugia-entella/OxE9pvb4/;Salernitana - Trapani;https://www.betexplorer.com/soccer/italy/serie-b-2015-2016/salernitana-trapani/YBBh08Pr/;Spezia - Ternana;https://www.betexplorer.com/soccer/italy/serie-b-2015-2016/spezia-ternana/0YskaSvk/;L.R. Vicenza - Crotone;https://www.betexplorer.com/soccer/italy/serie-b-2015-2016/vicenza-virtus-crotone/vPtgbnfe/;Pro Vercelli - Novara;https://www.betexplorer.com/soccer/italy/serie-b-2015-2016/pro-vercelli-novara/W2PQ4lHR/
6. ROUND;Trapani - Perugia;https://www.betexplorer.com/soccer/italy/serie-b-2015-2016/trapani-perugia/hhjJo9Ak/;Avellino - L.R. Vicenza;https://www.betexplorer.com/soccer/italy/serie-b-2015-2016/avellino-vicenza-virtus/tf4SegYd/;Brescia - Modena;https://www.betexplorer.com/soccer/italy/serie-b-2015-2016/brescia-modena/fc8WfDm3/;Cesena - Livorno;https://www.betexplorer.com/soccer/italy/serie-b-2015-2016/cesena-livorno/lK7zfX29/;Como - Ascoli;https://www.betexplorer.com/soccer/italy/serie-b-2015-2016/como-ascoli/4x7cmtEo/;Entella - Pro Vercelli;https://www.betexplorer.com/soccer/italy/serie-b-2015-2016/entella-pro-vercelli/rT51n0Ti/;Lanciano - Spezia;https://www.betexplorer.com/soccer/italy/serie-b-2015-2016/lanciano-spezia/zHuOpTPe/;Latina - Bari;https://www.betexplorer.com/soccer/italy/serie-b-2015-2016/latina-bari/pn1qhBXL/;Pescara - Cagliari;https://www.betexplorer.com/soccer/italy/serie-b-2015-2016/pescara-cagliari/Ox0miVnS/;Ternana - Novara;https://www.betexplorer.com/soccer/italy/serie-b-2015-2016/ternana-novara/tInFnkeq/;Crotone - Salernitana;https://www.betexplorer.com/soccer/italy/serie-b-2015-2016/crotone-salernitana/SA6vgiIF/
5. ROUND;Novara - Como;https://www.betexplorer.com/soccer/italy/serie-b-2015-2016/novara-como/80j5vh3M/;Bari - Avellino;https://www.betexplorer.com/soccer/italy/serie-b-2015-2016/bari-avellino/48glrz4c/;Ascoli - Brescia;https://www.betexplorer.com/soccer/italy/serie-b-2015-2016/ascoli-brescia/EDRmTxTT/;Cagliari - Latina;https://www.betexplorer.com/soccer/italy/serie-b-2015-2016/cagliari-latina/MqlgsfJ3/;Livorno - Spezia;https://www.betexplorer.com/soccer/italy/serie-b-2015-2016/livorno-spezia/0zmctEY9/;L.R. Vicenza - Pescara;https://www.betexplorer.com/soccer/italy/serie-b-2015-2016/vicenza-virtus-pescara/vkQqX9ed/;Modena - Lanciano;https://www.betexplorer.com/soccer/italy/serie-b-2015-2016/modena-lanciano/fcn1uYmG/;Perugia - Cesena;https://www.betexplorer.com/soccer/italy/serie-b-2015-2016/perugia-cesena/jPuAwCIS/;Pro Vercelli - Crotone;https://www.betexplorer.com/soccer/italy/serie-b-2015-2016/pro-vercelli-crotone/hYRyZVQq/;Salernitana - Ternana;https://www.betexplorer.com/soccer/italy/serie-b-2015-2016/salernitana-ternana/0bRuYktj/;Trapani - Entella;https://www.betexplorer.com/soccer/italy/serie-b-2015-2016/trapani-entella/GMDFOdyo/
4. ROUND;Avellino - Novara;https://www.betexplorer.com/soccer/italy/serie-b-2015-2016/avellino-novara/jmvAs3Dn/;Brescia - Pro Vercelli;https://www.betexplorer.com/soccer/italy/serie-b-2015-2016/brescia-pro-vercelli/4jrEtNSh/;Cesena - Modena;https://www.betexplorer.com/soccer/italy/serie-b-2015-2016/cesena-modena/nFXIusra/;Como - Trapani;https://www.betexplorer.com/soccer/italy/serie-b-2015-2016/como-trapani/Q5WMv1c5/;Crotone - Bari;https://www.betexplorer.com/soccer/italy/serie-b-2015-2016/crotone-bari/fuyRwLCB/;Entella - Cagliari;https://www.betexplorer.com/soccer/italy/serie-b-2015-2016/entella-cagliari/WlxqUIDN/;Lanciano - L.R. Vicenza;https://www.betexplorer.com/soccer/italy/serie-b-2015-2016/lanciano-vicenza-virtus/QHfpqGli/;Latina - Ascoli;https://www.betexplorer.com/soccer/italy/serie-b-2015-2016/latina-ascoli/IoYvVbbH/;Pescara - Salernitana;https://www.betexplorer.com/soccer/italy/serie-b-2015-2016/pescara-salernitana/YVZUxuSH/;Spezia - Perugia;https://www.betexplorer.com/soccer/italy/serie-b-2015-2016/spezia-perugia/ETmaLCdp/;Ternana - Livorno;https://www.betexplorer.com/soccer/italy/serie-b-2015-2016/ternana-livorno/CE62KWBj/
3. ROUND;Ascoli - Cesena;https://www.betexplorer.com/soccer/italy/serie-b-2015-2016/ascoli-cesena/pYZWWKT4/;Bari - Pescara;https://www.betexplorer.com/soccer/italy/serie-b-2015-2016/bari-pescara/xWQFnLK2/;Cagliari - Avellino;https://www.betexplorer.com/soccer/italy/serie-b-2015-2016/cagliari-avellino/jZUJouz9/;L.R. Vicenza - Como;https://www.betexplorer.com/soccer/italy/serie-b-2015-2016/vicenza-virtus-como/I3HAyeC1/;Novara - Entella;https://www.betexplorer.com/soccer/italy/serie-b-2015-2016/novara-entella/OOYzWvqB/;Perugia - Crotone;https://www.betexplorer.com/soccer/italy/serie-b-2015-2016/perugia-crotone/tONWrwKR/;Pro Vercelli - Latina;https://www.betexplorer.com/soccer/italy/serie-b-2015-2016/pro-vercelli-latina/rX9bvcSr/;Salernitana - Spezia;https://www.betexplorer.com/soccer/italy/serie-b-2015-2016/salernitana-spezia/xf92wHsk/;Trapani - Lanciano;https://www.betexplorer.com/soccer/italy/serie-b-2015-2016/trapani-lanciano/zuS5xyce/;Livorno - Brescia;https://www.betexplorer.com/soccer/italy/serie-b-2015-2016/livorno-brescia/pdUNpakF/;Modena - Ternana;https://www.betexplorer.com/soccer/italy/serie-b-2015-2016/modena-ternana/OnTRqJ4L/
1. ROUND;Ascoli - Entella;https://www.betexplorer.com/soccer/italy/serie-b-2015-2016/ascoli-entella/W8KRZMqn/
2. ROUND;Latina - Trapani;https://www.betexplorer.com/soccer/italy/serie-b-2015-2016/latina-trapani/GIXnqnEA/;Spezia - Pro Vercelli;https://www.betexplorer.com/soccer/italy/serie-b-2015-2016/spezia-pro-vercelli/AJkLQwbq/;Avellino - Modena;https://www.betexplorer.com/soccer/italy/serie-b-2015-2016/avellino-modena/YZilOpxo/;Brescia - Salernitana;https://www.betexplorer.com/soccer/italy/serie-b-2015-2016/brescia-salernitana/nwtWnUEo/;Como - Livorno;https://www.betexplorer.com/soccer/italy/serie-b-2015-2016/como-livorno/QTvznlUi/;Crotone - Novara;https://www.betexplorer.com/soccer/italy/serie-b-2015-2016/crotone-novara/MeYrpSb4/;Entella - Cesena;https://www.betexplorer.com/soccer/italy/serie-b-2015-2016/entella-cesena/4MIZX0Eb/;Lanciano - Ascoli;https://www.betexplorer.com/soccer/italy/serie-b-2015-2016/lanciano-ascoli/QVJVYtah/;L.R. Vicenza - Bari;https://www.betexplorer.com/soccer/italy/serie-b-2015-2016/vicenza-virtus-bari/dzlTOHSe/;Ternana - Cagliari;https://www.betexplorer.com/soccer/italy/serie-b-2015-2016/ternana-cagliari/lAlPPcDk/;Pescara - Perugia;https://www.betexplorer.com/soccer/italy/serie-b-2015-2016/pescara-perugia/ULyir6TG/
1. ROUND;Cagliari - Crotone;https://www.betexplorer.com/soccer/italy/serie-b-2015-2016/cagliari-crotone/j19jF7aU/;Bari - Spezia;https://www.betexplorer.com/soccer/italy/serie-b-2015-2016/bari-spezia/CAAnGmpO/;Livorno - Pescara;https://www.betexplorer.com/soccer/italy/serie-b-2015-2016/livorno-pescara/vDGhZApn/;Modena - L.R. Vicenza;https://www.betexplorer.com/soccer/italy/serie-b-2015-2016/modena-vicenza-virtus/YZFdYUah/;Novara - Latina;https://www.betexplorer.com/soccer/italy/serie-b-2015-2016/novara-latina/nwK0XlFb/;Perugia - Como;https://www.betexplorer.com/soccer/italy/serie-b-2015-2016/perugia-como/8h89VSqB/;Pro Vercelli - Lanciano;https://www.betexplorer.com/soccer/italy/serie-b-2015-2016/pro-vercelli-lanciano/xSCDUnaH/;Salernitana - Avellino;https://www.betexplorer.com/soccer/italy/serie-b-2015-2016/salernitana-avellino/GIBHT6EN/;Trapani - Ternana;https://www.betexplorer.com/soccer/italy/serie-b-2015-2016/trapani-ternana/bs1MSQTT/;Cesena - Brescia;https://www.betexplorer.com/soccer/italy/serie-b-2015-2016/cesena-brescia/0MHlziVu/
FINAL - 2ND LEG;Trapani - Pescara;https://www.betexplorer.com/soccer/italy/serie-b-2015-2016/trapani-pescara/QZHERyRE/
FINAL - 1ST LEG;Pescara - Trapani;https://www.betexplorer.com/soccer/italy/serie-b-2015-2016/pescara-trapani/nqJASHB8/
SEMI-FINALS - 2ND LEG;Pescara - Novara;https://www.betexplorer.com/soccer/italy/serie-b-2015-2016/pescara-novara/vXdqauTB/;Trapani - Spezia;https://www.betexplorer.com/soccer/italy/serie-b-2015-2016/trapani-spezia/2iD9TZc1/
SEMI-FINALS - 1ST LEG;Novara - Pescara;https://www.betexplorer.com/soccer/italy/serie-b-2015-2016/novara-pescara/d87v0LD5/;Spezia - Trapani;https://www.betexplorer.com/soccer/italy/serie-b-2015-2016/spezia-trapani/KSN4UFre/
QUARTER-FINALS;Bari - Novara;https://www.betexplorer.com/soccer/italy/serie-b-2015-2016/bari-novara/I7DCtVZR/;Cesena - Spezia;https://www.betexplorer.com/soccer/italy/serie-b-2015-2016/cesena-spezia/4498sBKL/
FINAL - 2ND LEG;Salernitana - Lanciano;https://www.betexplorer.com/soccer/italy/serie-b-2015-2016/salernitana-lanciano/Ewary9ck/
FINAL - 1ST LEG;Lanciano - Salernitana;https://www.betexplorer.com/soccer/italy/serie-b-2015-2016/lanciano-salernitana/zm0vxkrq/
42. ROUND;Avellino - Cesena;https://www.betexplorer.com/soccer/italy/serie-b-2015-2016/avellino-cesena/bynXmrUr/;Bari - Trapani;https://www.betexplorer.com/soccer/italy/serie-b-2015-2016/bari-trapani/hboym2qk/;Crotone - Entella;https://www.betexplorer.com/soccer/italy/serie-b-2015-2016/crotone-entella/UHe8u7Yc/;Livorno - Lanciano;https://www.betexplorer.com/soccer/italy/serie-b-2015-2016/livorno-lanciano/WlpunMbe/;L.R. Vicenza - Perugia;https://www.betexplorer.com/soccer/italy/serie-b-2015-2016/vicenza-virtus-perugia/Crr8ke5m/;Novara - Modena;https://www.betexplorer.com/soccer/italy/serie-b-2015-2016/novara-modena/lQvpotE1/;Pescara - Latina;https://www.betexplorer.com/soccer/italy/serie-b-2015-2016/pescara-latina/SGwlp0T7/;Pro Vercelli - Cagliari;https://www.betexplorer.com/soccer/italy/serie-b-2015-2016/pro-vercelli-cagliari/tKRV8q68/;Salernitana - Como;https://www.betexplorer.com/soccer/italy/serie-b-2015-2016/salernitana-como/hfVZ73LE/;Spezia - Ascoli;https://www.betexplorer.com/soccer/italy/serie-b-2015-2016/spezia-ascoli/0ri4tmJi/;Ternana - Brescia;https://www.betexplorer.com/soccer/italy/serie-b-2015-2016/ternana-brescia/Yiq4jyjs/
41. ROUND;Como - Spezia;https://www.betexplorer.com/soccer/italy/serie-b-2015-2016/como-spezia/CvU5XMq2/;Ascoli - Livorno;https://www.betexplorer.com/soccer/italy/serie-b-2015-2016/ascoli-livorno/KnEHIqRp/;Brescia - Bari;https://www.betexplorer.com/soccer/italy/serie-b-2015-2016/brescia-bari/QNRgzPaq/;Cagliari - Salernitana;https://www.betexplorer.com/soccer/italy/serie-b-2015-2016/cagliari-salernitana/4EQcZrFk/;Cesena - Novara;https://www.betexplorer.com/soccer/italy/serie-b-2015-2016/cesena-novara/byQ1Y2Ue/;Entella - Avellino;https://www.betexplorer.com/soccer/italy/serie-b-2015-2016/entella-avellino/Mih0sT3o/;Lanciano - Ternana;https://www.betexplorer.com/soccer/italy/serie-b-2015-2016/lanciano-ternana/Eq8ld6M2/;Latina - L.R. Vicenza;https://www.betexplorer.com/soccer/italy/serie-b-2015-2016/latina-vicenza-virtus/hz7heQy9/;Modena - Pescara;https://www.betexplorer.com/soccer/italy/serie-b-2015-2016/modena-pescara/006dfpiF/;Trapani - Crotone;https://www.betexplorer.com/soccer/italy/serie-b-2015-2016/trapani-crotone/MFf5hOLR/;Perugia - Pro Vercelli;https://www.betexplorer.com/soccer/italy/serie-b-2015-2016/perugia-pro-vercelli/vi50g46L/
40. ROUND;Spezia - Brescia;https://www.betexplorer.com/soccer/italy/serie-b-2015-2016/spezia-brescia/6woNuoxM/;Pescara - Lanciano;https://www.betexplorer.com/soccer/italy/serie-b-2015-2016/pescara-lanciano/W6wBrmh3/;Avellino - Como;https://www.betexplorer.com/soccer/italy/serie-b-2015-2016/avellino-como/rocGM5Vq/;Crotone - Latina;https://www.betexplorer.com/soccer/italy/serie-b-2015-2016/crotone-latina/40oPKq0d/;Livorno - Perugia;https://www.betexplorer.com/soccer/italy/serie-b-2015-2016/livorno-perugia/hGv7qTxc/;L.R. Vicenza - Entella;https://www.betexplorer.com/soccer/italy/serie-b-2015-2016/vicenza-virtus-entella/rRMkNPIT/;Novara - Ascoli;https://www.betexplorer.com/soccer/italy/serie-b-2015-2016/novara-ascoli/l4NoO53N/;Pro Vercelli - Trapani;https://www.betexplorer.com/soccer/italy/serie-b-2015-2016/pro-vercelli-trapani/EVSFs779/;Salernitana - Modena;https://www.betexplorer.com/soccer/italy/serie-b-2015-2016/salernitana-modena/CGoJtRMF/;Ternana - Cesena;https://www.betexplorer.com/soccer/italy/serie-b-2015-2016/ternana-cesena/pUqRv5iS/;Bari - Cagliari;https://www.betexplorer.com/soccer/italy/serie-b-2015-2016/bari-cagliari/Q9nLLPpj/
39. ROUND;Cesena - Pro Vercelli;https://www.betexplorer.com/soccer/italy/serie-b-2015-2016/cesena-pro-vercelli/6qlXWkgi/;Como - Ternana;https://www.betexplorer.com/soccer/italy/serie-b-2015-2016/como-ternana/KnhyW98c/;Ascoli - Salernitana;https://www.betexplorer.com/soccer/italy/serie-b-2015-2016/ascoli-salernitana/U17pQRYA/;Brescia - L.R. Vicenza;https://www.betexplorer.com/soccer/italy/serie-b-2015-2016/brescia-vicenza-virtus/QmBp9n1p/;Cagliari - Livorno;https://www.betexplorer.com/soccer/italy/serie-b-2015-2016/cagliari-livorno/4vAl86Gj/;Entella - Pescara;https://www.betexplorer.com/soccer/italy/serie-b-2015-2016/entella-pescara/ADOsPolH/;Lanciano - Avellino;https://www.betexplorer.com/soccer/italy/serie-b-2015-2016/lanciano-avellino/E9iuVTN3/;Latina - Spezia;https://www.betexplorer.com/soccer/italy/serie-b-2015-2016/latina-spezia/h0jqUmwA/;Perugia - Bari;https://www.betexplorer.com/soccer/italy/serie-b-2015-2016/perugia-bari/C26pSR7M/;Trapani - Novara;https://www.betexplorer.com/soccer/italy/serie-b-2015-2016/trapani-novara/6P5lRoNS/;Modena - Crotone;https://www.betexplorer.com/soccer/italy/serie-b-2015-2016/modena-crotone/YB7tT7hG/
38. ROUND;Novara - Perugia;https://www.betexplorer.com/soccer/italy/serie-b-2015-2016/novara-perugia/ShTcIjvb/;Latina - Entella;https://www.betexplorer.com/soccer/italy/serie-b-2015-2016/latina-entella/jB8tR7J4/;Salernitana - Livorno;https://www.betexplorer.com/soccer/italy/serie-b-2015-2016/salernitana-livorno/CtV9FlOG/;Bari - Modena;https://www.betexplorer.com/soccer/italy/serie-b-2015-2016/bari-modena/INo7eTWp/;Cagliari - Lanciano;https://www.betexplorer.com/soccer/italy/serie-b-2015-2016/cagliari-lanciano/WQZlKC9o/;Crotone - Como;https://www.betexplorer.com/soccer/italy/serie-b-2015-2016/crotone-como/AHYhJWOi/;L.R. Vicenza - Spezia;https://www.betexplorer.com/soccer/italy/serie-b-2015-2016/vicenza-virtus-spezia/YeJIDShT/;Pescara - Brescia;https://www.betexplorer.com/soccer/italy/serie-b-2015-2016/pescara-brescia/6qS1HAg4/;Pro Vercelli - Avellino;https://www.betexplorer.com/soccer/italy/serie-b-2015-2016/pro-vercelli-avellino/06R5GU8A/;Ternana - Ascoli;https://www.betexplorer.com/soccer/italy/serie-b-2015-2016/ternana-ascoli/dl9xSm4b/;Trapani - Cesena;https://www.betexplorer.com/soccer/italy/serie-b-2015-2016/trapani-cesena/f5KEE8wN/
37. ROUND;Ascoli - Bari;https://www.betexplorer.com/soccer/italy/serie-b-2015-2016/ascoli-bari/0MFTT9Zo/;Avellino - Trapani;https://www.betexplorer.com/soccer/italy/serie-b-2015-2016/avellino-trapani/K6xqOLAJ/;Brescia - Entella;https://www.betexplorer.com/soccer/italy/serie-b-2015-2016/brescia-entella/ro5YSTlh/;Como - Cagliari;https://www.betexplorer.com/soccer/italy/serie-b-2015-2016/como-cagliari/GxOEIaYt/;Lanciano - Novara;https://www.betexplorer.com/soccer/italy/serie-b-2015-2016/lanciano-novara/UuSIHJmm/;Livorno - Latina;https://www.betexplorer.com/soccer/italy/serie-b-2015-2016/livorno-latina/C4HNGw3g/;Modena - Perugia;https://www.betexplorer.com/soccer/italy/serie-b-2015-2016/modena-perugia/jeGRFcIa/;Salernitana - L.R. Vicenza;https://www.betexplorer.com/soccer/italy/serie-b-2015-2016/salernitana-vicenza-virtus/pWUUEHX5/;Spezia - Pescara;https://www.betexplorer.com/soccer/italy/serie-b-2015-2016/spezia-pescara/OMTYDymC/;Ternana - Pro Vercelli;https://www.betexplorer.com/soccer/italy/serie-b-2015-2016/ternana-pro-vercelli/6oJwDe2I/;Cesena - Crotone;https://www.betexplorer.com/soccer/italy/serie-b-2015-2016/cesena-crotone/bcymNuQP/
36. ROUND;Bari - Como;https://www.betexplorer.com/soccer/italy/serie-b-2015-2016/bari-como/OvN4A2tK/;Cagliari - Brescia;https://www.betexplorer.com/soccer/italy/serie-b-2015-2016/cagliari-brescia/63C99MeQ/;Entella - Modena;https://www.betexplorer.com/soccer/italy/serie-b-2015-2016/entella-modena/MVGPUkKu/;Latina - Lanciano;https://www.betexplorer.com/soccer/italy/serie-b-2015-2016/latina-lanciano/xn3u40Jm/;L.R. Vicenza - Ternana;https://www.betexplorer.com/soccer/italy/serie-b-2015-2016/vicenza-virtus-ternana/rkg0axYI/;Novara - Livorno;https://www.betexplorer.com/soccer/italy/serie-b-2015-2016/novara-livorno/Gx2q3KYg/;Perugia - Avellino;https://www.betexplorer.com/soccer/italy/serie-b-2015-2016/perugia-avellino/b1il2vl0/;Pro Vercelli - Salernitana;https://www.betexplorer.com/soccer/italy/serie-b-2015-2016/pro-vercelli-salernitana/4bfd0IIC/;Trapani - Ascoli;https://www.betexplorer.com/soccer/italy/serie-b-2015-2016/trapani-ascoli/AczK96lU/;Crotone - Spezia;https://www.betexplorer.com/soccer/italy/serie-b-2015-2016/crotone-spezia/8Cby5t4s/;Pescara - Cesena;https://www.betexplorer.com/soccer/italy/serie-b-2015-2016/pescara-cesena/Ayeh1b36/
35. ROUND;Brescia - Perugia;https://www.betexplorer.com/soccer/italy/serie-b-2015-2016/brescia-perugia/pYZxd3RQ/;Como - Pro Vercelli;https://www.betexplorer.com/soccer/italy/serie-b-2015-2016/como-pro-vercelli/4IG9jskl/;Ascoli - Cagliari;https://www.betexplorer.com/soccer/italy/serie-b-2015-2016/ascoli-cagliari/lrnBBSJH/;Cesena - L.R. Vicenza;https://www.betexplorer.com/soccer/italy/serie-b-2015-2016/cesena-vicenza-virtus/jFC5iNZs/;Lanciano - Entella;https://www.betexplorer.com/soccer/italy/serie-b-2015-2016/lanciano-entella/W6yGAnZN/;Livorno - Bari;https://www.betexplorer.com/soccer/italy/serie-b-2015-2016/livorno-bari/buGDk14f/;Modena - Trapani;https://www.betexplorer.com/soccer/italy/serie-b-2015-2016/modena-trapani/xWEHlLJ0/;Salernitana - Latina;https://www.betexplorer.com/soccer/italy/serie-b-2015-2016/salernitana-latina/IsWEmuZ6/;Spezia - Novara;https://www.betexplorer.com/soccer/italy/serie-b-2015-2016/spezia-novara/dYUInalD/;Ternana - Crotone;https://www.betexplorer.com/soccer/italy/serie-b-2015-2016/ternana-crotone/AyJ0BrRD/;Avellino - Pescara;https://www.betexplorer.com/soccer/italy/serie-b-2015-2016/avellino-pescara/6syZdqCK/
34. ROUND;Bari - Cesena;https://www.betexplorer.com/soccer/italy/serie-b-2015-2016/bari-cesena/AwAbaHGL/;Novara - Salernitana;https://www.betexplorer.com/soccer/italy/serie-b-2015-2016/novara-salernitana/2ykwhZ8e/;Cagliari - Spezia;https://www.betexplorer.com/soccer/italy/serie-b-2015-2016/cagliari-spezia/4092byWR/;Entella - Ternana;https://www.betexplorer.com/soccer/italy/serie-b-2015-2016/entella-ternana/jcT7C84B/;Latina - Avellino;https://www.betexplorer.com/soccer/italy/serie-b-2015-2016/latina-avellino/OpjZhFgk/;L.R. Vicenza - Livorno;https://www.betexplorer.com/soccer/italy/serie-b-2015-2016/vicenza-virtus-livorno/x8WUcPdE/;Perugia - Ascoli;https://www.betexplorer.com/soccer/italy/serie-b-2015-2016/perugia-ascoli/dzU3Dlk5/;Pescara - Como;https://www.betexplorer.com/soccer/italy/serie-b-2015-2016/pescara-como/dblsigO1/;Pro Vercelli - Modena;https://www.betexplorer.com/soccer/italy/serie-b-2015-2016/pro-vercelli-modena/fq7pjDw8/;Trapani - Brescia;https://www.betexplorer.com/soccer/italy/serie-b-2015-2016/trapani-brescia/bHXQb5s8/;Crotone - Lanciano;https://www.betexplorer.com/soccer/italy/serie-b-2015-2016/crotone-lanciano/69eUgevq/
33. ROUND;Ascoli - L.R. Vicenza;https://www.betexplorer.com/soccer/italy/serie-b-2015-2016/ascoli-vicenza-virtus/08zeFAKh/;Avellino - Crotone;https://www.betexplorer.com/soccer/italy/serie-b-2015-2016/avellino-crotone/29EJbpQA/;Brescia - Novara;https://www.betexplorer.com/soccer/italy/serie-b-2015-2016/brescia-novara/t0DNc4uH/;Cesena - Latina;https://www.betexplorer.com/soccer/italy/serie-b-2015-2016/cesena-latina/YeyitxAq/;Como - Entella;https://www.betexplorer.com/soccer/italy/serie-b-2015-2016/como-entella/IqVaEUZb/;Lanciano - Perugia;https://www.betexplorer.com/soccer/italy/serie-b-2015-2016/lanciano-perugia/naueudPk/;Livorno - Pro Vercelli;https://www.betexplorer.com/soccer/italy/serie-b-2015-2016/livorno-pro-vercelli/UNUavGvd/;Modena - Cagliari;https://www.betexplorer.com/soccer/italy/serie-b-2015-2016/modena-cagliari/8ET3wzf2/;Salernitana - Bari;https://www.betexplorer.com/soccer/italy/serie-b-2015-2016/salernitana-bari/zLHo2JW2/;Spezia - Trapani;https://www.betexplorer.com/soccer/italy/serie-b-2015-2016/spezia-trapani/EBGk1wn9/;Ternana - Pescara;https://www.betexplorer.com/soccer/italy/serie-b-2015-2016/ternana-pescara/dz6f0c1F/
32. ROUND;Avellino - Ternana;https://www.betexplorer.com/soccer/italy/serie-b-2015-2016/avellino-ternana/6sauoReB/;Crotone - Pescara;https://www.betexplorer.com/soccer/italy/serie-b-2015-2016/crotone-pescara/l6lppoBH/;Lanciano - Cesena;https://www.betexplorer.com/soccer/italy/serie-b-2015-2016/lanciano-cesena/Sdmlq5QN/;Latina - Brescia;https://www.betexplorer.com/soccer/italy/serie-b-2015-2016/latina-brescia/dWihrPuU/;L.R. Vicenza - Cagliari;https://www.betexplorer.com/soccer/italy/serie-b-2015-2016/vicenza-virtus-cagliari/pYJEaQA4/;Modena - Como;https://www.betexplorer.com/soccer/italy/serie-b-2015-2016/modena-como/buvKwqlo/;Novara - Bari;https://www.betexplorer.com/soccer/italy/serie-b-2015-2016/novara-bari/0pI22SQo/;Perugia - Salernitana;https://www.betexplorer.com/soccer/italy/serie-b-2015-2016/perugia-salernitana/CKL61nth/;Pro Vercelli - Ascoli;https://www.betexplorer.com/soccer/italy/serie-b-2015-2016/pro-vercelli-ascoli/SfxmHWkt/;Trapani - Livorno;https://www.betexplorer.com/soccer/italy/serie-b-2015-2016/trapani-livorno/6sLA06eb/;Entella - Spezia;https://www.betexplorer.com/soccer/italy/serie-b-2015-2016/entella-spezia/MHyiGj5n/
31. ROUND;Cagliari - Perugia;https://www.betexplorer.com/soccer/italy/serie-b-2015-2016/cagliari-perugia/OlnJVodO/;L.R. Vicenza - Trapani;https://www.betexplorer.com/soccer/italy/serie-b-2015-2016/vicenza-virtus-trapani/hveyn7t5/;Ascoli - Avellino;https://www.betexplorer.com/soccer/italy/serie-b-2015-2016/ascoli-avellino/n1KvDKwP/;Bari - Pro Vercelli;https://www.betexplorer.com/soccer/italy/serie-b-2015-2016/bari-pro-vercelli/2ZcAX7RB/;Como - Cesena;https://www.betexplorer.com/soccer/italy/serie-b-2015-2016/como-cesena/xhjNU5BU/;Livorno - Entella;https://www.betexplorer.com/soccer/italy/serie-b-2015-2016/livorno-entella/jZpLLCsP/;Pescara - Novara;https://www.betexplorer.com/soccer/italy/serie-b-2015-2016/pescara-novara/EDRSkkst/;Salernitana - Lanciano;https://www.betexplorer.com/soccer/italy/serie-b-2015-2016/salernitana-lanciano/h4QWl9dn/;Spezia - Modena;https://www.betexplorer.com/soccer/italy/serie-b-2015-2016/spezia-modena/KQdTmTBh/;Ternana - Latina;https://www.betexplorer.com/soccer/italy/serie-b-2015-2016/ternana-latina/bHeXnmRb/;Brescia - Crotone;https://www.betexplorer.com/soccer/italy/serie-b-2015-2016/brescia-crotone/tQdEWRtI/
30. ROUND;Cesena - Salernitana;https://www.betexplorer.com/soccer/italy/serie-b-2015-2016/cesena-salernitana/lWXzJ8CI/;Modena - Livorno;https://www.betexplorer.com/soccer/italy/serie-b-2015-2016/modena-livorno/6m2kxWCt/;Avellino - Spezia;https://www.betexplorer.com/soccer/italy/serie-b-2015-2016/avellino-spezia/f9YWJlcC/;Crotone - Ascoli;https://www.betexplorer.com/soccer/italy/serie-b-2015-2016/crotone-ascoli/0pMWEt9C/;Entella - Bari;https://www.betexplorer.com/soccer/italy/serie-b-2015-2016/entella-bari/8ALzE0OI/;Lanciano - Brescia;https://www.betexplorer.com/soccer/italy/serie-b-2015-2016/lanciano-brescia/SMWvISRO/;Latina - Como;https://www.betexplorer.com/soccer/italy/serie-b-2015-2016/latina-como/4vGNtC4P/;Novara - L.R. Vicenza;https://www.betexplorer.com/soccer/italy/serie-b-2015-2016/novara-vicenza-virtus/0A1gyjSn/;Perugia - Ternana;https://www.betexplorer.com/soccer/italy/serie-b-2015-2016/perugia-ternana/Cp5czAsg/;Pro Vercelli - Pescara;https://www.betexplorer.com/soccer/italy/serie-b-2015-2016/pro-vercelli-pescara/f9f2ZTda/;Trapani - Cagliari;https://www.betexplorer.com/soccer/italy/serie-b-2015-2016/trapani-cagliari/Yag6YmC5/
29. ROUND;Ascoli - Modena;https://www.betexplorer.com/soccer/italy/serie-b-2015-2016/ascoli-modena/vVXNG2v0/;Bari - Ternana;https://www.betexplorer.com/soccer/italy/serie-b-2015-2016/bari-ternana/MeEg6VSC/;Brescia - Avellino;https://www.betexplorer.com/soccer/italy/serie-b-2015-2016/brescia-avellino/0nDc5krJ/;Como - Lanciano;https://www.betexplorer.com/soccer/italy/serie-b-2015-2016/como-lanciano/Sh5qThzQ/;Livorno - Crotone;https://www.betexplorer.com/soccer/italy/serie-b-2015-2016/livorno-crotone/YZsCOCrs/;L.R. Vicenza - Pro Vercelli;https://www.betexplorer.com/soccer/italy/serie-b-2015-2016/vicenza-virtus-pro-vercelli/t6USKUs6/;Perugia - Latina;https://www.betexplorer.com/soccer/italy/serie-b-2015-2016/perugia-latina/CQtGNWcm/;Pescara - Trapani;https://www.betexplorer.com/soccer/italy/serie-b-2015-2016/pescara-trapani/KjtKMjDg/;Salernitana - Entella;https://www.betexplorer.com/soccer/italy/serie-b-2015-2016/salernitana-entella/MgNSFMg6/;Spezia - Cesena;https://www.betexplorer.com/soccer/italy/serie-b-2015-2016/spezia-cesena/bsuOLASa/;Cagliari - Novara;https://www.betexplorer.com/soccer/italy/serie-b-2015-2016/cagliari-novara/Ek1uUYKJ/
28. ROUND;Avellino - Livorno;https://www.betexplorer.com/soccer/italy/serie-b-2015-2016/avellino-livorno/428E5bx2/;Brescia - Como;https://www.betexplorer.com/soccer/italy/serie-b-2015-2016/brescia-como/67ncUsF2/;Crotone - L.R. Vicenza;https://www.betexplorer.com/soccer/italy/serie-b-2015-2016/crotone-vicenza-virtus/EXk5SLqF/;Entella - Perugia;https://www.betexplorer.com/soccer/italy/serie-b-2015-2016/entella-perugia/QRTJHrPg/;Lanciano - Bari;https://www.betexplorer.com/soccer/italy/serie-b-2015-2016/lanciano-bari/jcDYAgEs/;Latina - Modena;https://www.betexplorer.com/soccer/italy/serie-b-2015-2016/latina-modena/YL2wADTm/;Pescara - Ascoli;https://www.betexplorer.com/soccer/italy/serie-b-2015-2016/pescara-ascoli/W4UFIO9m/;Ternana - Spezia;https://www.betexplorer.com/soccer/italy/serie-b-2015-2016/ternana-spezia/QTKp8ib0/;Trapani - Salernitana;https://www.betexplorer.com/soccer/italy/serie-b-2015-2016/trapani-salernitana/4KJl7BD6/;Cesena - Cagliari;https://www.betexplorer.com/soccer/italy/serie-b-2015-2016/cesena-cagliari/pbo1T1U8/;Novara - Pro Vercelli;https://www.betexplorer.com/soccer/italy/serie-b-2015-2016/novara-pro-vercelli/W6Lt9Xrf/
27. ROUND;Perugia - Trapani;https://www.betexplorer.com/soccer/italy/serie-b-2015-2016/perugia-trapani/EH1sDtpS/;Salernitana - Crotone;https://www.betexplorer.com/soccer/italy/serie-b-2015-2016/salernitana-crotone/Io6280hq/;Ascoli - Como;https://www.betexplorer.com/soccer/italy/serie-b-2015-2016/ascoli-como/CKmqOpnQ/;Cagliari - Pescara;https://www.betexplorer.com/soccer/italy/serie-b-2015-2016/cagliari-pescara/pxAQGOp3/;Livorno - Cesena;https://www.betexplorer.com/soccer/italy/serie-b-2015-2016/livorno-cesena/S0aVFr09/;L.R. Vicenza - Avellino;https://www.betexplorer.com/soccer/italy/serie-b-2015-2016/vicenza-virtus-avellino/ja4A6vNe/;Modena - Brescia;https://www.betexplorer.com/soccer/italy/serie-b-2015-2016/modena-brescia/t43ZE2FF/;Novara - Ternana;https://www.betexplorer.com/soccer/italy/serie-b-2015-2016/novara-ternana/zR2wEMUL/;Pro Vercelli - Entella;https://www.betexplorer.com/soccer/italy/serie-b-2015-2016/pro-vercelli-entella/hEVBJ4fs/;Spezia - Lanciano;https://www.betexplorer.com/soccer/italy/serie-b-2015-2016/spezia-lanciano/dx567K7k/;Bari - Latina;https://www.betexplorer.com/soccer/italy/serie-b-2015-2016/bari-latina/6oBMH4Vd/
26. ROUND;Brescia - Ascoli;https://www.betexplorer.com/soccer/italy/serie-b-2015-2016/brescia-ascoli/KQ0c0sfJ/;Spezia - Livorno;https://www.betexplorer.com/soccer/italy/serie-b-2015-2016/spezia-livorno/vuJzf1wj/;Avellino - Bari;https://www.betexplorer.com/soccer/italy/serie-b-2015-2016/avellino-bari/bLoq4o1c/;Cesena - Perugia;https://www.betexplorer.com/soccer/italy/serie-b-2015-2016/cesena-perugia/hrom35G3/;Como - Novara;https://www.betexplorer.com/soccer/italy/serie-b-2015-2016/como-novara/WYqi2PV9/;Crotone - Pro Vercelli;https://www.betexplorer.com/soccer/italy/serie-b-2015-2016/crotone-pro-vercelli/lAvd1qoG/;Entella - Trapani;https://www.betexplorer.com/soccer/italy/serie-b-2015-2016/entella-trapani/YTluPQWJ/;Lanciano - Modena;https://www.betexplorer.com/soccer/italy/serie-b-2015-2016/lanciano-modena/S0w0030M/;Latina - Cagliari;https://www.betexplorer.com/soccer/italy/serie-b-2015-2016/latina-cagliari/MNx4aNFS/;Ternana - Salernitana;https://www.betexplorer.com/soccer/italy/serie-b-2015-2016/ternana-salernitana/IVHvgLhd/;Pescara - L.R. Vicenza;https://www.betexplorer.com/soccer/italy/serie-b-2015-2016/pescara-vicenza-virtus/dGTVfsOq/
25. ROUND;Trapani - Como;https://www.betexplorer.com/soccer/italy/serie-b-2015-2016/trapani-como/rD3dtr9j/;Modena - Cesena;https://www.betexplorer.com/soccer/italy/serie-b-2015-2016/modena-cesena/CAAEl61A/;Ascoli - Latina;https://www.betexplorer.com/soccer/italy/serie-b-2015-2016/ascoli-latina/QR7l23P6/;Cagliari - Entella;https://www.betexplorer.com/soccer/italy/serie-b-2015-2016/cagliari-entella/8jcg1NvD/;Livorno - Ternana;https://www.betexplorer.com/soccer/italy/serie-b-2015-2016/livorno-ternana/ImBAknn4/;L.R. Vicenza - Lanciano;https://www.betexplorer.com/soccer/italy/serie-b-2015-2016/vicenza-virtus-lanciano/pIsu5Roi/;Novara - Avellino;https://www.betexplorer.com/soccer/italy/serie-b-2015-2016/novara-avellino/QDEImQGG/;Perugia - Spezia;https://www.betexplorer.com/soccer/italy/serie-b-2015-2016/perugia-spezia/8x4NnpWM/;Pro Vercelli - Brescia;https://www.betexplorer.com/soccer/italy/serie-b-2015-2016/pro-vercelli-brescia/nT2Ro4oT/;Salernitana - Pescara;https://www.betexplorer.com/soccer/italy/serie-b-2015-2016/salernitana-pescara/4M4hsOgp/;Bari - Crotone;https://www.betexplorer.com/soccer/italy/serie-b-2015-2016/bari-crotone/vcC6jSWc/
24. ROUND;Spezia - Salernitana;https://www.betexplorer.com/soccer/italy/serie-b-2015-2016/spezia-salernitana/rVIchl2o/;Entella - Novara;https://www.betexplorer.com/soccer/italy/serie-b-2015-2016/entella-novara/ny9p3qA0/;Brescia - Livorno;https://www.betexplorer.com/soccer/italy/serie-b-2015-2016/brescia-livorno/QgnXyTH4/;Cesena - Ascoli;https://www.betexplorer.com/soccer/italy/serie-b-2015-2016/cesena-ascoli/I14t4Pff/;Como - L.R. Vicenza;https://www.betexplorer.com/soccer/italy/serie-b-2015-2016/como-vicenza-virtus/4poyymXA/;Crotone - Perugia;https://www.betexplorer.com/soccer/italy/serie-b-2015-2016/crotone-perugia/YJkuz7nH/;Lanciano - Trapani;https://www.betexplorer.com/soccer/italy/serie-b-2015-2016/lanciano-trapani/CAlqZQ1N/;Latina - Pro Vercelli;https://www.betexplorer.com/soccer/italy/serie-b-2015-2016/latina-pro-vercelli/fZwlYpHT/;Pescara - Bari;https://www.betexplorer.com/soccer/italy/serie-b-2015-2016/pescara-bari/URUFT4Pp/;Ternana - Modena;https://www.betexplorer.com/soccer/italy/serie-b-2015-2016/ternana-modena/MLH1i8Hi/;Avellino - Cagliari;https://www.betexplorer.com/soccer/italy/serie-b-2015-2016/avellino-cagliari/rVdSx92b/
23. ROUND;Livorno - Como;https://www.betexplorer.com/soccer/italy/serie-b-2015-2016/livorno-como/A3y6j7F0/;Perugia - Pescara;https://www.betexplorer.com/soccer/italy/serie-b-2015-2016/perugia-pescara/dKwIm5aJ/;Ascoli - Lanciano;https://www.betexplorer.com/soccer/italy/serie-b-2015-2016/ascoli-lanciano/dnGX5oQs/;Bari - L.R. Vicenza;https://www.betexplorer.com/soccer/italy/serie-b-2015-2016/bari-vicenza-virtus/llmchTpl/;Cagliari - Ternana;https://www.betexplorer.com/soccer/italy/serie-b-2015-2016/cagliari-ternana/Svn1im0f/;Cesena - Entella;https://www.betexplorer.com/soccer/italy/serie-b-2015-2016/cesena-entella/vB5x55ul/;Modena - Avellino;https://www.betexplorer.com/soccer/italy/serie-b-2015-2016/modena-avellino/O6uAkRU6/;Novara - Crotone;https://www.betexplorer.com/soccer/italy/serie-b-2015-2016/novara-crotone/ITvElopD/;Pro Vercelli - Spezia;https://www.betexplorer.com/soccer/italy/serie-b-2015-2016/pro-vercelli-spezia/dEfGuBIu/;Trapani - Latina;https://www.betexplorer.com/soccer/italy/serie-b-2015-2016/trapani-latina/URhOwkmh/;Salernitana - Brescia;https://www.betexplorer.com/soccer/italy/serie-b-2015-2016/salernitana-brescia/z5gKvVXo/
21. ROUND;Perugia - L.R. Vicenza;https://www.betexplorer.com/soccer/italy/serie-b-2015-2016/perugia-vicenza-virtus/lCTunhOE/
22. ROUND;Crotone - Cagliari;https://www.betexplorer.com/soccer/italy/serie-b-2015-2016/crotone-cagliari/SQ6Sxlo1/;Entella - Ascoli;https://www.betexplorer.com/soccer/italy/serie-b-2015-2016/entella-ascoli/pAm4NDeF/;Brescia - Cesena;https://www.betexplorer.com/soccer/italy/serie-b-2015-2016/brescia-cesena/fD8KvAGl/;Avellino - Salernitana;https://www.betexplorer.com/soccer/italy/serie-b-2015-2016/avellino-salernitana/tA4Guj1r/;Como - Perugia;https://www.betexplorer.com/soccer/italy/serie-b-2015-2016/como-perugia/lz8OwUVf/;Lanciano - Pro Vercelli;https://www.betexplorer.com/soccer/italy/serie-b-2015-2016/lanciano-pro-vercelli/p21Xy807/;Latina - Novara;https://www.betexplorer.com/soccer/italy/serie-b-2015-2016/latina-novara/Oh0yySFD/;L.R. Vicenza - Modena;https://www.betexplorer.com/soccer/italy/serie-b-2015-2016/vicenza-virtus-modena/KErgg9Vs/;Pescara - Livorno;https://www.betexplorer.com/soccer/italy/serie-b-2015-2016/pescara-livorno/xdlJaBhE/;Ternana - Trapani;https://www.betexplorer.com/soccer/italy/serie-b-2015-2016/ternana-trapani/I5dRckNQ/;Spezia - Bari;https://www.betexplorer.com/soccer/italy/serie-b-2015-2016/spezia-bari/zs7MbV7K/
21. ROUND;Ascoli - Spezia;https://www.betexplorer.com/soccer/italy/serie-b-2015-2016/ascoli-spezia/CdkdPZQ2/;Brescia - Ternana;https://www.betexplorer.com/soccer/italy/serie-b-2015-2016/brescia-ternana/4OgxSWWr/;Cagliari - Pro Vercelli;https://www.betexplorer.com/soccer/italy/serie-b-2015-2016/cagliari-pro-vercelli/MalsRjnk/;Cesena - Avellino;https://www.betexplorer.com/soccer/italy/serie-b-2015-2016/cesena-avellino/0jmoQA1e/;Como - Salernitana;https://www.betexplorer.com/soccer/italy/serie-b-2015-2016/como-salernitana/fDnkPUG1/;Entella - Crotone;https://www.betexplorer.com/soccer/italy/serie-b-2015-2016/entella-crotone/jml0Ogt9/;Lanciano - Livorno;https://www.betexplorer.com/soccer/italy/serie-b-2015-2016/lanciano-livorno/zTRmpWhR/;Latina - Pescara;https://www.betexplorer.com/soccer/italy/serie-b-2015-2016/latina-pescara/8GjgOlW7/;Modena - Novara;https://www.betexplorer.com/soccer/italy/serie-b-2015-2016/modena-novara/ALUymY88/;Trapani - Bari;https://www.betexplorer.com/soccer/italy/serie-b-2015-2016/trapani-bari/dxTqoCwL/
20. ROUND;Salernitana - Cagliari;https://www.betexplorer.com/soccer/italy/serie-b-2015-2016/salernitana-cagliari/EgFcZEv9/;Bari - Brescia;https://www.betexplorer.com/soccer/italy/serie-b-2015-2016/bari-brescia/CUUbED2q/;Crotone - Trapani;https://www.betexplorer.com/soccer/italy/serie-b-2015-2016/crotone-trapani/QXY2DXHk/;Livorno - Ascoli;https://www.betexplorer.com/soccer/italy/serie-b-2015-2016/livorno-ascoli/n3VH1WYe/;L.R. Vicenza - Latina;https://www.betexplorer.com/soccer/italy/serie-b-2015-2016/vicenza-virtus-latina/2F7AWCOR/;Novara - Cesena;https://www.betexplorer.com/soccer/italy/serie-b-2015-2016/novara-cesena/8dO7CiXe/;Pescara - Modena;https://www.betexplorer.com/soccer/italy/serie-b-2015-2016/pescara-modena/nmNBBBn2/;Pro Vercelli - Perugia;https://www.betexplorer.com/soccer/italy/serie-b-2015-2016/pro-vercelli-perugia/z3GgzeP2/;Spezia - Como;https://www.betexplorer.com/soccer/italy/serie-b-2015-2016/spezia-como/dI42YYgF/;Ternana - Lanciano;https://www.betexplorer.com/soccer/italy/serie-b-2015-2016/ternana-lanciano/8h86Xh9L/;Avellino - Entella;https://www.betexplorer.com/soccer/italy/serie-b-2015-2016/avellino-entella/QgUL0jl2/
19. ROUND;Ascoli - Novara;https://www.betexplorer.com/soccer/italy/serie-b-2015-2016/ascoli-novara/vwS93h4q/;Brescia - Spezia;https://www.betexplorer.com/soccer/italy/serie-b-2015-2016/brescia-spezia/hjTT0fYq/;Cagliari - Bari;https://www.betexplorer.com/soccer/italy/serie-b-2015-2016/cagliari-bari/MPXXaEmj/;Cesena - Ternana;https://www.betexplorer.com/soccer/italy/serie-b-2015-2016/cesena-ternana/0GWyaY2d/;Como - Avellino;https://www.betexplorer.com/soccer/italy/serie-b-2015-2016/como-avellino/2LAKNHuc/;Entella - L.R. Vicenza;https://www.betexplorer.com/soccer/italy/serie-b-2015-2016/entella-vicenza-virtus/htWD2CJk/;Lanciano - Pescara;https://www.betexplorer.com/soccer/italy/serie-b-2015-2016/lanciano-pescara/fkrXIgfS/;Latina - Crotone;https://www.betexplorer.com/soccer/italy/serie-b-2015-2016/latina-crotone/GOEOMye3/;Trapani - Pro Vercelli;https://www.betexplorer.com/soccer/italy/serie-b-2015-2016/trapani-pro-vercelli/GbqTJZvM/;Modena - Salernitana;https://www.betexplorer.com/soccer/italy/serie-b-2015-2016/modena-salernitana/AoESLeA9/;Perugia - Livorno;https://www.betexplorer.com/soccer/italy/serie-b-2015-2016/perugia-livorno/lxDWKFPF/
18. ROUND;Novara - Trapani;https://www.betexplorer.com/soccer/italy/serie-b-2015-2016/novara-trapani/lEEqM44h/;Bari - Perugia;https://www.betexplorer.com/soccer/italy/serie-b-2015-2016/bari-perugia/GQqV2s4U/;Crotone - Modena;https://www.betexplorer.com/soccer/italy/serie-b-2015-2016/crotone-modena/hnLzOQZu/;Avellino - Lanciano;https://www.betexplorer.com/soccer/italy/serie-b-2015-2016/avellino-lanciano/2NuR3NlO/;Livorno - Cagliari;https://www.betexplorer.com/soccer/italy/serie-b-2015-2016/livorno-cagliari/WxKvNpkn/;L.R. Vicenza - Brescia;https://www.betexplorer.com/soccer/italy/serie-b-2015-2016/vicenza-virtus-brescia/GQ50IM3H/;Pescara - Entella;https://www.betexplorer.com/soccer/italy/serie-b-2015-2016/pescara-entella/Yeks8YeS/;Pro Vercelli - Cesena;https://www.betexplorer.com/soccer/italy/serie-b-2015-2016/pro-vercelli-cesena/S4DmLOJb/;Salernitana - Ascoli;https://www.betexplorer.com/soccer/italy/serie-b-2015-2016/salernitana-ascoli/f5jw9EtM/;Spezia - Latina;https://www.betexplorer.com/soccer/italy/serie-b-2015-2016/spezia-latina/MRCiKrZ4/;Ternana - Como;https://www.betexplorer.com/soccer/italy/serie-b-2015-2016/ternana-como/Y1GeJ2lB/
17. ROUND;Como - Crotone;https://www.betexplorer.com/soccer/italy/serie-b-2015-2016/como-crotone/bPa19RKn/;Lanciano - Cagliari;https://www.betexplorer.com/soccer/italy/serie-b-2015-2016/lanciano-cagliari/KbjM43ZH/;Livorno - Salernitana;https://www.betexplorer.com/soccer/italy/serie-b-2015-2016/livorno-salernitana/CS358ozg/;Spezia - L.R. Vicenza;https://www.betexplorer.com/soccer/italy/serie-b-2015-2016/spezia-vicenza-virtus/t8iI5qKB/;Ascoli - Ternana;https://www.betexplorer.com/soccer/italy/serie-b-2015-2016/ascoli-ternana/numVAzC9/;Avellino - Pro Vercelli;https://www.betexplorer.com/soccer/italy/serie-b-2015-2016/avellino-pro-vercelli/QyVnj4KO/;Brescia - Pescara;https://www.betexplorer.com/soccer/italy/serie-b-2015-2016/brescia-pescara/2gEVEmcP/;Cesena - Trapani;https://www.betexplorer.com/soccer/italy/serie-b-2015-2016/cesena-trapani/420cA75t/;Entella - Latina;https://www.betexplorer.com/soccer/italy/serie-b-2015-2016/entella-latina/QVoZ9fRF/;Modena - Bari;https://www.betexplorer.com/soccer/italy/serie-b-2015-2016/modena-bari/figA75ka/;Perugia - Novara;https://www.betexplorer.com/soccer/italy/serie-b-2015-2016/perugia-novara/YshE6P45/
16. ROUND;Cagliari - Como;https://www.betexplorer.com/soccer/italy/serie-b-2015-2016/cagliari-como/6Dul2ADJ/;L.R. Vicenza - Salernitana;https://www.betexplorer.com/soccer/italy/serie-b-2015-2016/vicenza-virtus-salernitana/noWrip5I/;Bari - Ascoli;https://www.betexplorer.com/soccer/italy/serie-b-2015-2016/bari-ascoli/htfMCdsc/;Crotone - Cesena;https://www.betexplorer.com/soccer/italy/serie-b-2015-2016/crotone-cesena/KGqh1USP/;Latina - Livorno;https://www.betexplorer.com/soccer/italy/serie-b-2015-2016/latina-livorno/QcMKdlys/;Novara - Lanciano;https://www.betexplorer.com/soccer/italy/serie-b-2015-2016/novara-lanciano/4lLOe8jm/;Pescara - Spezia;https://www.betexplorer.com/soccer/italy/serie-b-2015-2016/pescara-spezia/CEOWgnLa/;Pro Vercelli - Ternana;https://www.betexplorer.com/soccer/italy/serie-b-2015-2016/pro-vercelli-ternana/fwEyg6z6/;Trapani - Avellino;https://www.betexplorer.com/soccer/italy/serie-b-2015-2016/trapani-avellino/hOWvhQkC/;Entella - Brescia;https://www.betexplorer.com/soccer/italy/serie-b-2015-2016/entella-brescia/4GcQBGd3/;Perugia - Modena;https://www.betexplorer.com/soccer/italy/serie-b-2015-2016/perugia-modena/YNPSfS5g/
15. ROUND;Ascoli - Trapani;https://www.betexplorer.com/soccer/italy/serie-b-2015-2016/ascoli-trapani/0n7zkgkj/;Avellino - Perugia;https://www.betexplorer.com/soccer/italy/serie-b-2015-2016/avellino-perugia/YqgIliqK/;Brescia - Cagliari;https://www.betexplorer.com/soccer/italy/serie-b-2015-2016/brescia-cagliari/2JcMmBbQ/;Como - Bari;https://www.betexplorer.com/soccer/italy/serie-b-2015-2016/como-bari/niZhrkMm/;Lanciano - Latina;https://www.betexplorer.com/soccer/italy/serie-b-2015-2016/lanciano-latina/hAi6wRzJ/;Livorno - Novara;https://www.betexplorer.com/soccer/italy/serie-b-2015-2016/livorno-novara/0fwcs9yf/;Modena - Entella;https://www.betexplorer.com/soccer/italy/serie-b-2015-2016/modena-entella/vw6vlD4d/;Ternana - L.R. Vicenza;https://www.betexplorer.com/soccer/italy/serie-b-2015-2016/ternana-vicenza-virtus/EJh2v7LC/;Cesena - Pescara;https://www.betexplorer.com/soccer/italy/serie-b-2015-2016/cesena-pescara/4SqlqV6s/;Salernitana - Pro Vercelli;https://www.betexplorer.com/soccer/italy/serie-b-2015-2016/salernitana-pro-vercelli/fHx1tTj0/;Spezia - Crotone;https://www.betexplorer.com/soccer/italy/serie-b-2015-2016/spezia-crotone/Y7y5um66/
14. ROUND;Cagliari - Ascoli;https://www.betexplorer.com/soccer/italy/serie-b-2015-2016/cagliari-ascoli/t2Q3fFRS/;Bari - Livorno;https://www.betexplorer.com/soccer/italy/serie-b-2015-2016/bari-livorno/6ZhwlKh9/;Crotone - Ternana;https://www.betexplorer.com/soccer/italy/serie-b-2015-2016/crotone-ternana/Kxcsmv8F/;Entella - Lanciano;https://www.betexplorer.com/soccer/italy/serie-b-2015-2016/entella-lanciano/rBCVkZZq/;Latina - Salernitana;https://www.betexplorer.com/soccer/italy/serie-b-2015-2016/latina-salernitana/CYKAVBxr/;L.R. Vicenza - Cesena;https://www.betexplorer.com/soccer/italy/serie-b-2015-2016/vicenza-virtus-cesena/fgfEkXTD/;Novara - Spezia;https://www.betexplorer.com/soccer/italy/serie-b-2015-2016/novara-spezia/jPJEUVil/;Perugia - Brescia;https://www.betexplorer.com/soccer/italy/serie-b-2015-2016/perugia-brescia/80EJTk7f/;Pro Vercelli - Como;https://www.betexplorer.com/soccer/italy/serie-b-2015-2016/pro-vercelli-como/tECRRTy7/;Trapani - Modena;https://www.betexplorer.com/soccer/italy/serie-b-2015-2016/trapani-modena/hlGVQmiD/;Pescara - Avellino;https://www.betexplorer.com/soccer/italy/serie-b-2015-2016/pescara-avellino/niDNS9M0/
13. ROUND;Ascoli - Perugia;https://www.betexplorer.com/soccer/italy/serie-b-2015-2016/ascoli-perugia/YyNedycG/;Avellino - Latina;https://www.betexplorer.com/soccer/italy/serie-b-2015-2016/avellino-latina/rwTaz1O9/;Brescia - Trapani;https://www.betexplorer.com/soccer/italy/serie-b-2015-2016/brescia-trapani/0EN4ZKwG/;Cesena - Bari;https://www.betexplorer.com/soccer/italy/serie-b-2015-2016/cesena-bari/v5M8YvgM/;Como - Pescara;https://www.betexplorer.com/soccer/italy/serie-b-2015-2016/como-pescara/YRLCXb8S/;Lanciano - Crotone;https://www.betexplorer.com/soccer/italy/serie-b-2015-2016/lanciano-crotone/OA3Yl0w3/;Salernitana - Novara;https://www.betexplorer.com/soccer/italy/serie-b-2015-2016/salernitana-novara/W21mRdod/;Spezia - Cagliari;https://www.betexplorer.com/soccer/italy/serie-b-2015-2016/spezia-cagliari/pK4UktOd/;Ternana - Entella;https://www.betexplorer.com/soccer/italy/serie-b-2015-2016/ternana-entella/nuRaeeCM/;Livorno - L.R. Vicenza;https://www.betexplorer.com/soccer/italy/serie-b-2015-2016/livorno-vicenza-virtus/AmDvTIGq/;Modena - Pro Vercelli;https://www.betexplorer.com/soccer/italy/serie-b-2015-2016/modena-pro-vercelli/hC2qSxWk/
12. ROUND;Crotone - Avellino;https://www.betexplorer.com/soccer/italy/serie-b-2015-2016/crotone-avellino/prBXzDcN/;Perugia - Lanciano;https://www.betexplorer.com/soccer/italy/serie-b-2015-2016/perugia-lanciano/fH07UAzi/;Cagliari - Modena;https://www.betexplorer.com/soccer/italy/serie-b-2015-2016/cagliari-modena/2JLSygrH/;Entella - Como;https://www.betexplorer.com/soccer/italy/serie-b-2015-2016/entella-como/jDXjcHsA/;Latina - Cesena;https://www.betexplorer.com/soccer/italy/serie-b-2015-2016/latina-cesena/OY9yzXCT/;L.R. Vicenza - Ascoli;https://www.betexplorer.com/soccer/italy/serie-b-2015-2016/vicenza-virtus-ascoli/CMYnbcS3/;Novara - Brescia;https://www.betexplorer.com/soccer/italy/serie-b-2015-2016/novara-brescia/GQ13VjLp/;Pescara - Ternana;https://www.betexplorer.com/soccer/italy/serie-b-2015-2016/pescara-ternana/bkRmw3vi/;Pro Vercelli - Livorno;https://www.betexplorer.com/soccer/italy/serie-b-2015-2016/pro-vercelli-livorno/APUixNgc/;Trapani - Spezia;https://www.betexplorer.com/soccer/italy/serie-b-2015-2016/trapani-spezia/4nUeys93/;Bari - Salernitana;https://www.betexplorer.com/soccer/italy/serie-b-2015-2016/bari-salernitana/lGHOxZSA/
10. ROUND;Novara - Pescara;https://www.betexplorer.com/soccer/italy/serie-b-2015-2016/novara-pescara/OYPYTwpt/
11. ROUND;Cagliari - L.R. Vicenza;https://www.betexplorer.com/soccer/italy/serie-b-2015-2016/cagliari-vicenza-virtus/OCY0NgTN/;Spezia - Entella;https://www.betexplorer.com/soccer/italy/serie-b-2015-2016/spezia-entella/4dZrawDc/;Ascoli - Pro Vercelli;https://www.betexplorer.com/soccer/italy/serie-b-2015-2016/ascoli-pro-vercelli/Q5zu0Jci/;Bari - Novara;https://www.betexplorer.com/soccer/italy/serie-b-2015-2016/bari-novara/GnVhPFbB/;Brescia - Latina;https://www.betexplorer.com/soccer/italy/serie-b-2015-2016/brescia-latina/pMZdOZDH/;Cesena - Lanciano;https://www.betexplorer.com/soccer/italy/serie-b-2015-2016/cesena-lanciano/6yO5MDrU/;Como - Modena;https://www.betexplorer.com/soccer/italy/serie-b-2015-2016/como-modena/rcFXHXjo/;Livorno - Trapani;https://www.betexplorer.com/soccer/italy/serie-b-2015-2016/livorno-trapani/d03FtHTo/;Pescara - Crotone;https://www.betexplorer.com/soccer/italy/serie-b-2015-2016/pescara-crotone/zi2Juyqh/;Salernitana - Perugia;https://www.betexplorer.com/soccer/italy/serie-b-2015-2016/salernitana-perugia/G2JGvebb/;Ternana - Avellino;https://www.betexplorer.com/soccer/italy/serie-b-2015-2016/ternana-avellino/fgIKwFD4/
10. ROUND;Avellino - Ascoli;https://www.betexplorer.com/soccer/italy/serie-b-2015-2016/avellino-ascoli/AchhxG5p/;Cesena - Como;https://www.betexplorer.com/soccer/italy/serie-b-2015-2016/cesena-como/xriGBdUB/;Crotone - Brescia;https://www.betexplorer.com/soccer/italy/serie-b-2015-2016/crotone-brescia/joeKAGqI/;Entella - Livorno;https://www.betexplorer.com/soccer/italy/serie-b-2015-2016/entella-livorno/O0ddyzLj/;Lanciano - Salernitana;https://www.betexplorer.com/soccer/italy/serie-b-2015-2016/lanciano-salernitana/xdWlQeq5/;Latina - Ternana;https://www.betexplorer.com/soccer/italy/serie-b-2015-2016/latina-ternana/p8fO9zaO/;Modena - Spezia;https://www.betexplorer.com/soccer/italy/serie-b-2015-2016/modena-spezia/ObgS8fEU/;Perugia - Cagliari;https://www.betexplorer.com/soccer/italy/serie-b-2015-2016/perugia-cagliari/2POxTcan/;Pro Vercelli - Bari;https://www.betexplorer.com/soccer/italy/serie-b-2015-2016/pro-vercelli-bari/dnOtSHEh/;Trapani - L.R. Vicenza;https://www.betexplorer.com/soccer/italy/serie-b-2015-2016/trapani-vicenza-virtus/fXtpRyUb/
9. ROUND;Ascoli - Crotone;https://www.betexplorer.com/soccer/italy/serie-b-2015-2016/ascoli-crotone/ER6MsxrN/;Bari - Entella;https://www.betexplorer.com/soccer/italy/serie-b-2015-2016/bari-entella/hI5QtdcT/;Brescia - Lanciano;https://www.betexplorer.com/soccer/italy/serie-b-2015-2016/brescia-lanciano/Qu5zBPw1/;Cagliari - Trapani;https://www.betexplorer.com/soccer/italy/serie-b-2015-2016/cagliari-trapani/rHauAqg7/;Como - Latina;https://www.betexplorer.com/soccer/italy/serie-b-2015-2016/como-latina/M7bq938D/;Livorno - Modena;https://www.betexplorer.com/soccer/italy/serie-b-2015-2016/livorno-modena/zBnRXnoE/;Salernitana - Cesena;https://www.betexplorer.com/soccer/italy/serie-b-2015-2016/salernitana-cesena/UB4aFvVn/;Spezia - Avellino;https://www.betexplorer.com/soccer/italy/serie-b-2015-2016/spezia-avellino/8233Ebpg/;Ternana - Perugia;https://www.betexplorer.com/soccer/italy/serie-b-2015-2016/ternana-perugia/GS27DIaa/;L.R. Vicenza - Novara;https://www.betexplorer.com/soccer/italy/serie-b-2015-2016/vicenza-virtus-novara/fJ1BCxF5/;Pescara - Pro Vercelli;https://www.betexplorer.com/soccer/italy/serie-b-2015-2016/pescara-pro-vercelli/nmFfGKFt/
8. ROUND;Cesena - Spezia;https://www.betexplorer.com/soccer/italy/serie-b-2015-2016/cesena-spezia/nkp1dQO7/;Latina - Perugia;https://www.betexplorer.com/soccer/italy/serie-b-2015-2016/latina-perugia/SpNmKTGE/;Crotone - Livorno;https://www.betexplorer.com/soccer/italy/serie-b-2015-2016/crotone-livorno/lfOqL918/;Entella - Salernitana;https://www.betexplorer.com/soccer/italy/serie-b-2015-2016/entella-salernitana/djCHrISG/;Lanciano - Como;https://www.betexplorer.com/soccer/italy/serie-b-2015-2016/lanciano-como/nk6WB5Of/;Modena - Ascoli;https://www.betexplorer.com/soccer/italy/serie-b-2015-2016/modena-ascoli/IaDDqbDA/;Novara - Cagliari;https://www.betexplorer.com/soccer/italy/serie-b-2015-2016/novara-cagliari/dKRiJmWK/;Pro Vercelli - L.R. Vicenza;https://www.betexplorer.com/soccer/italy/serie-b-2015-2016/pro-vercelli-vicenza-virtus/zBQeI7oR/;Ternana - Bari;https://www.betexplorer.com/soccer/italy/serie-b-2015-2016/ternana-bari/th3ODRgr/;Trapani - Pescara;https://www.betexplorer.com/soccer/italy/serie-b-2015-2016/trapani-pescara/hS6SCo9l/;Avellino - Brescia;https://www.betexplorer.com/soccer/italy/serie-b-2015-2016/avellino-brescia/Yotcc691/
7. ROUND;Ascoli - Pescara;https://www.betexplorer.com/soccer/italy/serie-b-2015-2016/ascoli-pescara/Qie6oKrb/;Bari - Lanciano;https://www.betexplorer.com/soccer/italy/serie-b-2015-2016/bari-lanciano/E7vSqmu2/;Cagliari - Cesena;https://www.betexplorer.com/soccer/italy/serie-b-2015-2016/cagliari-cesena/2NX98WH2/;Como - Brescia;https://www.betexplorer.com/soccer/italy/serie-b-2015-2016/como-brescia/tEWD7jX8/;Livorno - Avellino;https://www.betexplorer.com/soccer/italy/serie-b-2015-2016/livorno-avellino/OxMI6AnF/;Modena - Latina;https://www.betexplorer.com/soccer/italy/serie-b-2015-2016/modena-latina/xtQM5U1L/;Perugia - Entella;https://www.betexplorer.com/soccer/italy/serie-b-2015-2016/perugia-entella/OxE9pvb4/;Salernitana - Trapani;https://www.betexplorer.com/soccer/italy/serie-b-2015-2016/salernitana-trapani/YBBh08Pr/;Spezia - Ternana;https://www.betexplorer.com/soccer/italy/serie-b-2015-2016/spezia-ternana/0YskaSvk/;L.R. Vicenza - Crotone;https://www.betexplorer.com/soccer/italy/serie-b-2015-2016/vicenza-virtus-crotone/vPtgbnfe/;Pro Vercelli - Novara;https://www.betexplorer.com/soccer/italy/serie-b-2015-2016/pro-vercelli-novara/W2PQ4lHR/
6. ROUND;Trapani - Perugia;https://www.betexplorer.com/soccer/italy/serie-b-2015-2016/trapani-perugia/hhjJo9Ak/;Avellino - L.R. Vicenza;https://www.betexplorer.com/soccer/italy/serie-b-2015-2016/avellino-vicenza-virtus/tf4SegYd/;Brescia - Modena;https://www.betexplorer.com/soccer/italy/serie-b-2015-2016/brescia-modena/fc8WfDm3/;Cesena - Livorno;https://www.betexplorer.com/soccer/italy/serie-b-2015-2016/cesena-livorno/lK7zfX29/;Como - Ascoli;https://www.betexplorer.com/soccer/italy/serie-b-2015-2016/como-ascoli/4x7cmtEo/;Entella - Pro Vercelli;https://www.betexplorer.com/soccer/italy/serie-b-2015-2016/entella-pro-vercelli/rT51n0Ti/;Lanciano - Spezia;https://www.betexplorer.com/soccer/italy/serie-b-2015-2016/lanciano-spezia/zHuOpTPe/;Latina - Bari;https://www.betexplorer.com/soccer/italy/serie-b-2015-2016/latina-bari/pn1qhBXL/;Pescara - Cagliari;https://www.betexplorer.com/soccer/italy/serie-b-2015-2016/pescara-cagliari/Ox0miVnS/;Ternana - Novara;https://www.betexplorer.com/soccer/italy/serie-b-2015-2016/ternana-novara/tInFnkeq/;Crotone - Salernitana;https://www.betexplorer.com/soccer/italy/serie-b-2015-2016/crotone-salernitana/SA6vgiIF/
5. ROUND;Novara - Como;https://www.betexplorer.com/soccer/italy/serie-b-2015-2016/novara-como/80j5vh3M/;Bari - Avellino;https://www.betexplorer.com/soccer/italy/serie-b-2015-2016/bari-avellino/48glrz4c/;Ascoli - Brescia;https://www.betexplorer.com/soccer/italy/serie-b-2015-2016/ascoli-brescia/EDRmTxTT/;Cagliari - Latina;https://www.betexplorer.com/soccer/italy/serie-b-2015-2016/cagliari-latina/MqlgsfJ3/;Livorno - Spezia;https://www.betexplorer.com/soccer/italy/serie-b-2015-2016/livorno-spezia/0zmctEY9/;L.R. Vicenza - Pescara;https://www.betexplorer.com/soccer/italy/serie-b-2015-2016/vicenza-virtus-pescara/vkQqX9ed/;Modena - Lanciano;https://www.betexplorer.com/soccer/italy/serie-b-2015-2016/modena-lanciano/fcn1uYmG/;Perugia - Cesena;https://www.betexplorer.com/soccer/italy/serie-b-2015-2016/perugia-cesena/jPuAwCIS/;Pro Vercelli - Crotone;https://www.betexplorer.com/soccer/italy/serie-b-2015-2016/pro-vercelli-crotone/hYRyZVQq/;Salernitana - Ternana;https://www.betexplorer.com/soccer/italy/serie-b-2015-2016/salernitana-ternana/0bRuYktj/;Trapani - Entella;https://www.betexplorer.com/soccer/italy/serie-b-2015-2016/trapani-entella/GMDFOdyo/
4. ROUND;Avellino - Novara;https://www.betexplorer.com/soccer/italy/serie-b-2015-2016/avellino-novara/jmvAs3Dn/;Brescia - Pro Vercelli;https://www.betexplorer.com/soccer/italy/serie-b-2015-2016/brescia-pro-vercelli/4jrEtNSh/;Cesena - Modena;https://www.betexplorer.com/soccer/italy/serie-b-2015-2016/cesena-modena/nFXIusra/;Como - Trapani;https://www.betexplorer.com/soccer/italy/serie-b-2015-2016/como-trapani/Q5WMv1c5/;Crotone - Bari;https://www.betexplorer.com/soccer/italy/serie-b-2015-2016/crotone-bari/fuyRwLCB/;Entella - Cagliari;https://www.betexplorer.com/soccer/italy/serie-b-2015-2016/entella-cagliari/WlxqUIDN/;Lanciano - L.R. Vicenza;https://www.betexplorer.com/soccer/italy/serie-b-2015-2016/lanciano-vicenza-virtus/QHfpqGli/;Latina - Ascoli;https://www.betexplorer.com/soccer/italy/serie-b-2015-2016/latina-ascoli/IoYvVbbH/;Pescara - Salernitana;https://www.betexplorer.com/soccer/italy/serie-b-2015-2016/pescara-salernitana/YVZUxuSH/;Spezia - Perugia;https://www.betexplorer.com/soccer/italy/serie-b-2015-2016/spezia-perugia/ETmaLCdp/;Ternana - Livorno;https://www.betexplorer.com/soccer/italy/serie-b-2015-2016/ternana-livorno/CE62KWBj/
3. ROUND;Ascoli - Cesena;https://www.betexplorer.com/soccer/italy/serie-b-2015-2016/ascoli-cesena/pYZWWKT4/;Bari - Pescara;https://www.betexplorer.com/soccer/italy/serie-b-2015-2016/bari-pescara/xWQFnLK2/;Cagliari - Avellino;https://www.betexplorer.com/soccer/italy/serie-b-2015-2016/cagliari-avellino/jZUJouz9/;L.R. Vicenza - Como;https://www.betexplorer.com/soccer/italy/serie-b-2015-2016/vicenza-virtus-como/I3HAyeC1/;Novara - Entella;https://www.betexplorer.com/soccer/italy/serie-b-2015-2016/novara-entella/OOYzWvqB/;Perugia - Crotone;https://www.betexplorer.com/soccer/italy/serie-b-2015-2016/perugia-crotone/tONWrwKR/;Pro Vercelli - Latina;https://www.betexplorer.com/soccer/italy/serie-b-2015-2016/pro-vercelli-latina/rX9bvcSr/;Salernitana - Spezia;https://www.betexplorer.com/soccer/italy/serie-b-2015-2016/salernitana-spezia/xf92wHsk/;Trapani - Lanciano;https://www.betexplorer.com/soccer/italy/serie-b-2015-2016/trapani-lanciano/zuS5xyce/;Livorno - Brescia;https://www.betexplorer.com/soccer/italy/serie-b-2015-2016/livorno-brescia/pdUNpakF/;Modena - Ternana;https://www.betexplorer.com/soccer/italy/serie-b-2015-2016/modena-ternana/OnTRqJ4L/
1. ROUND;Ascoli - Entella;https://www.betexplorer.com/soccer/italy/serie-b-2015-2016/ascoli-entella/W8KRZMqn/
2. ROUND;Latina - Trapani;https://www.betexplorer.com/soccer/italy/serie-b-2015-2016/latina-trapani/GIXnqnEA/;Spezia - Pro Vercelli;https://www.betexplorer.com/soccer/italy/serie-b-2015-2016/spezia-pro-vercelli/AJkLQwbq/;Avellino - Modena;https://www.betexplorer.com/soccer/italy/serie-b-2015-2016/avellino-modena/YZilOpxo/;Brescia - Salernitana;https://www.betexplorer.com/soccer/italy/serie-b-2015-2016/brescia-salernitana/nwtWnUEo/;Como - Livorno;https://www.betexplorer.com/soccer/italy/serie-b-2015-2016/como-livorno/QTvznlUi/;Crotone - Novara;https://www.betexplorer.com/soccer/italy/serie-b-2015-2016/crotone-novara/MeYrpSb4/;Entella - Cesena;https://www.betexplorer.com/soccer/italy/serie-b-2015-2016/entella-cesena/4MIZX0Eb/;Lanciano - Ascoli;https://www.betexplorer.com/soccer/italy/serie-b-2015-2016/lanciano-ascoli/QVJVYtah/;L.R. Vicenza - Bari;https://www.betexplorer.com/soccer/italy/serie-b-2015-2016/vicenza-virtus-bari/dzlTOHSe/;Ternana - Cagliari;https://www.betexplorer.com/soccer/italy/serie-b-2015-2016/ternana-cagliari/lAlPPcDk/;Pescara - Perugia;https://www.betexplorer.com/soccer/italy/serie-b-2015-2016/pescara-perugia/ULyir6TG/
1. ROUND;Cagliari - Crotone;https://www.betexplorer.com/soccer/italy/serie-b-2015-2016/cagliari-crotone/j19jF7aU/;Bari - Spezia;https://www.betexplorer.com/soccer/italy/serie-b-2015-2016/bari-spezia/CAAnGmpO/;Livorno - Pescara;https://www.betexplorer.com/soccer/italy/serie-b-2015-2016/livorno-pescara/vDGhZApn/;Modena - L.R. Vicenza;https://www.betexplorer.com/soccer/italy/serie-b-2015-2016/modena-vicenza-virtus/YZFdYUah/;Novara - Latina;https://www.betexplorer.com/soccer/italy/serie-b-2015-2016/novara-latina/nwK0XlFb/;Perugia - Como;https://www.betexplorer.com/soccer/italy/serie-b-2015-2016/perugia-como/8h89VSqB/;Pro Vercelli - Lanciano;https://www.betexplorer.com/soccer/italy/serie-b-2015-2016/pro-vercelli-lanciano/xSCDUnaH/;Salernitana - Avellino;https://www.betexplorer.com/soccer/italy/serie-b-2015-2016/salernitana-avellino/GIBHT6EN/;Trapani - Ternana;https://www.betexplorer.com/soccer/italy/serie-b-2015-2016/trapani-ternana/bs1MSQTT/;Cesena - Brescia;https://www.betexplorer.com/soccer/italy/serie-b-2015-2016/cesena-brescia/0MHlziVu/
FINAL - 2ND LEG;Trapani - Pescara;https://www.betexplorer.com/soccer/italy/serie-b-2015-2016/trapani-pescara/QZHERyRE/
FINAL - 1ST LEG;Pescara - Trapani;https://www.betexplorer.com/soccer/italy/serie-b-2015-2016/pescara-trapani/nqJASHB8/
SEMI-FINALS - 2ND LEG;Pescara - Novara;https://www.betexplorer.com/soccer/italy/serie-b-2015-2016/pescara-novara/vXdqauTB/;Trapani - Spezia;https://www.betexplorer.com/soccer/italy/serie-b-2015-2016/trapani-spezia/2iD9TZc1/
SEMI-FINALS - 1ST LEG;Novara - Pescara;https://www.betexplorer.com/soccer/italy/serie-b-2015-2016/novara-pescara/d87v0LD5/;Spezia - Trapani;https://www.betexplorer.com/soccer/italy/serie-b-2015-2016/spezia-trapani/KSN4UFre/
QUARTER-FINALS;Bari - Novara;https://www.betexplorer.com/soccer/italy/serie-b-2015-2016/bari-novara/I7DCtVZR/;Cesena - Spezia;https://www.betexplorer.com/soccer/italy/serie-b-2015-2016/cesena-spezia/4498sBKL/
FINAL - 2ND LEG;Salernitana - Lanciano;https://www.betexplorer.com/soccer/italy/serie-b-2015-2016/salernitana-lanciano/Ewary9ck/
FINAL - 1ST LEG;Lanciano - Salernitana;https://www.betexplorer.com/soccer/italy/serie-b-2015-2016/lanciano-salernitana/zm0vxkrq/
