46. ROUND;Barnet - Chesterfield;https://www.betexplorer.com/soccer/england/league-two-2017-2018/barnet-chesterfield/prkX1dZT/;Cambridge Utd - Port Vale;https://www.betexplorer.com/soccer/england/league-two-2017-2018/cambridge-utd-port-vale/niyacGso/;Carlisle - Newport Co;https://www.betexplorer.com/soccer/england/league-two-2017-2018/carlisle-newport/ldFsMaKo/;Coventry - Morecambe;https://www.betexplorer.com/soccer/england/league-two-2017-2018/coventry-morecambe/2aJoLJZi/;Crewe - Cheltenham;https://www.betexplorer.com/soccer/england/league-two-2017-2018/crewe-cheltenham/dMIkKwkb/;Exeter - Colchester;https://www.betexplorer.com/soccer/england/league-two-2017-2018/exeter-colchester/zDHgJc44/;Forest Green - Grimsby;https://www.betexplorer.com/soccer/england/league-two-2017-2018/forest-green-grimsby/GOYjIHJA/;Lincoln - Yeovil;https://www.betexplorer.com/soccer/england/league-two-2017-2018/lincoln-city-yeovil/fFXfHyZG/;Mansfield - Crawley;https://www.betexplorer.com/soccer/england/league-two-2017-2018/mansfield-crawley-town/lxXbGelN/;Notts Co - Luton;https://www.betexplorer.com/soccer/england/league-two-2017-2018/notts-county-luton/2uy3FF3T/;Swindon - Accrington;https://www.betexplorer.com/soccer/england/league-two-2017-2018/swindon-accrington/8MDVAZBp/;Wycombe - Stevenage;https://www.betexplorer.com/soccer/england/league-two-2017-2018/wycombe-stevenage/nDCZ9gRj/
41. ROUND;Chesterfield - Newport Co;https://www.betexplorer.com/soccer/england/league-two-2017-2018/chesterfield-newport/Max02KbU/
45. ROUND;Accrington - Lincoln;https://www.betexplorer.com/soccer/england/league-two-2017-2018/accrington-lincoln-city/2aXtiuLB/;Cheltenham - Coventry;https://www.betexplorer.com/soccer/england/league-two-2017-2018/cheltenham-coventry/tjWpjazI/;Chesterfield - Wycombe;https://www.betexplorer.com/soccer/england/league-two-2017-2018/chesterfield-wycombe/OELkkJkO/;Colchester - Swindon;https://www.betexplorer.com/soccer/england/league-two-2017-2018/colchester-swindon/xIPglw5U/;Crawley - Crewe;https://www.betexplorer.com/soccer/england/league-two-2017-2018/crawley-town-crewe/Ew1a9Mzt/;Grimsby - Notts Co;https://www.betexplorer.com/soccer/england/league-two-2017-2018/grimsby-notts-county/hUa38tjn/;Luton - Forest Green;https://www.betexplorer.com/soccer/england/league-two-2017-2018/luton-forest-green/A5f8705h/;Morecambe - Barnet;https://www.betexplorer.com/soccer/england/league-two-2017-2018/morecambe-barnet/ldgC6KKb/;Newport Co - Cambridge Utd;https://www.betexplorer.com/soccer/england/league-two-2017-2018/newport-cambridge-utd/rJhG5vz5/;Port Vale - Carlisle;https://www.betexplorer.com/soccer/england/league-two-2017-2018/port-vale-carlisle/fgdK4bkB/;Stevenage - Exeter;https://www.betexplorer.com/soccer/england/league-two-2017-2018/stevenage-exeter/xIoP3I4H/;Yeovil - Mansfield;https://www.betexplorer.com/soccer/england/league-two-2017-2018/yeovil-mansfield/G8pT2xKN/
41. ROUND;Morecambe - Cambridge Utd;https://www.betexplorer.com/soccer/england/league-two-2017-2018/morecambe-cambridge-utd/t4wdairj/
40. ROUND;Yeovil - Forest Green;https://www.betexplorer.com/soccer/england/league-two-2017-2018/yeovil-forest-green/hfsCChnd/
36. ROUND;Coventry - Lincoln;https://www.betexplorer.com/soccer/england/league-two-2017-2018/coventry-lincoln-city/hf5kjpIR/;Newport Co - Accrington;https://www.betexplorer.com/soccer/england/league-two-2017-2018/newport-accrington/MVAQsMP7/
44. ROUND;Barnet - Newport Co;https://www.betexplorer.com/soccer/england/league-two-2017-2018/barnet-newport/fF5itO6g/;Cambridge Utd - Cheltenham;https://www.betexplorer.com/soccer/england/league-two-2017-2018/cambridge-utd-cheltenham/Y54eurMa/;Carlisle - Luton;https://www.betexplorer.com/soccer/england/league-two-2017-2018/carlisle-luton/GUg0v2y6/;Crewe - Morecambe;https://www.betexplorer.com/soccer/england/league-two-2017-2018/crewe-morecambe/MRd8xt6I/;Exeter - Crawley;https://www.betexplorer.com/soccer/england/league-two-2017-2018/exeter-crawley-town/0IeCy0LO/;Forest Green - Chesterfield;https://www.betexplorer.com/soccer/england/league-two-2017-2018/forest-green-chesterfield/xzue0qbP/;Lincoln - Colchester;https://www.betexplorer.com/soccer/england/league-two-2017-2018/lincoln-city-colchester/vqRMe36t/;Mansfield - Port Vale;https://www.betexplorer.com/soccer/england/league-two-2017-2018/mansfield-port-vale/Y5QQfNLn/;Notts Co - Yeovil;https://www.betexplorer.com/soccer/england/league-two-2017-2018/notts-county-yeovil/n9UUgsyg/;Swindon - Grimsby;https://www.betexplorer.com/soccer/england/league-two-2017-2018/swindon-grimsby/UXJZh1ja/;Wycombe - Accrington;https://www.betexplorer.com/soccer/england/league-two-2017-2018/wycombe-accrington/8OIwhL55/;Coventry - Stevenage;https://www.betexplorer.com/soccer/england/league-two-2017-2018/coventry-stevenage/S4c4wMjC/
42. ROUND;Lincoln - Wycombe;https://www.betexplorer.com/soccer/england/league-two-2017-2018/lincoln-city-wycombe/SWLEWDwS/
39. ROUND;Accrington - Yeovil;https://www.betexplorer.com/soccer/england/league-two-2017-2018/accrington-yeovil/pnPKMHh6/
36. ROUND;Exeter - Chesterfield;https://www.betexplorer.com/soccer/england/league-two-2017-2018/exeter-chesterfield/E57Iqree/
43. ROUND;Accrington - Exeter;https://www.betexplorer.com/soccer/england/league-two-2017-2018/accrington-exeter/lf2qngwF/;Cheltenham - Forest Green;https://www.betexplorer.com/soccer/england/league-two-2017-2018/cheltenham-forest-green/Sp1moDhL/;Chesterfield - Mansfield;https://www.betexplorer.com/soccer/england/league-two-2017-2018/chesterfield-mansfield/A9jhpX7R/;Colchester - Notts Co;https://www.betexplorer.com/soccer/england/league-two-2017-2018/colchester-notts-county/nVsKuiGr/;Crawley - Coventry;https://www.betexplorer.com/soccer/england/league-two-2017-2018/crawley-town-coventry/thsOvBVl/;Grimsby - Barnet;https://www.betexplorer.com/soccer/england/league-two-2017-2018/grimsby-barnet/KrtSwVpe/;Luton - Crewe;https://www.betexplorer.com/soccer/england/league-two-2017-2018/luton-crewe/0fcPxk01/;Morecambe - Carlisle;https://www.betexplorer.com/soccer/england/league-two-2017-2018/morecambe-carlisle/vodTy9F7/;Newport Co - Swindon;https://www.betexplorer.com/soccer/england/league-two-2017-2018/newport-swindon/hlpB0hh8/;Port Vale - Lincoln;https://www.betexplorer.com/soccer/england/league-two-2017-2018/port-vale-lincoln-city/6ilFaC7E/;Stevenage - Cambridge Utd;https://www.betexplorer.com/soccer/england/league-two-2017-2018/stevenage-cambridge-utd/nk2qrpxs/;Yeovil - Wycombe;https://www.betexplorer.com/soccer/england/league-two-2017-2018/yeovil-wycombe/Qu1ms4im/
36. ROUND;Stevenage - Mansfield;https://www.betexplorer.com/soccer/england/league-two-2017-2018/stevenage-mansfield/Ozk96528/;Swindon - Yeovil;https://www.betexplorer.com/soccer/england/league-two-2017-2018/swindon-yeovil/2RmD5PHE/
32. ROUND;Morecambe - Chesterfield;https://www.betexplorer.com/soccer/england/league-two-2017-2018/morecambe-chesterfield/bBEktpwq/
42. ROUND;Barnet - Forest Green;https://www.betexplorer.com/soccer/england/league-two-2017-2018/barnet-forest-green/K0VgyxPd/;Cambridge Utd - Exeter;https://www.betexplorer.com/soccer/england/league-two-2017-2018/cambridge-utd-exeter/biUczdv3/;Cheltenham - Morecambe;https://www.betexplorer.com/soccer/england/league-two-2017-2018/cheltenham-morecambe/tGJ2ZFg9/;Colchester - Accrington;https://www.betexplorer.com/soccer/england/league-two-2017-2018/colchester-accrington/fJN6YZ8F/;Grimsby - Chesterfield;https://www.betexplorer.com/soccer/england/league-two-2017-2018/grimsby-chesterfield/ltNAXgOL/;Mansfield - Crewe;https://www.betexplorer.com/soccer/england/league-two-2017-2018/mansfield-crewe/8Q3sSXoq/;Newport Co - Stevenage;https://www.betexplorer.com/soccer/england/league-two-2017-2018/newport-stevenage/nH2oRi1k/;Notts Co - Coventry;https://www.betexplorer.com/soccer/england/league-two-2017-2018/notts-county-coventry/tv2kQBGe/;Port Vale - Crawley;https://www.betexplorer.com/soccer/england/league-two-2017-2018/port-vale-crawley-town/vPKhPVV1/;Swindon - Carlisle;https://www.betexplorer.com/soccer/england/league-two-2017-2018/swindon-carlisle/tUbylF82/;Yeovil - Luton;https://www.betexplorer.com/soccer/england/league-two-2017-2018/yeovil-luton/KKcumZN8/
41. ROUND;Accrington - Notts Co;https://www.betexplorer.com/soccer/england/league-two-2017-2018/accrington-notts-county/hKpq62a5/;Carlisle - Lincoln;https://www.betexplorer.com/soccer/england/league-two-2017-2018/carlisle-lincoln-city/EZYi4tUH/;Coventry - Yeovil;https://www.betexplorer.com/soccer/england/league-two-2017-2018/coventry-yeovil/0Q7AMNqn/;Crawley - Swindon;https://www.betexplorer.com/soccer/england/league-two-2017-2018/crawley-town-swindon/fm7ELsah/;Crewe - Port Vale;https://www.betexplorer.com/soccer/england/league-two-2017-2018/crewe-port-vale/Yw6IK1Eb/;Exeter - Cheltenham;https://www.betexplorer.com/soccer/england/league-two-2017-2018/exeter-cheltenham/EkNFJLT4/;Forest Green - Colchester;https://www.betexplorer.com/soccer/england/league-two-2017-2018/forest-green-colchester/htMJIuqB/;Luton - Mansfield;https://www.betexplorer.com/soccer/england/league-two-2017-2018/luton-mansfield/n3LNHabH/;Stevenage - Barnet;https://www.betexplorer.com/soccer/england/league-two-2017-2018/stevenage-barnet/8AVsNfzc/;Wycombe - Grimsby;https://www.betexplorer.com/soccer/england/league-two-2017-2018/wycombe-grimsby/UPJjLY49/
40. ROUND;Barnet - Crewe;https://www.betexplorer.com/soccer/england/league-two-2017-2018/barnet-crewe/xIsSGnMp/;Cambridge Utd - Crawley;https://www.betexplorer.com/soccer/england/league-two-2017-2018/cambridge-utd-crawley-town/G8tWF6yi/;Cheltenham - Carlisle;https://www.betexplorer.com/soccer/england/league-two-2017-2018/cheltenham-carlisle/Kt7CObui/;Colchester - Luton;https://www.betexplorer.com/soccer/england/league-two-2017-2018/colchester-luton/WGAGNIfc/;Grimsby - Stevenage;https://www.betexplorer.com/soccer/england/league-two-2017-2018/grimsby-stevenage/QwAKMxA3/;Lincoln - Exeter;https://www.betexplorer.com/soccer/england/league-two-2017-2018/lincoln-city-exeter/4U8OLdP9/;Mansfield - Accrington;https://www.betexplorer.com/soccer/england/league-two-2017-2018/mansfield-accrington/M53TKGvG/;Newport Co - Coventry;https://www.betexplorer.com/soccer/england/league-two-2017-2018/newport-coventry/0d2XJzfM/;Notts Co - Wycombe;https://www.betexplorer.com/soccer/england/league-two-2017-2018/notts-county-wycombe/fJ1yJf9S/;Port Vale - Chesterfield;https://www.betexplorer.com/soccer/england/league-two-2017-2018/port-vale-chesterfield/Wvg3EEHq/;Swindon - Morecambe;https://www.betexplorer.com/soccer/england/league-two-2017-2018/swindon-morecambe/E3r8DYWk/
39. ROUND;Chesterfield - Notts Co;https://www.betexplorer.com/soccer/england/league-two-2017-2018/chesterfield-notts-county/61DTKeNI/;Carlisle - Cambridge Utd;https://www.betexplorer.com/soccer/england/league-two-2017-2018/carlisle-cambridge-utd/OxOOLy8C/;Coventry - Grimsby;https://www.betexplorer.com/soccer/england/league-two-2017-2018/coventry-grimsby/Iwtc3Tio/;Crawley - Cheltenham;https://www.betexplorer.com/soccer/england/league-two-2017-2018/crawley-town-cheltenham/WtUvSCUo/;Exeter - Swindon;https://www.betexplorer.com/soccer/england/league-two-2017-2018/exeter-swindon/xfauQjab/;Forest Green - Mansfield;https://www.betexplorer.com/soccer/england/league-two-2017-2018/forest-green-mansfield/GpbqPAE4/;Luton - Barnet;https://www.betexplorer.com/soccer/england/league-two-2017-2018/luton-barnet/A7cmOUTA/;Morecambe - Lincoln;https://www.betexplorer.com/soccer/england/league-two-2017-2018/morecambe-lincoln-city/OA1iNlqH/;Newport Co - Crewe;https://www.betexplorer.com/soccer/england/league-two-2017-2018/newport-crewe/AXSrRWqh/;Stevenage - Colchester;https://www.betexplorer.com/soccer/england/league-two-2017-2018/stevenage-colchester/6ZjdM8bN/;Wycombe - Port Vale;https://www.betexplorer.com/soccer/england/league-two-2017-2018/wycombe-port-vale/pQk0LSDT/
36. ROUND;Crawley - Wycombe;https://www.betexplorer.com/soccer/england/league-two-2017-2018/crawley-town-wycombe/f3iHo4Qr/;Crewe - Forest Green;https://www.betexplorer.com/soccer/england/league-two-2017-2018/crewe-forest-green/zF8EpOuk/;Morecambe - Colchester;https://www.betexplorer.com/soccer/england/league-two-2017-2018/morecambe-colchester/8S6Mr2A1/
33. ROUND;Port Vale - Exeter;https://www.betexplorer.com/soccer/england/league-two-2017-2018/port-vale-exeter/OEDyh2gh/
38. ROUND;Accrington - Forest Green;https://www.betexplorer.com/soccer/england/league-two-2017-2018/accrington-forest-green/237UB0vl/;Barnet - Wycombe;https://www.betexplorer.com/soccer/england/league-two-2017-2018/barnet-wycombe/tf6YAKgf/;Cambridge Utd - Swindon;https://www.betexplorer.com/soccer/england/league-two-2017-2018/cambridge-utd-swindon/OIewAv90/;Carlisle - Crawley;https://www.betexplorer.com/soccer/england/league-two-2017-2018/carlisle-crawley-town/xMas9bO6/;Cheltenham - Chesterfield;https://www.betexplorer.com/soccer/england/league-two-2017-2018/cheltenham-chesterfield/Wrao8IwD/;Colchester - Yeovil;https://www.betexplorer.com/soccer/england/league-two-2017-2018/colchester-yeovil/AZck7xgJ/;Crewe - Coventry;https://www.betexplorer.com/soccer/england/league-two-2017-2018/crewe-coventry/nisYVLVJ/;Lincoln - Grimsby;https://www.betexplorer.com/soccer/england/league-two-2017-2018/lincoln-city-grimsby/QstxVuoQ/;Morecambe - Exeter;https://www.betexplorer.com/soccer/england/league-two-2017-2018/morecambe-exeter/rNS3Qags/;Newport Co - Luton;https://www.betexplorer.com/soccer/england/league-two-2017-2018/newport-luton/fcW7PJ8m/;Notts Co - Mansfield;https://www.betexplorer.com/soccer/england/league-two-2017-2018/notts-county-mansfield/xMLCOwOg/;Port Vale - Stevenage;https://www.betexplorer.com/soccer/england/league-two-2017-2018/port-vale-stevenage/GCKGNcw0/
36. ROUND;Barnet - Port Vale;https://www.betexplorer.com/soccer/england/league-two-2017-2018/barnet-port-vale/OEDYgSI2/
34. ROUND;Coventry - Luton;https://www.betexplorer.com/soccer/england/league-two-2017-2018/coventry-luton/4jpXaHiT/
30. ROUND;Exeter - Yeovil;https://www.betexplorer.com/soccer/england/league-two-2017-2018/exeter-yeovil/IHbXusr7/
37. ROUND;Chesterfield - Lincoln;https://www.betexplorer.com/soccer/england/league-two-2017-2018/chesterfield-lincoln-city/W0hH4qXK/;Coventry - Barnet;https://www.betexplorer.com/soccer/england/league-two-2017-2018/coventry-barnet/AiiL33nR/;Crawley - Morecambe;https://www.betexplorer.com/soccer/england/league-two-2017-2018/crawley-town-morecambe/GYTmaNfr/;Exeter - Carlisle;https://www.betexplorer.com/soccer/england/league-two-2017-2018/exeter-carlisle/EJnibsAl/;Forest Green - Notts Co;https://www.betexplorer.com/soccer/england/league-two-2017-2018/forest-green-notts-county/8tnec1Pf/;Grimsby - Port Vale;https://www.betexplorer.com/soccer/england/league-two-2017-2018/grimsby-port-vale/nXpadLv1/;Luton - Accrington;https://www.betexplorer.com/soccer/england/league-two-2017-2018/luton-accrington/48u4euf7/;Mansfield - Colchester;https://www.betexplorer.com/soccer/england/league-two-2017-2018/mansfield-colchester/rav8fa9D/;Stevenage - Crewe;https://www.betexplorer.com/soccer/england/league-two-2017-2018/stevenage-crewe/d2SkJrnE/;Swindon - Cheltenham;https://www.betexplorer.com/soccer/england/league-two-2017-2018/swindon-cheltenham/A5WgI21K/;Wycombe - Cambridge Utd;https://www.betexplorer.com/soccer/england/league-two-2017-2018/wycombe-cambridge-utd/hULbHMGQ/;Yeovil - Newport Co;https://www.betexplorer.com/soccer/england/league-two-2017-2018/yeovil-newport/fw8QCtPs/
36. ROUND;Cheltenham - Notts Co;https://www.betexplorer.com/soccer/england/league-two-2017-2018/cheltenham-notts-county/bX5oiQ2L/
32. ROUND;Newport Co - Forest Green;https://www.betexplorer.com/soccer/england/league-two-2017-2018/newport-forest-green/IDUjvO7e/
27. ROUND;Mansfield - Lincoln;https://www.betexplorer.com/soccer/england/league-two-2017-2018/mansfield-lincoln-city/ILYK021q/
26. ROUND;Accrington - Morecambe;https://www.betexplorer.com/soccer/england/league-two-2017-2018/accrington-morecambe/dYOKA2tS/
36. ROUND;Cambridge Utd - Luton;https://www.betexplorer.com/soccer/england/league-two-2017-2018/cambridge-utd-luton/25CxgnY8/;Carlisle - Grimsby;https://www.betexplorer.com/soccer/england/league-two-2017-2018/carlisle-grimsby/pU1sh6mF/
30. ROUND;Wycombe - Coventry;https://www.betexplorer.com/soccer/england/league-two-2017-2018/wycombe-coventry/Cz45FsZP/
35. ROUND;Accrington - Cambridge Utd;https://www.betexplorer.com/soccer/england/league-two-2017-2018/accrington-cambridge-utd/jN88Bmjr/;Chesterfield - Swindon;https://www.betexplorer.com/soccer/england/league-two-2017-2018/chesterfield-swindon/Qu1L8oz1/;Colchester - Barnet;https://www.betexplorer.com/soccer/england/league-two-2017-2018/colchester-barnet/Wx4T6P4D/;Forest Green - Crawley;https://www.betexplorer.com/soccer/england/league-two-2017-2018/forest-green-crawley-town/CYtGUSdK/;Grimsby - Exeter;https://www.betexplorer.com/soccer/england/league-two-2017-2018/grimsby-exeter/rHXoP6Ks/;Lincoln - Crewe;https://www.betexplorer.com/soccer/england/league-two-2017-2018/lincoln-city-crewe/vqRfNpkf/;Luton - Cheltenham;https://www.betexplorer.com/soccer/england/league-two-2017-2018/luton-cheltenham/vJeaKrZC/;Mansfield - Coventry;https://www.betexplorer.com/soccer/england/league-two-2017-2018/mansfield-coventry/WCrornRJ/;Notts Co - Stevenage;https://www.betexplorer.com/soccer/england/league-two-2017-2018/notts-county-stevenage/jcPHxQls/;Port Vale - Newport Co;https://www.betexplorer.com/soccer/england/league-two-2017-2018/port-vale-newport/bNSPz4Jg/;Wycombe - Morecambe;https://www.betexplorer.com/soccer/england/league-two-2017-2018/wycombe-morecambe/KxHYYsl6/;Yeovil - Carlisle;https://www.betexplorer.com/soccer/england/league-two-2017-2018/yeovil-carlisle/QZJtXLII/
30. ROUND;Cambridge Utd - Notts Co;https://www.betexplorer.com/soccer/england/league-two-2017-2018/cambridge-utd-notts-county/2RVoUqqe/
27. ROUND;Barnet - Carlisle;https://www.betexplorer.com/soccer/england/league-two-2017-2018/barnet-carlisle/CKT6gofG/;Crewe - Exeter;https://www.betexplorer.com/soccer/england/league-two-2017-2018/crewe-exeter/KQjY96vc/
34. ROUND;Barnet - Accrington;https://www.betexplorer.com/soccer/england/league-two-2017-2018/barnet-accrington/ngb1nbNT/;Cambridge Utd - Grimsby;https://www.betexplorer.com/soccer/england/league-two-2017-2018/cambridge-utd-grimsby/xIwB618o/;Carlisle - Chesterfield;https://www.betexplorer.com/soccer/england/league-two-2017-2018/carlisle-chesterfield/dKgC4uwb/;Cheltenham - Wycombe;https://www.betexplorer.com/soccer/england/league-two-2017-2018/cheltenham-wycombe/UXiK2J7A/;Crawley - Lincoln;https://www.betexplorer.com/soccer/england/league-two-2017-2018/crawley-town-lincoln-city/zZz3feFj/;Crewe - Colchester;https://www.betexplorer.com/soccer/england/league-two-2017-2018/crewe-colchester/zPXlIb7c/;Exeter - Mansfield;https://www.betexplorer.com/soccer/england/league-two-2017-2018/exeter-mansfield/8xWdGxxA/;Morecambe - Forest Green;https://www.betexplorer.com/soccer/england/league-two-2017-2018/morecambe-forest-green/2wlVcULr/;Newport Co - Notts Co;https://www.betexplorer.com/soccer/england/league-two-2017-2018/newport-notts-county/hStreS51/;Stevenage - Yeovil;https://www.betexplorer.com/soccer/england/league-two-2017-2018/stevenage-yeovil/bPTTIVc8/;Swindon - Port Vale;https://www.betexplorer.com/soccer/england/league-two-2017-2018/swindon-port-vale/KvIxH9SK/
33. ROUND;Accrington - Crewe;https://www.betexplorer.com/soccer/england/league-two-2017-2018/accrington-crewe/E1PGR5um/;Chesterfield - Cambridge Utd;https://www.betexplorer.com/soccer/england/league-two-2017-2018/chesterfield-cambridge-utd/2NHTO3P5/;Colchester - Coventry;https://www.betexplorer.com/soccer/england/league-two-2017-2018/colchester-coventry/bkBxNsfI/;Forest Green - Stevenage;https://www.betexplorer.com/soccer/england/league-two-2017-2018/forest-green-stevenage/jqbOponP/;Lincoln - Cheltenham;https://www.betexplorer.com/soccer/england/league-two-2017-2018/lincoln-city-cheltenham/reh2w3va/;Luton - Crawley;https://www.betexplorer.com/soccer/england/league-two-2017-2018/luton-crawley-town/4AtBys9B/;Mansfield - Newport Co;https://www.betexplorer.com/soccer/england/league-two-2017-2018/mansfield-newport/CzpJZKwO/;Notts Co - Carlisle;https://www.betexplorer.com/soccer/england/league-two-2017-2018/notts-county-carlisle/j1FTgOOu/;Wycombe - Swindon;https://www.betexplorer.com/soccer/england/league-two-2017-2018/wycombe-swindon/ID6pjtO4/;Yeovil - Barnet;https://www.betexplorer.com/soccer/england/league-two-2017-2018/yeovil-barnet/QwAhlKhH/
32. ROUND;Barnet - Notts Co;https://www.betexplorer.com/soccer/england/league-two-2017-2018/barnet-notts-county/vmFwERgj/;Carlisle - Colchester;https://www.betexplorer.com/soccer/england/league-two-2017-2018/carlisle-colchester/S8eYZ8G9/;Cheltenham - Port Vale;https://www.betexplorer.com/soccer/england/league-two-2017-2018/cheltenham-port-vale/OzksYnoM/;Coventry - Accrington;https://www.betexplorer.com/soccer/england/league-two-2017-2018/coventry-accrington/K6zDSQ8q/;Crawley - Grimsby;https://www.betexplorer.com/soccer/england/league-two-2017-2018/crawley-town-grimsby/0GrLQ4wd/;Crewe - Yeovil;https://www.betexplorer.com/soccer/england/league-two-2017-2018/crewe-yeovil/SMz7l8V2/;Exeter - Wycombe;https://www.betexplorer.com/soccer/england/league-two-2017-2018/exeter-wycombe/lxPFnn0F/;Stevenage - Luton;https://www.betexplorer.com/soccer/england/league-two-2017-2018/stevenage-luton/QwYbx2x8/;Swindon - Mansfield;https://www.betexplorer.com/soccer/england/league-two-2017-2018/swindon-mansfield/82cqpEeE/;Cambridge Utd - Lincoln;https://www.betexplorer.com/soccer/england/league-two-2017-2018/cambridge-utd-lincoln-city/KrhQyVoc/
21. ROUND;Accrington - Swindon;https://www.betexplorer.com/soccer/england/league-two-2017-2018/accrington-swindon/OrZSHoJi/
31. ROUND;Accrington - Stevenage;https://www.betexplorer.com/soccer/england/league-two-2017-2018/accrington-stevenage/d8uxALdm/;Chesterfield - Crawley;https://www.betexplorer.com/soccer/england/league-two-2017-2018/chesterfield-crawley-town/4Yrp8aRa/;Colchester - Newport Co;https://www.betexplorer.com/soccer/england/league-two-2017-2018/colchester-newport/00xg6wdC/;Forest Green - Coventry;https://www.betexplorer.com/soccer/england/league-two-2017-2018/forest-green-coventry/WnaQmVuo/;Grimsby - Cheltenham;https://www.betexplorer.com/soccer/england/league-two-2017-2018/grimsby-cheltenham/dtJ4BYXi/;Lincoln - Swindon;https://www.betexplorer.com/soccer/england/league-two-2017-2018/lincoln-city-swindon/46MC9C24/;Luton - Exeter;https://www.betexplorer.com/soccer/england/league-two-2017-2018/luton-exeter/QLAL7jXG/;Mansfield - Barnet;https://www.betexplorer.com/soccer/england/league-two-2017-2018/mansfield-barnet/YoET5U1T/;Notts Co - Crewe;https://www.betexplorer.com/soccer/england/league-two-2017-2018/notts-county-crewe/j3f008Pj/;Port Vale - Morecambe;https://www.betexplorer.com/soccer/england/league-two-2017-2018/port-vale-morecambe/0YyiNVW3/;Wycombe - Carlisle;https://www.betexplorer.com/soccer/england/league-two-2017-2018/wycombe-carlisle/YozaL91G/;Yeovil - Cambridge Utd;https://www.betexplorer.com/soccer/england/league-two-2017-2018/yeovil-cambridge-utd/UDT7JmWS/
24. ROUND;Exeter - Forest Green;https://www.betexplorer.com/soccer/england/league-two-2017-2018/exeter-forest-green/Aaag4s7r/
30. ROUND;Lincoln - Newport Co;https://www.betexplorer.com/soccer/england/league-two-2017-2018/lincoln-city-newport/KtuS1O4Q/
27. ROUND;Coventry - Cambridge Utd;https://www.betexplorer.com/soccer/england/league-two-2017-2018/coventry-cambridge-utd/vVDon3nj/;Luton - Wycombe;https://www.betexplorer.com/soccer/england/league-two-2017-2018/luton-wycombe/Mkmk6OwM/;Stevenage - Swindon;https://www.betexplorer.com/soccer/england/league-two-2017-2018/stevenage-swindon/t03OKNhF/;Yeovil - Grimsby;https://www.betexplorer.com/soccer/england/league-two-2017-2018/yeovil-grimsby/naVe2Fxl/
30. ROUND;Carlisle - Forest Green;https://www.betexplorer.com/soccer/england/league-two-2017-2018/carlisle-forest-green/OtKfSND7/;Cheltenham - Barnet;https://www.betexplorer.com/soccer/england/league-two-2017-2018/cheltenham-barnet/jmCtjR5E/;Chesterfield - Stevenage;https://www.betexplorer.com/soccer/england/league-two-2017-2018/chesterfield-stevenage/WdKll5zR/;Crawley - Accrington;https://www.betexplorer.com/soccer/england/league-two-2017-2018/crawley-town-accrington/SS5Krqbl/;Grimsby - Luton;https://www.betexplorer.com/soccer/england/league-two-2017-2018/grimsby-luton/YPtK3pzE/;Morecambe - Mansfield;https://www.betexplorer.com/soccer/england/league-two-2017-2018/morecambe-mansfield/4EGbd2Sm/;Port Vale - Colchester;https://www.betexplorer.com/soccer/england/league-two-2017-2018/port-vale-colchester/jVIAg0C6/;Swindon - Crewe;https://www.betexplorer.com/soccer/england/league-two-2017-2018/swindon-crewe/ncCJivsJ/
27. ROUND;Newport Co - Morecambe;https://www.betexplorer.com/soccer/england/league-two-2017-2018/newport-morecambe/EmSTbtWe/;Notts Co - Crawley;https://www.betexplorer.com/soccer/england/league-two-2017-2018/notts-county-crawley-town/KpFFMqO2/
29. ROUND;Accrington - Port Vale;https://www.betexplorer.com/soccer/england/league-two-2017-2018/accrington-port-vale/zJdpQwnh/;Barnet - Lincoln;https://www.betexplorer.com/soccer/england/league-two-2017-2018/barnet-lincoln-city/WpjgOHG4/;Colchester - Grimsby;https://www.betexplorer.com/soccer/england/league-two-2017-2018/colchester-grimsby/4C30MeoH/;Coventry - Swindon;https://www.betexplorer.com/soccer/england/league-two-2017-2018/coventry-swindon/QRi9KZFT/;Crewe - Wycombe;https://www.betexplorer.com/soccer/england/league-two-2017-2018/crewe-wycombe/GjXIvw1o/;Forest Green - Cambridge Utd;https://www.betexplorer.com/soccer/england/league-two-2017-2018/forest-green-cambridge-utd/CIQRxHVc/;Luton - Morecambe;https://www.betexplorer.com/soccer/england/league-two-2017-2018/luton-morecambe/pWOZze0A/;Mansfield - Cheltenham;https://www.betexplorer.com/soccer/england/league-two-2017-2018/mansfield-cheltenham/x4t8Inpq/;Notts Co - Exeter;https://www.betexplorer.com/soccer/england/league-two-2017-2018/notts-county-exeter/vTQ6wlM8/;Stevenage - Carlisle;https://www.betexplorer.com/soccer/england/league-two-2017-2018/stevenage-carlisle/CtPEySjL/;Yeovil - Chesterfield;https://www.betexplorer.com/soccer/england/league-two-2017-2018/yeovil-chesterfield/f1SwW5Er/;Newport Co - Crawley;https://www.betexplorer.com/soccer/england/league-two-2017-2018/newport-crawley-town/pUqGGQEe/
28. ROUND;Cambridge Utd - Mansfield;https://www.betexplorer.com/soccer/england/league-two-2017-2018/cambridge-utd-mansfield/rRO40g70/;Carlisle - Crewe;https://www.betexplorer.com/soccer/england/league-two-2017-2018/carlisle-crewe/GvNCbXyD/;Cheltenham - Accrington;https://www.betexplorer.com/soccer/england/league-two-2017-2018/cheltenham-accrington/GUJbMzUJ/;Chesterfield - Luton;https://www.betexplorer.com/soccer/england/league-two-2017-2018/chesterfield-luton/nDAUGEis/;Crawley - Barnet;https://www.betexplorer.com/soccer/england/league-two-2017-2018/crawley-town-barnet/8SbwFhMg/;Exeter - Coventry;https://www.betexplorer.com/soccer/england/league-two-2017-2018/exeter-coventry/fq1kCj6C/;Grimsby - Newport Co;https://www.betexplorer.com/soccer/england/league-two-2017-2018/grimsby-newport/EoHjAUzP/;Lincoln - Notts Co;https://www.betexplorer.com/soccer/england/league-two-2017-2018/lincoln-city-notts-county/4Ad0UXLt/;Morecambe - Stevenage;https://www.betexplorer.com/soccer/england/league-two-2017-2018/morecambe-stevenage/QPp9SBjg/;Port Vale - Yeovil;https://www.betexplorer.com/soccer/england/league-two-2017-2018/port-vale-yeovil/YklHQkL5/;Swindon - Forest Green;https://www.betexplorer.com/soccer/england/league-two-2017-2018/swindon-forest-green/SlsQOTkI/;Wycombe - Colchester;https://www.betexplorer.com/soccer/england/league-two-2017-2018/wycombe-colchester/02uYM7KU/
33. ROUND;Grimsby - Morecambe;https://www.betexplorer.com/soccer/england/league-two-2017-2018/grimsby-morecambe/ATveuP9n/
27. ROUND;Accrington - Chesterfield;https://www.betexplorer.com/soccer/england/league-two-2017-2018/accrington-chesterfield/Cpa2dmAc/;Colchester - Cheltenham;https://www.betexplorer.com/soccer/england/league-two-2017-2018/colchester-cheltenham/8nNFiPOS/;Forest Green - Port Vale;https://www.betexplorer.com/soccer/england/league-two-2017-2018/forest-green-port-vale/QNgt8p99/
26. ROUND;Barnet - Swindon;https://www.betexplorer.com/soccer/england/league-two-2017-2018/barnet-swindon/EDBn6Mlq/;Colchester - Cambridge Utd;https://www.betexplorer.com/soccer/england/league-two-2017-2018/colchester-cambridge-utd/Au5e40Je/;Coventry - Chesterfield;https://www.betexplorer.com/soccer/england/league-two-2017-2018/coventry-chesterfield/2m7tS3B2/;Crewe - Grimsby;https://www.betexplorer.com/soccer/england/league-two-2017-2018/crewe-grimsby/O2ekQstF/;Forest Green - Wycombe;https://www.betexplorer.com/soccer/england/league-two-2017-2018/forest-green-wycombe/x6agP1eL/;Luton - Lincoln;https://www.betexplorer.com/soccer/england/league-two-2017-2018/luton-lincoln-city/YyoPJuJr/;Mansfield - Carlisle;https://www.betexplorer.com/soccer/england/league-two-2017-2018/mansfield-carlisle/U3vYHJme/;Newport Co - Exeter;https://www.betexplorer.com/soccer/england/league-two-2017-2018/newport-exeter/z1stGcI7/;Notts Co - Port Vale;https://www.betexplorer.com/soccer/england/league-two-2017-2018/notts-county-port-vale/GdKSw1AE/;Stevenage - Cheltenham;https://www.betexplorer.com/soccer/england/league-two-2017-2018/stevenage-cheltenham/OMNzxuuR/;Yeovil - Crawley;https://www.betexplorer.com/soccer/england/league-two-2017-2018/yeovil-crawley-town/U303Xbmr/
25. ROUND;Cambridge Utd - Crewe;https://www.betexplorer.com/soccer/england/league-two-2017-2018/cambridge-utd-crewe/4vKWztrK/;Carlisle - Coventry;https://www.betexplorer.com/soccer/england/league-two-2017-2018/carlisle-coventry/zNA2VJ5s/;Cheltenham - Newport Co;https://www.betexplorer.com/soccer/england/league-two-2017-2018/cheltenham-newport/Io07UwLm/;Chesterfield - Colchester;https://www.betexplorer.com/soccer/england/league-two-2017-2018/chesterfield-colchester/lpHIRy56/;Crawley - Stevenage;https://www.betexplorer.com/soccer/england/league-two-2017-2018/crawley-town-stevenage/pCARPFZI/;Exeter - Barnet;https://www.betexplorer.com/soccer/england/league-two-2017-2018/exeter-barnet/AiRxXWtn/;Grimsby - Accrington;https://www.betexplorer.com/soccer/england/league-two-2017-2018/grimsby-accrington/W6FoVABb/;Lincoln - Forest Green;https://www.betexplorer.com/soccer/england/league-two-2017-2018/lincoln-city-forest-green/INDgTltB/;Port Vale - Luton;https://www.betexplorer.com/soccer/england/league-two-2017-2018/port-vale-luton/nwxHpjBo/;Swindon - Notts Co;https://www.betexplorer.com/soccer/england/league-two-2017-2018/swindon-notts-county/KjzPrUub/;Wycombe - Mansfield;https://www.betexplorer.com/soccer/england/league-two-2017-2018/wycombe-mansfield/EkTXt8AA/;Morecambe - Yeovil;https://www.betexplorer.com/soccer/england/league-two-2017-2018/morecambe-yeovil/8C66QnQT/
24. ROUND;Cambridge Utd - Barnet;https://www.betexplorer.com/soccer/england/league-two-2017-2018/cambridge-utd-barnet/rR0jBe3S/;Carlisle - Accrington;https://www.betexplorer.com/soccer/england/league-two-2017-2018/carlisle-accrington/SbxN5ZQk/;Cheltenham - Yeovil;https://www.betexplorer.com/soccer/england/league-two-2017-2018/cheltenham-yeovil/0QkU3De2/;Chesterfield - Crewe;https://www.betexplorer.com/soccer/england/league-two-2017-2018/chesterfield-crewe/I1KEBPE8/;Crawley - Colchester;https://www.betexplorer.com/soccer/england/league-two-2017-2018/crawley-town-colchester/jFIM93qL/;Grimsby - Mansfield;https://www.betexplorer.com/soccer/england/league-two-2017-2018/grimsby-mansfield/bLi61ui1/;Lincoln - Stevenage;https://www.betexplorer.com/soccer/england/league-two-2017-2018/lincoln-city-stevenage/QRqhPrq8/;Morecambe - Notts Co;https://www.betexplorer.com/soccer/england/league-two-2017-2018/morecambe-notts-county/nsY0NMDK/;Port Vale - Coventry;https://www.betexplorer.com/soccer/england/league-two-2017-2018/port-vale-coventry/IPOWH0yr/;Swindon - Luton;https://www.betexplorer.com/soccer/england/league-two-2017-2018/swindon-luton/xSvYFv6f/;Wycombe - Newport Co;https://www.betexplorer.com/soccer/england/league-two-2017-2018/wycombe-newport/AuwtEIz7/
23. ROUND;Accrington - Crawley;https://www.betexplorer.com/soccer/england/league-two-2017-2018/accrington-crawley-town/dxNl7k6P/;Barnet - Cheltenham;https://www.betexplorer.com/soccer/england/league-two-2017-2018/barnet-cheltenham/04IK1TTn/;Colchester - Port Vale;https://www.betexplorer.com/soccer/england/league-two-2017-2018/colchester-port-vale/8ULSa7ba/;Crewe - Swindon;https://www.betexplorer.com/soccer/england/league-two-2017-2018/crewe-swindon/G0CmeqDU/;Forest Green - Carlisle;https://www.betexplorer.com/soccer/england/league-two-2017-2018/forest-green-carlisle/I14jFnbn/;Luton - Grimsby;https://www.betexplorer.com/soccer/england/league-two-2017-2018/luton-grimsby/QR7bDQSb/;Mansfield - Morecambe;https://www.betexplorer.com/soccer/england/league-two-2017-2018/mansfield-morecambe/nsd7B4cB/;Newport Co - Lincoln;https://www.betexplorer.com/soccer/england/league-two-2017-2018/newport-lincoln-city/htOvgdsp/;Notts Co - Cambridge Utd;https://www.betexplorer.com/soccer/england/league-two-2017-2018/notts-county-cambridge-utd/nuHmizCd/;Stevenage - Chesterfield;https://www.betexplorer.com/soccer/england/league-two-2017-2018/stevenage-chesterfield/vZ3ZEw43/;Yeovil - Exeter;https://www.betexplorer.com/soccer/england/league-two-2017-2018/yeovil-exeter/z1crDHYF/;Coventry - Wycombe;https://www.betexplorer.com/soccer/england/league-two-2017-2018/coventry-wycombe/UqAyboTB/
22. ROUND;Barnet - Morecambe;https://www.betexplorer.com/soccer/england/league-two-2017-2018/barnet-morecambe/WA3ULiGf/;Cambridge Utd - Newport Co;https://www.betexplorer.com/soccer/england/league-two-2017-2018/cambridge-utd-newport/SxcwKVp7/;Carlisle - Port Vale;https://www.betexplorer.com/soccer/england/league-two-2017-2018/carlisle-port-vale/fqkPsZxE/;Coventry - Cheltenham;https://www.betexplorer.com/soccer/england/league-two-2017-2018/coventry-cheltenham/GbwYuD7Q/;Crewe - Crawley;https://www.betexplorer.com/soccer/england/league-two-2017-2018/crewe-crawley-town/pET3ziVm/;Exeter - Stevenage;https://www.betexplorer.com/soccer/england/league-two-2017-2018/exeter-stevenage/ttNCYUa0/;Forest Green - Luton;https://www.betexplorer.com/soccer/england/league-two-2017-2018/forest-green-luton/EgLKW8UC/;Lincoln - Accrington;https://www.betexplorer.com/soccer/england/league-two-2017-2018/lincoln-city-accrington/U137fCMJ/;Mansfield - Yeovil;https://www.betexplorer.com/soccer/england/league-two-2017-2018/mansfield-yeovil/vykwkjps/;Notts Co - Grimsby;https://www.betexplorer.com/soccer/england/league-two-2017-2018/notts-county-grimsby/0jwnmUEg/;Wycombe - Chesterfield;https://www.betexplorer.com/soccer/england/league-two-2017-2018/wycombe-chesterfield/4rz3qnEI/;Swindon - Colchester;https://www.betexplorer.com/soccer/england/league-two-2017-2018/swindon-colchester/8Gtfo8q6/
21. ROUND;Cheltenham - Crewe;https://www.betexplorer.com/soccer/england/league-two-2017-2018/cheltenham-crewe/W8xyGPm4/;Chesterfield - Barnet;https://www.betexplorer.com/soccer/england/league-two-2017-2018/chesterfield-barnet/hOQqE3IG/;Colchester - Exeter;https://www.betexplorer.com/soccer/england/league-two-2017-2018/colchester-exeter/vuPiCsmT/;Crawley - Mansfield;https://www.betexplorer.com/soccer/england/league-two-2017-2018/crawley-town-mansfield/bP5O6LAj/;Grimsby - Forest Green;https://www.betexplorer.com/soccer/england/league-two-2017-2018/grimsby-forest-green/jJhAUO2c/;Luton - Notts Co;https://www.betexplorer.com/soccer/england/league-two-2017-2018/luton-notts-county/nonJS2X9/;Morecambe - Coventry;https://www.betexplorer.com/soccer/england/league-two-2017-2018/morecambe-coventry/hrkRQt2M/;Newport Co - Carlisle;https://www.betexplorer.com/soccer/england/league-two-2017-2018/newport-carlisle/xGQcLKPq/;Port Vale - Cambridge Utd;https://www.betexplorer.com/soccer/england/league-two-2017-2018/port-vale-cambridge-utd/ptU5Jbfd/;Stevenage - Wycombe;https://www.betexplorer.com/soccer/england/league-two-2017-2018/stevenage-wycombe/0lChs2n3/;Yeovil - Lincoln;https://www.betexplorer.com/soccer/england/league-two-2017-2018/yeovil-lincoln-city/Y1A0utHF/
20. ROUND;Barnet - Grimsby;https://www.betexplorer.com/soccer/england/league-two-2017-2018/barnet-grimsby/YLUp5mIl/;Cambridge Utd - Stevenage;https://www.betexplorer.com/soccer/england/league-two-2017-2018/cambridge-utd-stevenage/UmOg3Rn1/;Carlisle - Morecambe;https://www.betexplorer.com/soccer/england/league-two-2017-2018/carlisle-morecambe/zoR115HD/;Coventry - Crawley;https://www.betexplorer.com/soccer/england/league-two-2017-2018/coventry-crawley-town/pIJFik5n/;Crewe - Luton;https://www.betexplorer.com/soccer/england/league-two-2017-2018/crewe-luton/6X7OkTZb/;Exeter - Accrington;https://www.betexplorer.com/soccer/england/league-two-2017-2018/exeter-accrington/EcBWm74B/;Forest Green - Cheltenham;https://www.betexplorer.com/soccer/england/league-two-2017-2018/forest-green-cheltenham/YaRXooZN/;Lincoln - Port Vale;https://www.betexplorer.com/soccer/england/league-two-2017-2018/lincoln-city-port-vale/lC1s6lKu/;Mansfield - Chesterfield;https://www.betexplorer.com/soccer/england/league-two-2017-2018/mansfield-chesterfield/pvej4Slh/;Notts Co - Colchester;https://www.betexplorer.com/soccer/england/league-two-2017-2018/notts-county-colchester/h4bb26J4/;Swindon - Newport Co;https://www.betexplorer.com/soccer/england/league-two-2017-2018/swindon-newport/EJn70plH/;Wycombe - Yeovil;https://www.betexplorer.com/soccer/england/league-two-2017-2018/wycombe-yeovil/8zitfrRp/
19. ROUND;Accrington - Wycombe;https://www.betexplorer.com/soccer/england/league-two-2017-2018/accrington-wycombe/zqhnnZB9/;Cheltenham - Cambridge Utd;https://www.betexplorer.com/soccer/england/league-two-2017-2018/cheltenham-cambridge-utd/8djfpDtM/;Chesterfield - Forest Green;https://www.betexplorer.com/soccer/england/league-two-2017-2018/chesterfield-forest-green/StXQvi4q/;Colchester - Lincoln;https://www.betexplorer.com/soccer/england/league-two-2017-2018/colchester-lincoln-city/6XVUwBJk/;Crawley - Exeter;https://www.betexplorer.com/soccer/england/league-two-2017-2018/crawley-town-exeter/G2DL0YQ2/;Grimsby - Swindon;https://www.betexplorer.com/soccer/england/league-two-2017-2018/grimsby-swindon/MaGTbCeF/;Luton - Carlisle;https://www.betexplorer.com/soccer/england/league-two-2017-2018/luton-carlisle/0jFXcWAL/;Morecambe - Crewe;https://www.betexplorer.com/soccer/england/league-two-2017-2018/morecambe-crewe/Kzd4hAYr/;Newport Co - Barnet;https://www.betexplorer.com/soccer/england/league-two-2017-2018/newport-barnet/S0aCjl3e/;Port Vale - Mansfield;https://www.betexplorer.com/soccer/england/league-two-2017-2018/port-vale-mansfield/2Xj2DBA8/;Stevenage - Coventry;https://www.betexplorer.com/soccer/england/league-two-2017-2018/stevenage-coventry/tOk6CVPE/;Yeovil - Notts Co;https://www.betexplorer.com/soccer/england/league-two-2017-2018/yeovil-notts-county/xjqFA9fR/
18. ROUND;Accrington - Newport Co;https://www.betexplorer.com/soccer/england/league-two-2017-2018/accrington-newport/0h0yYria/;Chesterfield - Exeter;https://www.betexplorer.com/soccer/england/league-two-2017-2018/chesterfield-exeter/vqauX265/;Colchester - Morecambe;https://www.betexplorer.com/soccer/england/league-two-2017-2018/colchester-morecambe/M7lpWMLB/;Forest Green - Crewe;https://www.betexplorer.com/soccer/england/league-two-2017-2018/forest-green-crewe/zBhlVtyI/;Grimsby - Carlisle;https://www.betexplorer.com/soccer/england/league-two-2017-2018/grimsby-carlisle/S6GHDE5p/;Lincoln - Coventry;https://www.betexplorer.com/soccer/england/league-two-2017-2018/lincoln-city-coventry/6cFLCYKj/;Luton - Cambridge Utd;https://www.betexplorer.com/soccer/england/league-two-2017-2018/luton-cambridge-utd/rFb4yIci/;Mansfield - Stevenage;https://www.betexplorer.com/soccer/england/league-two-2017-2018/mansfield-stevenage/M5c8zxDc/;Notts Co - Cheltenham;https://www.betexplorer.com/soccer/england/league-two-2017-2018/notts-county-cheltenham/GSdCZeS3/;Port Vale - Barnet;https://www.betexplorer.com/soccer/england/league-two-2017-2018/port-vale-barnet/EDFFYFsA/;Wycombe - Crawley;https://www.betexplorer.com/soccer/england/league-two-2017-2018/wycombe-crawley-town/dx5KXZdG/;Yeovil - Swindon;https://www.betexplorer.com/soccer/england/league-two-2017-2018/yeovil-swindon/zT3OWgCM/
17. ROUND;Barnet - Colchester;https://www.betexplorer.com/soccer/england/league-two-2017-2018/barnet-colchester/vJmoNRxs/;Cambridge Utd - Accrington;https://www.betexplorer.com/soccer/england/league-two-2017-2018/cambridge-utd-accrington/I9nkMohm/;Carlisle - Yeovil;https://www.betexplorer.com/soccer/england/league-two-2017-2018/carlisle-yeovil/0YyfL57g/;Cheltenham - Luton;https://www.betexplorer.com/soccer/england/league-two-2017-2018/cheltenham-luton/C8ubKPMa/;Coventry - Mansfield;https://www.betexplorer.com/soccer/england/league-two-2017-2018/coventry-mansfield/6Vv2Jqx6/;Crawley - Forest Green;https://www.betexplorer.com/soccer/england/league-two-2017-2018/crawley-town-forest-green/pMw6I3iC/;Crewe - Lincoln;https://www.betexplorer.com/soccer/england/league-two-2017-2018/crewe-lincoln-city/2cYAHN6I/;Exeter - Grimsby;https://www.betexplorer.com/soccer/england/league-two-2017-2018/exeter-grimsby/tlXEGsMO/;Morecambe - Wycombe;https://www.betexplorer.com/soccer/england/league-two-2017-2018/morecambe-wycombe/fiLduRbP/;Stevenage - Notts Co;https://www.betexplorer.com/soccer/england/league-two-2017-2018/stevenage-notts-county/Ey2TZ4Mn/;Swindon - Chesterfield;https://www.betexplorer.com/soccer/england/league-two-2017-2018/swindon-chesterfield/hS0XYOyg/;Newport Co - Port Vale;https://www.betexplorer.com/soccer/england/league-two-2017-2018/newport-port-vale/WCCOzo7t/
16. ROUND;Accrington - Barnet;https://www.betexplorer.com/soccer/england/league-two-2017-2018/accrington-barnet/M36uGAVD/;Chesterfield - Carlisle;https://www.betexplorer.com/soccer/england/league-two-2017-2018/chesterfield-carlisle/0f5qFUpK/;Colchester - Crewe;https://www.betexplorer.com/soccer/england/league-two-2017-2018/colchester-crewe/rJflEl0Q/;Forest Green - Morecambe;https://www.betexplorer.com/soccer/england/league-two-2017-2018/forest-green-morecambe/KvnG988s/;Grimsby - Cambridge Utd;https://www.betexplorer.com/soccer/england/league-two-2017-2018/grimsby-cambridge-utd/E1oK8SNm/;Lincoln - Crawley;https://www.betexplorer.com/soccer/england/league-two-2017-2018/lincoln-city-crawley-town/hhpO7nwf/;Luton - Coventry;https://www.betexplorer.com/soccer/england/league-two-2017-2018/luton-coventry/KEGK66h0/;Mansfield - Exeter;https://www.betexplorer.com/soccer/england/league-two-2017-2018/mansfield-exeter/b5FO5Q76/;Notts Co - Newport Co;https://www.betexplorer.com/soccer/england/league-two-2017-2018/notts-county-newport/hSES4pNC/;Port Vale - Swindon;https://www.betexplorer.com/soccer/england/league-two-2017-2018/port-vale-swindon/6VIW34xJ/;Wycombe - Cheltenham;https://www.betexplorer.com/soccer/england/league-two-2017-2018/wycombe-cheltenham/8zcFSmFJ/;Yeovil - Stevenage;https://www.betexplorer.com/soccer/england/league-two-2017-2018/yeovil-stevenage/nReJR7UP/
15. ROUND;Barnet - Yeovil;https://www.betexplorer.com/soccer/england/league-two-2017-2018/barnet-yeovil/Kv0BuUg1/;Cambridge Utd - Chesterfield;https://www.betexplorer.com/soccer/england/league-two-2017-2018/cambridge-utd-chesterfield/bVbFvl97/;Carlisle - Notts Co;https://www.betexplorer.com/soccer/england/league-two-2017-2018/carlisle-notts-county/0zwb3Xo8/;Cheltenham - Lincoln;https://www.betexplorer.com/soccer/england/league-two-2017-2018/cheltenham-lincoln-city/Ews22i1E/;Coventry - Colchester;https://www.betexplorer.com/soccer/england/league-two-2017-2018/coventry-colchester/80t61BGK/;Crawley - Luton;https://www.betexplorer.com/soccer/england/league-two-2017-2018/crawley-town-luton/niuA0VVQ/;Crewe - Accrington;https://www.betexplorer.com/soccer/england/league-two-2017-2018/crewe-accrington/SpNxdkvr/;Exeter - Port Vale;https://www.betexplorer.com/soccer/england/league-two-2017-2018/exeter-port-vale/6yMte9gl/;Morecambe - Grimsby;https://www.betexplorer.com/soccer/england/league-two-2017-2018/morecambe-grimsby/0bLpfT8f/;Newport Co - Mansfield;https://www.betexplorer.com/soccer/england/league-two-2017-2018/newport-mansfield/CYOlgmO0/;Stevenage - Forest Green;https://www.betexplorer.com/soccer/england/league-two-2017-2018/stevenage-forest-green/fcEgh7w7/;Swindon - Wycombe;https://www.betexplorer.com/soccer/england/league-two-2017-2018/swindon-wycombe/YmDciRhD/
14. ROUND;Barnet - Mansfield;https://www.betexplorer.com/soccer/england/league-two-2017-2018/barnet-mansfield/CE07tAve/;Cambridge Utd - Yeovil;https://www.betexplorer.com/soccer/england/league-two-2017-2018/cambridge-utd-yeovil/EL9doaQM/;Carlisle - Wycombe;https://www.betexplorer.com/soccer/england/league-two-2017-2018/carlisle-wycombe/hC80pJuT/;Cheltenham - Grimsby;https://www.betexplorer.com/soccer/england/league-two-2017-2018/cheltenham-grimsby/bgoTuwlp/;Coventry - Forest Green;https://www.betexplorer.com/soccer/england/league-two-2017-2018/coventry-forest-green/dv4Wvc3j/;Crawley - Chesterfield;https://www.betexplorer.com/soccer/england/league-two-2017-2018/crawley-town-chesterfield/AshE3tti/;Crewe - Notts Co;https://www.betexplorer.com/soccer/england/league-two-2017-2018/crewe-notts-county/lYjI20ec/;Exeter - Luton;https://www.betexplorer.com/soccer/england/league-two-2017-2018/exeter-luton/69oN1KA3/;Morecambe - Port Vale;https://www.betexplorer.com/soccer/england/league-two-2017-2018/morecambe-port-vale/p0pR0vQ9/;Newport Co - Colchester;https://www.betexplorer.com/soccer/england/league-two-2017-2018/newport-colchester/vNqVabuG/;Stevenage - Accrington;https://www.betexplorer.com/soccer/england/league-two-2017-2018/stevenage-accrington/jaCbrW9r/;Swindon - Lincoln;https://www.betexplorer.com/soccer/england/league-two-2017-2018/swindon-lincoln-city/YN13sjPl/
13. ROUND;Accrington - Coventry;https://www.betexplorer.com/soccer/england/league-two-2017-2018/accrington-coventry/A3X3b3l5/;Chesterfield - Morecambe;https://www.betexplorer.com/soccer/england/league-two-2017-2018/chesterfield-morecambe/lfW7cN3B/;Colchester - Carlisle;https://www.betexplorer.com/soccer/england/league-two-2017-2018/colchester-carlisle/WILCdsJH/;Forest Green - Newport Co;https://www.betexplorer.com/soccer/england/league-two-2017-2018/forest-green-newport/pMPGe1YN/;Grimsby - Crawley;https://www.betexplorer.com/soccer/england/league-two-2017-2018/grimsby-crawley-town/vqPKfLmU/;Lincoln - Cambridge Utd;https://www.betexplorer.com/soccer/england/league-two-2017-2018/lincoln-city-cambridge-utd/thBnjudo/;Luton - Stevenage;https://www.betexplorer.com/soccer/england/league-two-2017-2018/luton-stevenage/xGEXj3do/;Mansfield - Swindon;https://www.betexplorer.com/soccer/england/league-two-2017-2018/mansfield-swindon/G6DyjNBi/;Notts Co - Barnet;https://www.betexplorer.com/soccer/england/league-two-2017-2018/notts-county-barnet/ATCuksRc/;Port Vale - Cheltenham;https://www.betexplorer.com/soccer/england/league-two-2017-2018/port-vale-cheltenham/OWGql1t4/;Wycombe - Exeter;https://www.betexplorer.com/soccer/england/league-two-2017-2018/wycombe-exeter/6e6lmLeA/;Yeovil - Crewe;https://www.betexplorer.com/soccer/england/league-two-2017-2018/yeovil-crewe/pn5hnuBG/
12. ROUND;Accrington - Luton;https://www.betexplorer.com/soccer/england/league-two-2017-2018/accrington-luton/SKFDmnzm/;Barnet - Coventry;https://www.betexplorer.com/soccer/england/league-two-2017-2018/barnet-coventry/6BEHn6kg/;Cambridge Utd - Wycombe;https://www.betexplorer.com/soccer/england/league-two-2017-2018/cambridge-utd-wycombe/lz4MoQ4a/;Carlisle - Exeter;https://www.betexplorer.com/soccer/england/league-two-2017-2018/carlisle-exeter/2w8QppK5/;Cheltenham - Swindon;https://www.betexplorer.com/soccer/england/league-two-2017-2018/cheltenham-swindon/d07Uq4ZB/;Colchester - Mansfield;https://www.betexplorer.com/soccer/england/league-two-2017-2018/colchester-mansfield/zi6YrOlI/;Crewe - Stevenage;https://www.betexplorer.com/soccer/england/league-two-2017-2018/crewe-stevenage/hS0wrr4O/;Lincoln - Chesterfield;https://www.betexplorer.com/soccer/england/league-two-2017-2018/lincoln-city-chesterfield/WIass2JU/;Morecambe - Crawley;https://www.betexplorer.com/soccer/england/league-two-2017-2018/morecambe-crawley-town/8vym2okt/;Newport Co - Yeovil;https://www.betexplorer.com/soccer/england/league-two-2017-2018/newport-yeovil/KEvi154n/;Notts Co - Forest Green;https://www.betexplorer.com/soccer/england/league-two-2017-2018/notts-county-forest-green/2wUe0PJh/;Port Vale - Grimsby;https://www.betexplorer.com/soccer/england/league-two-2017-2018/port-vale-grimsby/tUSaaqZb/
11. ROUND;Chesterfield - Cheltenham;https://www.betexplorer.com/soccer/england/league-two-2017-2018/chesterfield-cheltenham/M1PbgH68/;Coventry - Crewe;https://www.betexplorer.com/soccer/england/league-two-2017-2018/coventry-crewe/0hO2hyME/;Crawley - Carlisle;https://www.betexplorer.com/soccer/england/league-two-2017-2018/crawley-town-carlisle/tjxXz9js/;Exeter - Morecambe;https://www.betexplorer.com/soccer/england/league-two-2017-2018/exeter-morecambe/hQuyzT5m/;Forest Green - Accrington;https://www.betexplorer.com/soccer/england/league-two-2017-2018/forest-green-accrington/nmuuZnLg/;Grimsby - Lincoln;https://www.betexplorer.com/soccer/england/league-two-2017-2018/grimsby-lincoln-city/QwvqY6z0/;Luton - Newport Co;https://www.betexplorer.com/soccer/england/league-two-2017-2018/luton-newport/rFYmXQk6/;Mansfield - Notts Co;https://www.betexplorer.com/soccer/england/league-two-2017-2018/mansfield-notts-county/M5XiWp5C/;Stevenage - Port Vale;https://www.betexplorer.com/soccer/england/league-two-2017-2018/stevenage-port-vale/GSWeV4KI/;Swindon - Cambridge Utd;https://www.betexplorer.com/soccer/england/league-two-2017-2018/swindon-cambridge-utd/UVz0UOZO/;Wycombe - Barnet;https://www.betexplorer.com/soccer/england/league-two-2017-2018/wycombe-barnet/WzFrg8CP/;Yeovil - Colchester;https://www.betexplorer.com/soccer/england/league-two-2017-2018/yeovil-colchester/Yq1AlSKt/
10. ROUND;Cambridge Utd - Forest Green;https://www.betexplorer.com/soccer/england/league-two-2017-2018/cambridge-utd-forest-green/fZexJzVe/;Carlisle - Stevenage;https://www.betexplorer.com/soccer/england/league-two-2017-2018/carlisle-stevenage/YPftIfp2/;Cheltenham - Mansfield;https://www.betexplorer.com/soccer/england/league-two-2017-2018/cheltenham-mansfield/zVYOtvN2/;Chesterfield - Yeovil;https://www.betexplorer.com/soccer/england/league-two-2017-2018/chesterfield-yeovil/lYxTubx9/;Crawley - Newport Co;https://www.betexplorer.com/soccer/england/league-two-2017-2018/crawley-town-newport/rexXvIiF/;Exeter - Notts Co;https://www.betexplorer.com/soccer/england/league-two-2017-2018/exeter-notts-county/Moyyvx7L/;Grimsby - Colchester;https://www.betexplorer.com/soccer/england/league-two-2017-2018/grimsby-colchester/2chYxdMR/;Lincoln - Barnet;https://www.betexplorer.com/soccer/england/league-two-2017-2018/lincoln-city-barnet/46v0YFUr/;Morecambe - Luton;https://www.betexplorer.com/soccer/england/league-two-2017-2018/morecambe-luton/bTw4XZqk/;Port Vale - Accrington;https://www.betexplorer.com/soccer/england/league-two-2017-2018/port-vale-accrington/CWs8Wgae/;Swindon - Coventry;https://www.betexplorer.com/soccer/england/league-two-2017-2018/swindon-coventry/feXCVDE1/;Wycombe - Crewe;https://www.betexplorer.com/soccer/england/league-two-2017-2018/wycombe-crewe/YoWGUXT7/
9. ROUND;Accrington - Cheltenham;https://www.betexplorer.com/soccer/england/league-two-2017-2018/accrington-cheltenham/2NyPBJNS/;Barnet - Crawley;https://www.betexplorer.com/soccer/england/league-two-2017-2018/barnet-crawley-town/4WNj7wWq/;Colchester - Wycombe;https://www.betexplorer.com/soccer/england/league-two-2017-2018/colchester-wycombe/neDe6coj/;Coventry - Exeter;https://www.betexplorer.com/soccer/england/league-two-2017-2018/coventry-exeter/0bHa5H0d/;Crewe - Carlisle;https://www.betexplorer.com/soccer/england/league-two-2017-2018/crewe-carlisle/E15sU0wc/;Luton - Chesterfield;https://www.betexplorer.com/soccer/england/league-two-2017-2018/luton-chesterfield/ATbjSv89/;Mansfield - Cambridge Utd;https://www.betexplorer.com/soccer/england/league-two-2017-2018/mansfield-cambridge-utd/lKcfRbNF/;Newport Co - Grimsby;https://www.betexplorer.com/soccer/england/league-two-2017-2018/newport-grimsby/rscbQIxM/;Notts Co - Lincoln;https://www.betexplorer.com/soccer/england/league-two-2017-2018/notts-county-lincoln-city/tSF1PxhS/;Stevenage - Morecambe;https://www.betexplorer.com/soccer/england/league-two-2017-2018/stevenage-morecambe/n9hUKd0q/;Yeovil - Port Vale;https://www.betexplorer.com/soccer/england/league-two-2017-2018/yeovil-port-vale/QaiYJGFk/;Forest Green - Swindon;https://www.betexplorer.com/soccer/england/league-two-2017-2018/forest-green-swindon/hh4oTKh3/
8. ROUND;Cambridge Utd - Coventry;https://www.betexplorer.com/soccer/england/league-two-2017-2018/cambridge-utd-coventry/tlPY029A/;Carlisle - Barnet;https://www.betexplorer.com/soccer/england/league-two-2017-2018/carlisle-barnet/KvOx0MOG/;Cheltenham - Colchester;https://www.betexplorer.com/soccer/england/league-two-2017-2018/cheltenham-colchester/23DsatvN/;Chesterfield - Accrington;https://www.betexplorer.com/soccer/england/league-two-2017-2018/chesterfield-accrington/EwHob0gT/;Crawley - Notts Co;https://www.betexplorer.com/soccer/england/league-two-2017-2018/crawley-town-notts-county/WI3DgK1p/;Exeter - Crewe;https://www.betexplorer.com/soccer/england/league-two-2017-2018/exeter-crewe/A92HhvHj/;Grimsby - Yeovil;https://www.betexplorer.com/soccer/england/league-two-2017-2018/grimsby-yeovil/nRo0HNgi/;Lincoln - Mansfield;https://www.betexplorer.com/soccer/england/league-two-2017-2018/lincoln-city-mansfield/QHp4Gs9c/;Morecambe - Newport Co;https://www.betexplorer.com/soccer/england/league-two-2017-2018/morecambe-newport/Kvp8F1O3/;Port Vale - Forest Green;https://www.betexplorer.com/soccer/england/league-two-2017-2018/port-vale-forest-green/YslCELwA/;Swindon - Stevenage;https://www.betexplorer.com/soccer/england/league-two-2017-2018/swindon-stevenage/G6wHDugG/;Wycombe - Luton;https://www.betexplorer.com/soccer/england/league-two-2017-2018/wycombe-luton/fcxLCa8M/
7. ROUND;Accrington - Grimsby;https://www.betexplorer.com/soccer/england/league-two-2017-2018/accrington-grimsby/Czfk3XYt/;Barnet - Exeter;https://www.betexplorer.com/soccer/england/league-two-2017-2018/barnet-exeter/CEKU1rf4/;Colchester - Chesterfield;https://www.betexplorer.com/soccer/england/league-two-2017-2018/colchester-chesterfield/jRhg2ilm/;Coventry - Carlisle;https://www.betexplorer.com/soccer/england/league-two-2017-2018/coventry-carlisle/Ykrb1B3g/;Crewe - Cambridge Utd;https://www.betexplorer.com/soccer/england/league-two-2017-2018/crewe-cambridge-utd/ngn20VIa/;Forest Green - Lincoln;https://www.betexplorer.com/soccer/england/league-two-2017-2018/forest-green-lincoln-city/tGo6akY5/;Luton - Port Vale;https://www.betexplorer.com/soccer/england/league-two-2017-2018/luton-port-vale/K6pAb9mC/;Mansfield - Wycombe;https://www.betexplorer.com/soccer/england/league-two-2017-2018/mansfield-wycombe/nTG6cT2I/;Newport Co - Cheltenham;https://www.betexplorer.com/soccer/england/league-two-2017-2018/newport-cheltenham/Ohvzt1Xp/;Notts Co - Swindon;https://www.betexplorer.com/soccer/england/league-two-2017-2018/notts-county-swindon/xdSH4pAo/;Stevenage - Crawley;https://www.betexplorer.com/soccer/england/league-two-2017-2018/stevenage-crawley-town/jaWL34Pi/;Yeovil - Morecambe;https://www.betexplorer.com/soccer/england/league-two-2017-2018/yeovil-morecambe/YNLQ2Ovb/
6. ROUND;Accrington - Carlisle;https://www.betexplorer.com/soccer/england/league-two-2017-2018/accrington-carlisle/6ZlydGRD/;Barnet - Cambridge Utd;https://www.betexplorer.com/soccer/england/league-two-2017-2018/barnet-cambridge-utd/pQmuezsK/;Colchester - Crawley;https://www.betexplorer.com/soccer/england/league-two-2017-2018/colchester-crawley-town/SlwpffdQ/;Coventry - Port Vale;https://www.betexplorer.com/soccer/england/league-two-2017-2018/coventry-port-vale/4AUBkE4s/;Crewe - Chesterfield;https://www.betexplorer.com/soccer/england/league-two-2017-2018/crewe-chesterfield/bXTFlYJm/;Forest Green - Exeter;https://www.betexplorer.com/soccer/england/league-two-2017-2018/forest-green-exeter/xOSJmhZg/;Luton - Swindon;https://www.betexplorer.com/soccer/england/league-two-2017-2018/luton-swindon/faNOnCl0/;Mansfield - Grimsby;https://www.betexplorer.com/soccer/england/league-two-2017-2018/mansfield-grimsby/YkMSoW36/;Newport Co - Wycombe;https://www.betexplorer.com/soccer/england/league-two-2017-2018/newport-wycombe/SCLWpjJC/;Notts Co - Morecambe;https://www.betexplorer.com/soccer/england/league-two-2017-2018/notts-county-morecambe/vmPzpAYI/;Stevenage - Lincoln;https://www.betexplorer.com/soccer/england/league-two-2017-2018/stevenage-lincoln-city/th3J8gBJ/;Yeovil - Cheltenham;https://www.betexplorer.com/soccer/england/league-two-2017-2018/yeovil-cheltenham/Kr2N7DQP/
5. ROUND;Cambridge Utd - Colchester;https://www.betexplorer.com/soccer/england/league-two-2017-2018/cambridge-utd-colchester/xtnAyRO1/;Carlisle - Mansfield;https://www.betexplorer.com/soccer/england/league-two-2017-2018/carlisle-mansfield/GWpEzov8/;Cheltenham - Stevenage;https://www.betexplorer.com/soccer/england/league-two-2017-2018/cheltenham-stevenage/K4Bfqwr8/;Chesterfield - Coventry;https://www.betexplorer.com/soccer/england/league-two-2017-2018/chesterfield-coventry/IkUcrccE/;Crawley - Yeovil;https://www.betexplorer.com/soccer/england/league-two-2017-2018/crawley-town-yeovil/CCT1sHCK/;Exeter - Newport Co;https://www.betexplorer.com/soccer/england/league-two-2017-2018/exeter-newport/j3S5tySQ/;Grimsby - Crewe;https://www.betexplorer.com/soccer/england/league-two-2017-2018/grimsby-crewe/WdAYyezr/;Lincoln - Luton;https://www.betexplorer.com/soccer/england/league-two-2017-2018/lincoln-city-luton/Am9xyFkl/;Morecambe - Accrington;https://www.betexplorer.com/soccer/england/league-two-2017-2018/morecambe-accrington/4A8tzZ4f/;Port Vale - Notts Co;https://www.betexplorer.com/soccer/england/league-two-2017-2018/port-vale-notts-county/IDCpZhK0/;Swindon - Barnet;https://www.betexplorer.com/soccer/england/league-two-2017-2018/swindon-barnet/0x2kYCZ6/;Wycombe - Forest Green;https://www.betexplorer.com/soccer/england/league-two-2017-2018/wycombe-forest-green/vT0gXWlD/
4. ROUND;Barnet - Stevenage;https://www.betexplorer.com/soccer/england/league-two-2017-2018/barnet-stevenage/Ug7RQ9Aq/;Cambridge Utd - Morecambe;https://www.betexplorer.com/soccer/england/league-two-2017-2018/cambridge-utd-morecambe/8p6VPTPk/;Cheltenham - Exeter;https://www.betexplorer.com/soccer/england/league-two-2017-2018/cheltenham-exeter/j9ezPmud/;Colchester - Forest Green;https://www.betexplorer.com/soccer/england/league-two-2017-2018/colchester-forest-green/4CavO7f2/;Grimsby - Wycombe;https://www.betexplorer.com/soccer/england/league-two-2017-2018/grimsby-wycombe/IFmMniX2/;Lincoln - Carlisle;https://www.betexplorer.com/soccer/england/league-two-2017-2018/lincoln-city-carlisle/d6nQoBn9/;Mansfield - Luton;https://www.betexplorer.com/soccer/england/league-two-2017-2018/mansfield-luton/xI3NpV1F/;Newport Co - Chesterfield;https://www.betexplorer.com/soccer/england/league-two-2017-2018/newport-chesterfield/G82RqkHL/;Port Vale - Crewe;https://www.betexplorer.com/soccer/england/league-two-2017-2018/port-vale-crewe/nigcvTvq/;Swindon - Crawley;https://www.betexplorer.com/soccer/england/league-two-2017-2018/swindon-crawley-town/UFr2wmfk/;Yeovil - Coventry;https://www.betexplorer.com/soccer/england/league-two-2017-2018/yeovil-coventry/86s6x79e/;Notts Co - Accrington;https://www.betexplorer.com/soccer/england/league-two-2017-2018/notts-county-accrington/AV1Vr9WR/
3. ROUND;Accrington - Mansfield;https://www.betexplorer.com/soccer/england/league-two-2017-2018/accrington-mansfield/lxRBWvs5/;Carlisle - Cheltenham;https://www.betexplorer.com/soccer/england/league-two-2017-2018/carlisle-cheltenham/SSPFVbdB/;Chesterfield - Port Vale;https://www.betexplorer.com/soccer/england/league-two-2017-2018/chesterfield-port-vale/AiFKUIBH/;Coventry - Newport Co;https://www.betexplorer.com/soccer/england/league-two-2017-2018/coventry-newport/OfJOTxRN/;Crawley - Cambridge Utd;https://www.betexplorer.com/soccer/england/league-two-2017-2018/crawley-town-cambridge-utd/IHISSdtU/;Crewe - Barnet;https://www.betexplorer.com/soccer/england/league-two-2017-2018/crewe-barnet/KQ4fOGlo/;Exeter - Lincoln;https://www.betexplorer.com/soccer/england/league-two-2017-2018/exeter-lincoln-city/drlwm0Ro/;Forest Green - Yeovil;https://www.betexplorer.com/soccer/england/league-two-2017-2018/forest-green-yeovil/zZnsnKth/;Luton - Colchester;https://www.betexplorer.com/soccer/england/league-two-2017-2018/luton-colchester/Uenoovdb/;Morecambe - Swindon;https://www.betexplorer.com/soccer/england/league-two-2017-2018/morecambe-swindon/tWkkpbB4/;Stevenage - Grimsby;https://www.betexplorer.com/soccer/england/league-two-2017-2018/stevenage-grimsby/OfufqIQA/;Wycombe - Notts Co;https://www.betexplorer.com/soccer/england/league-two-2017-2018/wycombe-notts-county/2ovbrxtH/
2. ROUND;Barnet - Luton;https://www.betexplorer.com/soccer/england/league-two-2017-2018/barnet-luton/thaMLNSn/;Cambridge Utd - Carlisle;https://www.betexplorer.com/soccer/england/league-two-2017-2018/cambridge-utd-carlisle/KrbQKsrg/;Cheltenham - Crawley;https://www.betexplorer.com/soccer/england/league-two-2017-2018/cheltenham-crawley-town/27mVJ1ca/;Colchester - Stevenage;https://www.betexplorer.com/soccer/england/league-two-2017-2018/colchester-stevenage/EsiZILC5/;Crewe - Newport Co;https://www.betexplorer.com/soccer/england/league-two-2017-2018/crewe-newport/rNrjFwCU/;Grimsby - Coventry;https://www.betexplorer.com/soccer/england/league-two-2017-2018/grimsby-coventry/84jwIuSB/;Lincoln - Morecambe;https://www.betexplorer.com/soccer/england/league-two-2017-2018/lincoln-city-morecambe/neksHasI/;Mansfield - Forest Green;https://www.betexplorer.com/soccer/england/league-two-2017-2018/mansfield-forest-green/4WqnGJdO/;Notts Co - Chesterfield;https://www.betexplorer.com/soccer/england/league-two-2017-2018/notts-county-chesterfield/KrKezNst/;Port Vale - Wycombe;https://www.betexplorer.com/soccer/england/league-two-2017-2018/port-vale-wycombe/YoOaZtcn/;Swindon - Exeter;https://www.betexplorer.com/soccer/england/league-two-2017-2018/swindon-exeter/GAD4Y0Ch/;Yeovil - Accrington;https://www.betexplorer.com/soccer/england/league-two-2017-2018/yeovil-accrington/f1C8XKRb/
1. ROUND;Accrington - Colchester;https://www.betexplorer.com/soccer/england/league-two-2017-2018/accrington-colchester/WMsCHf92/;Carlisle - Swindon;https://www.betexplorer.com/soccer/england/league-two-2017-2018/carlisle-swindon/pQoGGEO8/;Chesterfield - Grimsby;https://www.betexplorer.com/soccer/england/league-two-2017-2018/chesterfield-grimsby/SlyLFYwF/;Coventry - Notts Co;https://www.betexplorer.com/soccer/england/league-two-2017-2018/coventry-notts-county/6uzPEhgL/;Crawley - Port Vale;https://www.betexplorer.com/soccer/england/league-two-2017-2018/crawley-town-port-vale/zFvTDC8R/;Crewe - Mansfield;https://www.betexplorer.com/soccer/england/league-two-2017-2018/crewe-mansfield/xOQf9WGr/;Exeter - Cambridge Utd;https://www.betexplorer.com/soccer/england/league-two-2017-2018/exeter-cambridge-utd/KnGa8jWl/;Forest Green - Barnet;https://www.betexplorer.com/soccer/england/league-two-2017-2018/forest-green-barnet/IXY27Aoe/;Luton - Yeovil;https://www.betexplorer.com/soccer/england/league-two-2017-2018/luton-yeovil/CfY66U01/;Morecambe - Cheltenham;https://www.betexplorer.com/soccer/england/league-two-2017-2018/morecambe-cheltenham/joXA5lG7/;Stevenage - Newport Co;https://www.betexplorer.com/soccer/england/league-two-2017-2018/stevenage-newport/S2GgUXh8/;Wycombe - Lincoln;https://www.betexplorer.com/soccer/england/league-two-2017-2018/wycombe-lincoln-city/6gFcTi8E/
FINAL;Coventry - Exeter;https://www.betexplorer.com/soccer/england/league-two-2017-2018/coventry-exeter/rFxVf7eM/
SEMI-FINALS - 2ND LEG;Notts Co - Coventry;https://www.betexplorer.com/soccer/england/league-two-2017-2018/notts-county-coventry/xIiqF0zk/;Exeter - Lincoln;https://www.betexplorer.com/soccer/england/league-two-2017-2018/exeter-lincoln-city/8rmuGtLr/
SEMI-FINALS - 1ST LEG;Coventry - Notts Co;https://www.betexplorer.com/soccer/england/league-two-2017-2018/coventry-notts-county/WIPBX8jG/;Lincoln - Exeter;https://www.betexplorer.com/soccer/england/league-two-2017-2018/lincoln-city-exeter/lfz7YlyA/
