38. ROUND;Manchester Utd - Bournemouth;https://www.betexplorer.com/soccer/england/premier-league-2015-2016/manchester-united-bournemouth/bsZIXK2G/;Arsenal - Aston Villa;https://www.betexplorer.com/soccer/england/premier-league-2015-2016/arsenal-aston-villa/ALt6zNIc/;Chelsea - Leicester;https://www.betexplorer.com/soccer/england/premier-league-2015-2016/chelsea-leicester/hpWAZtY3/;Everton - Norwich;https://www.betexplorer.com/soccer/england/premier-league-2015-2016/everton-norwich/4KZEY0mA/;Newcastle - Tottenham;https://www.betexplorer.com/soccer/england/premier-league-2015-2016/newcastle-utd-tottenham/xYXMWvIM/;Southampton - Crystal Palace;https://www.betexplorer.com/soccer/england/premier-league-2015-2016/southampton-crystal-palace/f9SRVbXS/;Stoke - West Ham;https://www.betexplorer.com/soccer/england/premier-league-2015-2016/stoke-city-west-ham/dIEgRIup/;Swansea - Manchester City;https://www.betexplorer.com/soccer/england/premier-league-2015-2016/swansea-manchester-city/KY6IjZ8e/;Watford - Sunderland;https://www.betexplorer.com/soccer/england/premier-league-2015-2016/watford-sunderland/juEcQxej/;West Brom - Liverpool;https://www.betexplorer.com/soccer/england/premier-league-2015-2016/west-brom-liverpool/4rI1PdAd/
35. ROUND;Norwich - Watford;https://www.betexplorer.com/soccer/england/premier-league-2015-2016/norwich-watford/ChBw4krJ/
30. ROUND;Liverpool - Chelsea;https://www.betexplorer.com/soccer/england/premier-league-2015-2016/liverpool-chelsea/0Ee4xkmh/;Sunderland - Everton;https://www.betexplorer.com/soccer/england/premier-league-2015-2016/sunderland-everton/UgmLY6nH/
35. ROUND;West Ham - Manchester Utd;https://www.betexplorer.com/soccer/england/premier-league-2015-2016/west-ham-manchester-united/ptthNCrs/
37. ROUND;Liverpool - Watford;https://www.betexplorer.com/soccer/england/premier-league-2015-2016/liverpool-watford/ANXsW7RB/;Manchester City - Arsenal;https://www.betexplorer.com/soccer/england/premier-league-2015-2016/manchester-city-arsenal/OQynVRtI/;Tottenham - Southampton;https://www.betexplorer.com/soccer/england/premier-league-2015-2016/tottenham-southampton/WUs2y33i/;Aston Villa - Newcastle;https://www.betexplorer.com/soccer/england/premier-league-2015-2016/aston-villa-newcastle-utd/Am3wZ9sg/;Bournemouth - West Brom;https://www.betexplorer.com/soccer/england/premier-league-2015-2016/bournemouth-west-brom/Wd4ZZkSn/;Crystal Palace - Stoke;https://www.betexplorer.com/soccer/england/premier-league-2015-2016/crystal-palace-stoke-city/xAZZXTda/;Leicester - Everton;https://www.betexplorer.com/soccer/england/premier-league-2015-2016/leicester-everton/G0YwXmC5/;Norwich - Manchester Utd;https://www.betexplorer.com/soccer/england/premier-league-2015-2016/norwich-manchester-united/4OkGDaBp/;Sunderland - Chelsea;https://www.betexplorer.com/soccer/england/premier-league-2015-2016/sunderland-chelsea/rFlKCJQj/;West Ham - Swansea;https://www.betexplorer.com/soccer/england/premier-league-2015-2016/west-ham-swansea/6V2EiFgk/
36. ROUND;Chelsea - Tottenham;https://www.betexplorer.com/soccer/england/premier-league-2015-2016/chelsea-tottenham/Igv0LjDg/;Manchester Utd - Leicester;https://www.betexplorer.com/soccer/england/premier-league-2015-2016/manchester-united-leicester/ChX8JUs6/;Southampton - Manchester City;https://www.betexplorer.com/soccer/england/premier-league-2015-2016/southampton-manchester-city/KIzHH8CI/;Swansea - Liverpool;https://www.betexplorer.com/soccer/england/premier-league-2015-2016/swansea-liverpool/O6D9hevq/;Arsenal - Norwich;https://www.betexplorer.com/soccer/england/premier-league-2015-2016/arsenal-norwich/OWvdMWcm/;Everton - Bournemouth;https://www.betexplorer.com/soccer/england/premier-league-2015-2016/everton-bournemouth/UTs4KASa/;Newcastle - Crystal Palace;https://www.betexplorer.com/soccer/england/premier-league-2015-2016/newcastle-utd-crystal-palace/jqWCIlcC/;Stoke - Sunderland;https://www.betexplorer.com/soccer/england/premier-league-2015-2016/stoke-city-sunderland/b9ZKGSRO/;Watford - Aston Villa;https://www.betexplorer.com/soccer/england/premier-league-2015-2016/watford-aston-villa/0ED3uC4P/;West Brom - West Ham;https://www.betexplorer.com/soccer/england/premier-league-2015-2016/west-brom-west-ham/xz5VzWCt/
35. ROUND;Tottenham - West Brom;https://www.betexplorer.com/soccer/england/premier-league-2015-2016/tottenham-west-brom/4nbPRhzQ/;Leicester - Swansea;https://www.betexplorer.com/soccer/england/premier-league-2015-2016/leicester-swansea/McRscyWR/;Sunderland - Arsenal;https://www.betexplorer.com/soccer/england/premier-league-2015-2016/sunderland-arsenal/QeaLSYKJ/;Aston Villa - Southampton;https://www.betexplorer.com/soccer/england/premier-league-2015-2016/aston-villa-southampton/U9JM7Xrf/;Bournemouth - Chelsea;https://www.betexplorer.com/soccer/england/premier-league-2015-2016/bournemouth-chelsea/jJKI8DTm/;Liverpool - Newcastle;https://www.betexplorer.com/soccer/england/premier-league-2015-2016/liverpool-newcastle-utd/GQHU5BD6/;Manchester City - Stoke;https://www.betexplorer.com/soccer/england/premier-league-2015-2016/manchester-city-stoke-city/bk7Z4VSC/
30. ROUND;Arsenal - West Brom;https://www.betexplorer.com/soccer/england/premier-league-2015-2016/arsenal-west-brom/SQvhZILU/;Manchester Utd - Crystal Palace;https://www.betexplorer.com/soccer/england/premier-league-2015-2016/manchester-united-crystal-palace/v5f8y92b/;West Ham - Watford;https://www.betexplorer.com/soccer/england/premier-league-2015-2016/west-ham-watford/rciPXQ1N/
27. ROUND;Liverpool - Everton;https://www.betexplorer.com/soccer/england/premier-league-2015-2016/liverpool-everton/6e6nWh9L/;Newcastle - Manchester City;https://www.betexplorer.com/soccer/england/premier-league-2015-2016/newcastle-utd-manchester-city/GUiIQWWr/
34. ROUND;Stoke - Tottenham;https://www.betexplorer.com/soccer/england/premier-league-2015-2016/stoke-city-tottenham/WYwnEZ5Q/;Arsenal - Crystal Palace;https://www.betexplorer.com/soccer/england/premier-league-2015-2016/arsenal-crystal-palace/j5upfEEf/;Bournemouth - Liverpool;https://www.betexplorer.com/soccer/england/premier-league-2015-2016/bournemouth-liverpool/8tjuefal/;Leicester - West Ham;https://www.betexplorer.com/soccer/england/premier-league-2015-2016/leicester-west-ham/M3deiCbD/;Chelsea - Manchester City;https://www.betexplorer.com/soccer/england/premier-league-2015-2016/chelsea-manchester-city/ljbmgYT0/;Everton - Southampton;https://www.betexplorer.com/soccer/england/premier-league-2015-2016/everton-southampton/rDcihhq7/;Manchester Utd - Aston Villa;https://www.betexplorer.com/soccer/england/premier-league-2015-2016/manchester-united-aston-villa/bLuvGeyE/;Newcastle - Swansea;https://www.betexplorer.com/soccer/england/premier-league-2015-2016/newcastle-utd-swansea/hOMwbHGL/;Norwich - Sunderland;https://www.betexplorer.com/soccer/england/premier-league-2015-2016/norwich-sunderland/xCvrFFjK/;West Brom - Watford;https://www.betexplorer.com/soccer/england/premier-league-2015-2016/west-brom-watford/8fVD9gEs/
35. ROUND;Crystal Palace - Everton;https://www.betexplorer.com/soccer/england/premier-league-2015-2016/crystal-palace-everton/xzJQ6ib0/
33. ROUND;Liverpool - Stoke;https://www.betexplorer.com/soccer/england/premier-league-2015-2016/liverpool-stoke-city/AoKAuFa1/;Sunderland - Leicester;https://www.betexplorer.com/soccer/england/premier-league-2015-2016/sunderland-leicester/GrB02x7E/;Tottenham - Manchester Utd;https://www.betexplorer.com/soccer/england/premier-league-2015-2016/tottenham-manchester-united/b7051dMK/;Aston Villa - Bournemouth;https://www.betexplorer.com/soccer/england/premier-league-2015-2016/aston-villa-bournemouth/jq49syVl/;Crystal Palace - Norwich;https://www.betexplorer.com/soccer/england/premier-league-2015-2016/crystal-palace-norwich/UZ2Dtepe/;Manchester City - West Brom;https://www.betexplorer.com/soccer/england/premier-league-2015-2016/manchester-city-west-brom/lxJEvZE7/;Southampton - Newcastle;https://www.betexplorer.com/soccer/england/premier-league-2015-2016/southampton-newcastle-utd/2u7d3Ii8/;Swansea - Chelsea;https://www.betexplorer.com/soccer/england/premier-league-2015-2016/swansea-chelsea/EXNZbc1F/;Watford - Everton;https://www.betexplorer.com/soccer/england/premier-league-2015-2016/watford-everton/xba90GyR/;West Ham - Arsenal;https://www.betexplorer.com/soccer/england/premier-league-2015-2016/west-ham-arsenal/Ukiydzpr/
32. ROUND;Leicester - Southampton;https://www.betexplorer.com/soccer/england/premier-league-2015-2016/leicester-southampton/G4pL3Roi/;Manchester Utd - Everton;https://www.betexplorer.com/soccer/england/premier-league-2015-2016/manchester-united-everton/OUmT15G3/;Arsenal - Watford;https://www.betexplorer.com/soccer/england/premier-league-2015-2016/arsenal-watford/2P2YuOgp/;Aston Villa - Chelsea;https://www.betexplorer.com/soccer/england/premier-league-2015-2016/aston-villa-chelsea/Ea6xur9j/;Bournemouth - Manchester City;https://www.betexplorer.com/soccer/england/premier-league-2015-2016/bournemouth-manchester-city/ppG6p4oT/;Liverpool - Tottenham;https://www.betexplorer.com/soccer/england/premier-league-2015-2016/liverpool-tottenham/feqP2o1c/;Norwich - Newcastle;https://www.betexplorer.com/soccer/england/premier-league-2015-2016/norwich-newcastle-utd/2LnX0PV9/;Stoke - Swansea;https://www.betexplorer.com/soccer/england/premier-league-2015-2016/stoke-city-swansea/W8YUawn9/;Sunderland - West Brom;https://www.betexplorer.com/soccer/england/premier-league-2015-2016/sunderland-west-brom/ppxx0qoG/;West Ham - Crystal Palace;https://www.betexplorer.com/soccer/england/premier-league-2015-2016/west-ham-crystal-palace/dM45rHFr/
31. ROUND;Manchester City - Manchester Utd;https://www.betexplorer.com/soccer/england/premier-league-2015-2016/manchester-city-manchester-united/KxVtj8Hi/;Newcastle - Sunderland;https://www.betexplorer.com/soccer/england/premier-league-2015-2016/newcastle-utd-sunderland/21KokSWc/;Southampton - Liverpool;https://www.betexplorer.com/soccer/england/premier-league-2015-2016/southampton-liverpool/G4Oklnn4/;Tottenham - Bournemouth;https://www.betexplorer.com/soccer/england/premier-league-2015-2016/tottenham-bournemouth/ARNgm61A/;Chelsea - West Ham;https://www.betexplorer.com/soccer/england/premier-league-2015-2016/chelsea-west-ham/QLtUWpHT/;Crystal Palace - Leicester;https://www.betexplorer.com/soccer/england/premier-league-2015-2016/crystal-palace-leicester/SUSeS4Pp/;Everton - Arsenal;https://www.betexplorer.com/soccer/england/premier-league-2015-2016/everton-arsenal/tnWxil2o/;Swansea - Aston Villa;https://www.betexplorer.com/soccer/england/premier-league-2015-2016/swansea-aston-villa/YNFR0JW2/;Watford - Stoke;https://www.betexplorer.com/soccer/england/premier-league-2015-2016/watford-stoke-city/lIMcnQGG/;West Brom - Norwich;https://www.betexplorer.com/soccer/england/premier-league-2015-2016/west-brom-norwich/6gH2opWM/
30. ROUND;Leicester - Newcastle;https://www.betexplorer.com/soccer/england/premier-league-2015-2016/leicester-newcastle-utd/6id0wVXo/;Aston Villa - Tottenham;https://www.betexplorer.com/soccer/england/premier-league-2015-2016/aston-villa-tottenham/fHhdvBIu/;Bournemouth - Swansea;https://www.betexplorer.com/soccer/england/premier-league-2015-2016/bournemouth-swansea/KKRqxzf2/;Norwich - Manchester City;https://www.betexplorer.com/soccer/england/premier-league-2015-2016/norwich-manchester-city/dtkDzTH4/;Stoke - Southampton;https://www.betexplorer.com/soccer/england/premier-league-2015-2016/stoke-city-southampton/zXmHZnXA/
29. ROUND;Crystal Palace - Liverpool;https://www.betexplorer.com/soccer/england/premier-league-2015-2016/crystal-palace-liverpool/WITRtqNt/;West Brom - Manchester Utd;https://www.betexplorer.com/soccer/england/premier-league-2015-2016/west-brom-manchester-united/lztlza6O/;Chelsea - Stoke;https://www.betexplorer.com/soccer/england/premier-league-2015-2016/chelsea-stoke-city/U9s0oPEP/;Everton - West Ham;https://www.betexplorer.com/soccer/england/premier-league-2015-2016/everton-west-ham/CUpPu3xm/;Manchester City - Aston Villa;https://www.betexplorer.com/soccer/england/premier-league-2015-2016/manchester-city-aston-villa/jLqTvNig/;Newcastle - Bournemouth;https://www.betexplorer.com/soccer/england/premier-league-2015-2016/newcastle-utd-bournemouth/prqXws7a/;Southampton - Sunderland;https://www.betexplorer.com/soccer/england/premier-league-2015-2016/southampton-sunderland/bomyw1M5/;Swansea - Norwich;https://www.betexplorer.com/soccer/england/premier-league-2015-2016/swansea-norwich/tUSuwGvd/;Tottenham - Arsenal;https://www.betexplorer.com/soccer/england/premier-league-2015-2016/tottenham-arsenal/tAxtxLyC/;Watford - Leicester;https://www.betexplorer.com/soccer/england/premier-league-2015-2016/watford-leicester/K0ypyuiI/
28. ROUND;Arsenal - Swansea;https://www.betexplorer.com/soccer/england/premier-league-2015-2016/arsenal-swansea/OhYzvdPk/;Liverpool - Manchester City;https://www.betexplorer.com/soccer/england/premier-league-2015-2016/liverpool-manchester-city/YNccR3Ng/;Manchester Utd - Watford;https://www.betexplorer.com/soccer/england/premier-league-2015-2016/manchester-united-watford/CEd1QNx0/;Stoke - Newcastle;https://www.betexplorer.com/soccer/england/premier-league-2015-2016/stoke-city-newcastle-utd/G6gIMuxP/;West Ham - Tottenham;https://www.betexplorer.com/soccer/england/premier-league-2015-2016/west-ham-tottenham/23kENLMI/;Aston Villa - Everton;https://www.betexplorer.com/soccer/england/premier-league-2015-2016/aston-villa-everton/hEkkTPhs/;Bournemouth - Southampton;https://www.betexplorer.com/soccer/england/premier-league-2015-2016/bournemouth-southampton/0IRLphOE/;Leicester - West Brom;https://www.betexplorer.com/soccer/england/premier-league-2015-2016/leicester-west-brom/ja8hSq8m/;Norwich - Chelsea;https://www.betexplorer.com/soccer/england/premier-league-2015-2016/norwich-chelsea/tl15Psh6/;Sunderland - Crystal Palace;https://www.betexplorer.com/soccer/england/premier-league-2015-2016/sunderland-crystal-palace/Kv09O17C/
27. ROUND;Manchester Utd - Arsenal;https://www.betexplorer.com/soccer/england/premier-league-2015-2016/manchester-united-arsenal/EL5jVCOR/;Tottenham - Swansea;https://www.betexplorer.com/soccer/england/premier-league-2015-2016/tottenham-swansea/p2ZWvxAq/;Leicester - Norwich;https://www.betexplorer.com/soccer/england/premier-league-2015-2016/leicester-norwich/S47rXYgF/;Southampton - Chelsea;https://www.betexplorer.com/soccer/england/premier-league-2015-2016/southampton-chelsea/bgsNPjnk/;Stoke - Aston Villa;https://www.betexplorer.com/soccer/england/premier-league-2015-2016/stoke-city-aston-villa/CdoROA1e/;Watford - Bournemouth;https://www.betexplorer.com/soccer/england/premier-league-2015-2016/watford-bournemouth/6JpVNUG1/;West Brom - Crystal Palace;https://www.betexplorer.com/soccer/england/premier-league-2015-2016/west-brom-crystal-palace/pAqZMlW7/;West Ham - Sunderland;https://www.betexplorer.com/soccer/england/premier-league-2015-2016/west-ham-sunderland/MRSHoY88/
26. ROUND;Arsenal - Leicester;https://www.betexplorer.com/soccer/england/premier-league-2015-2016/arsenal-leicester/E1s9IZvM/;Aston Villa - Liverpool;https://www.betexplorer.com/soccer/england/premier-league-2015-2016/aston-villa-liverpool/QyoDHgfS/;Manchester City - Tottenham;https://www.betexplorer.com/soccer/england/premier-league-2015-2016/manchester-city-tottenham/IZPiABn2/;Bournemouth - Stoke;https://www.betexplorer.com/soccer/england/premier-league-2015-2016/bournemouth-stoke-city/Wxh4JFPF/;Chelsea - Newcastle;https://www.betexplorer.com/soccer/england/premier-league-2015-2016/chelsea-newcastle-utd/rHXvDD2q/;Crystal Palace - Watford;https://www.betexplorer.com/soccer/england/premier-league-2015-2016/crystal-palace-watford/M7WrCXHk/;Everton - West Brom;https://www.betexplorer.com/soccer/england/premier-league-2015-2016/everton-west-brom/vqRmBiXe/;Norwich - West Ham;https://www.betexplorer.com/soccer/england/premier-league-2015-2016/norwich-west-ham/WxEZYfP2/;Sunderland - Manchester Utd;https://www.betexplorer.com/soccer/england/premier-league-2015-2016/sunderland-manchester-united/ptIwYEv9/;Swansea - Southampton;https://www.betexplorer.com/soccer/england/premier-league-2015-2016/swansea-southampton/SMn5qI1S/
25. ROUND;Bournemouth - Arsenal;https://www.betexplorer.com/soccer/england/premier-league-2015-2016/bournemouth-arsenal/SUjZ5deG/;Chelsea - Manchester Utd;https://www.betexplorer.com/soccer/england/premier-league-2015-2016/chelsea-manchester-united/YsMZ3zQS/;Aston Villa - Norwich;https://www.betexplorer.com/soccer/england/premier-league-2015-2016/aston-villa-norwich/6Lkw5GAM/;Liverpool - Sunderland;https://www.betexplorer.com/soccer/england/premier-league-2015-2016/liverpool-sunderland/zi81afYq/;Manchester City - Leicester;https://www.betexplorer.com/soccer/england/premier-league-2015-2016/manchester-city-leicester/UD75bEmj/;Newcastle - West Brom;https://www.betexplorer.com/soccer/england/premier-league-2015-2016/newcastle-utd-west-brom/rHB9cY2d/;Southampton - West Ham;https://www.betexplorer.com/soccer/england/premier-league-2015-2016/southampton-west-ham/pMkhMHuc/;Stoke - Everton;https://www.betexplorer.com/soccer/england/premier-league-2015-2016/stoke-city-everton/OCldLye3/;Swansea - Crystal Palace;https://www.betexplorer.com/soccer/england/premier-league-2015-2016/swansea-crystal-palace/EJr1pbnM/;Tottenham - Watford;https://www.betexplorer.com/soccer/england/premier-league-2015-2016/tottenham-watford/hng0KeA9/
24. ROUND;Everton - Newcastle;https://www.betexplorer.com/soccer/england/premier-league-2015-2016/everton-newcastle-utd/Y7iV6xtA/;Watford - Chelsea;https://www.betexplorer.com/soccer/england/premier-league-2015-2016/watford-chelsea/xtbM8bBc/;Arsenal - Southampton;https://www.betexplorer.com/soccer/england/premier-league-2015-2016/arsenal-southampton/K4RehwRG/;Crystal Palace - Bournemouth;https://www.betexplorer.com/soccer/england/premier-league-2015-2016/crystal-palace-bournemouth/ERQaictN/;Leicester - Liverpool;https://www.betexplorer.com/soccer/england/premier-league-2015-2016/leicester-liverpool/Q1U3jHeT/;Manchester Utd - Stoke;https://www.betexplorer.com/soccer/england/premier-league-2015-2016/manchester-united-stoke-city/Wr7Woy4p/;Norwich - Tottenham;https://www.betexplorer.com/soccer/england/premier-league-2015-2016/norwich-tottenham/AZ5zoeJj/;Sunderland - Manchester City;https://www.betexplorer.com/soccer/england/premier-league-2015-2016/sunderland-manchester-city/bkaI9vdi/;West Brom - Swansea;https://www.betexplorer.com/soccer/england/premier-league-2015-2016/west-brom-swansea/WfgdovXF/;West Ham - Aston Villa;https://www.betexplorer.com/soccer/england/premier-league-2015-2016/west-ham-aston-villa/K4mR7IQ3/
23. ROUND;Arsenal - Chelsea;https://www.betexplorer.com/soccer/england/premier-league-2015-2016/arsenal-chelsea/CzWGi6z6/;Everton - Swansea;https://www.betexplorer.com/soccer/england/premier-league-2015-2016/everton-swansea/h4fhnKH9/;Crystal Palace - Tottenham;https://www.betexplorer.com/soccer/england/premier-league-2015-2016/crystal-palace-tottenham/jRUKjQkC/;Leicester - Stoke;https://www.betexplorer.com/soccer/england/premier-league-2015-2016/leicester-stoke-city/biUOkp5I/;Manchester Utd - Southampton;https://www.betexplorer.com/soccer/england/premier-league-2015-2016/manchester-united-southampton/zHihYHZp/;Norwich - Liverpool;https://www.betexplorer.com/soccer/england/premier-league-2015-2016/norwich-liverpool/xMVzc1Co/;Sunderland - Bournemouth;https://www.betexplorer.com/soccer/england/premier-league-2015-2016/sunderland-bournemouth/jPZvdLRi/;Watford - Newcastle;https://www.betexplorer.com/soccer/england/premier-league-2015-2016/watford-newcastle-utd/pnZreusb/;West Brom - Aston Villa;https://www.betexplorer.com/soccer/england/premier-league-2015-2016/west-brom-aston-villa/OxYnfad4/;West Ham - Manchester City;https://www.betexplorer.com/soccer/england/premier-league-2015-2016/west-ham-manchester-city/tESigJBA/
22. ROUND;Swansea - Watford;https://www.betexplorer.com/soccer/england/premier-league-2015-2016/swansea-watford/pvelm023/;Liverpool - Manchester Utd;https://www.betexplorer.com/soccer/england/premier-league-2015-2016/liverpool-manchester-united/OAcT0ADJ/;Stoke - Arsenal;https://www.betexplorer.com/soccer/england/premier-league-2015-2016/stoke-city-arsenal/G8x8gS5g/;Aston Villa - Leicester;https://www.betexplorer.com/soccer/england/premier-league-2015-2016/aston-villa-leicester/CMjrw7LC/;Bournemouth - Norwich;https://www.betexplorer.com/soccer/england/premier-league-2015-2016/bournemouth-norwich/Uc1wvm66/;Chelsea - Everton;https://www.betexplorer.com/soccer/england/premier-league-2015-2016/chelsea-everton/A79oxRzJ/;Manchester City - Crystal Palace;https://www.betexplorer.com/soccer/england/premier-league-2015-2016/manchester-city-crystal-palace/21dXaUSP/;Newcastle - West Ham;https://www.betexplorer.com/soccer/england/premier-league-2015-2016/newcastle-utd-west-ham/rev0elys/;Southampton - West Brom;https://www.betexplorer.com/soccer/england/premier-league-2015-2016/southampton-west-brom/Mow4f8jm/;Tottenham - Sunderland;https://www.betexplorer.com/soccer/england/premier-league-2015-2016/tottenham-sunderland/UBtChnLa/
21. ROUND;Chelsea - West Brom;https://www.betexplorer.com/soccer/england/premier-league-2015-2016/chelsea-west-brom/UZIjmiqK/;Liverpool - Arsenal;https://www.betexplorer.com/soccer/england/premier-league-2015-2016/liverpool-arsenal/jqKnlXTD/;Manchester City - Everton;https://www.betexplorer.com/soccer/england/premier-league-2015-2016/manchester-city-everton/OdIfnBbQ/;Southampton - Watford;https://www.betexplorer.com/soccer/england/premier-league-2015-2016/southampton-watford/rsaRtkMm/;Stoke - Norwich;https://www.betexplorer.com/soccer/england/premier-league-2015-2016/stoke-city-norwich/MXcVu9yf/;Swansea - Sunderland;https://www.betexplorer.com/soccer/england/premier-league-2015-2016/swansea-sunderland/6mdpltmc/;Tottenham - Leicester;https://www.betexplorer.com/soccer/england/premier-league-2015-2016/tottenham-leicester/j72ZvTj0/;Aston Villa - Crystal Palace;https://www.betexplorer.com/soccer/england/premier-league-2015-2016/aston-villa-crystal-palace/jiEBPmiD/;Bournemouth - West Ham;https://www.betexplorer.com/soccer/england/premier-league-2015-2016/bournemouth-west-ham/C0F7QTy7/;Newcastle - Manchester Utd;https://www.betexplorer.com/soccer/england/premier-league-2015-2016/newcastle-utd-manchester-united/0I9MsV6s/
20. ROUND;Crystal Palace - Chelsea;https://www.betexplorer.com/soccer/england/premier-league-2015-2016/crystal-palace-chelsea/GGlvO3QA/;Everton - Tottenham;https://www.betexplorer.com/soccer/england/premier-league-2015-2016/everton-tottenham/f7mrNNuH/;Arsenal - Newcastle;https://www.betexplorer.com/soccer/england/premier-league-2015-2016/arsenal-newcastle-utd/YiaZOqB4/;Leicester - Bournemouth;https://www.betexplorer.com/soccer/england/premier-league-2015-2016/leicester-bournemouth/OthnMseN/;Manchester Utd - Swansea;https://www.betexplorer.com/soccer/england/premier-league-2015-2016/manchester-united-swansea/hKEzp64R/;Norwich - Southampton;https://www.betexplorer.com/soccer/england/premier-league-2015-2016/norwich-southampton/2XjjL1AT/;Sunderland - Aston Villa;https://www.betexplorer.com/soccer/england/premier-league-2015-2016/sunderland-aston-villa/8ETIGLIp/;Watford - Manchester City;https://www.betexplorer.com/soccer/england/premier-league-2015-2016/watford-manchester-city/MHXMFuYj/;West Brom - Stoke;https://www.betexplorer.com/soccer/england/premier-league-2015-2016/west-brom-stoke-city/zLL4vPAi/;West Ham - Liverpool;https://www.betexplorer.com/soccer/england/premier-league-2015-2016/west-ham-liverpool/EBK8wqQc/
19. ROUND;Sunderland - Liverpool;https://www.betexplorer.com/soccer/england/premier-league-2015-2016/sunderland-liverpool/OvNJml52/;Leicester - Manchester City;https://www.betexplorer.com/soccer/england/premier-league-2015-2016/leicester-manchester-city/zJpTQQck/;Arsenal - Bournemouth;https://www.betexplorer.com/soccer/england/premier-league-2015-2016/arsenal-bournemouth/QqegXSKL/;Crystal Palace - Swansea;https://www.betexplorer.com/soccer/england/premier-league-2015-2016/crystal-palace-swansea/4zfcWnzS/;Everton - Stoke;https://www.betexplorer.com/soccer/england/premier-league-2015-2016/everton-stoke-city/MFtPR6rq/;Manchester Utd - Chelsea;https://www.betexplorer.com/soccer/england/premier-league-2015-2016/manchester-united-chelsea/IszYPpDe/;Norwich - Aston Villa;https://www.betexplorer.com/soccer/england/premier-league-2015-2016/norwich-aston-villa/dYYyP4S1/;Watford - Tottenham;https://www.betexplorer.com/soccer/england/premier-league-2015-2016/watford-tottenham/2VLNn8K8/;West Brom - Newcastle;https://www.betexplorer.com/soccer/england/premier-league-2015-2016/west-brom-newcastle-utd/pfBSoSZE/;West Ham - Southampton;https://www.betexplorer.com/soccer/england/premier-league-2015-2016/west-ham-southampton/bcFWpnkL/
18. ROUND;Aston Villa - West Ham;https://www.betexplorer.com/soccer/england/premier-league-2015-2016/aston-villa-west-ham/pYcbNWZa/;Bournemouth - Crystal Palace;https://www.betexplorer.com/soccer/england/premier-league-2015-2016/bournemouth-crystal-palace/6safOCKg/;Chelsea - Watford;https://www.betexplorer.com/soccer/england/premier-league-2015-2016/chelsea-watford/Sdm3Mjk6/;Liverpool - Leicester;https://www.betexplorer.com/soccer/england/premier-league-2015-2016/liverpool-leicester/t0i7LA4C/;Manchester City - Sunderland;https://www.betexplorer.com/soccer/england/premier-league-2015-2016/manchester-city-sunderland/zNjBKUJI/;Newcastle - Everton;https://www.betexplorer.com/soccer/england/premier-league-2015-2016/newcastle-utd-everton/CnEv32lo/;Southampton - Arsenal;https://www.betexplorer.com/soccer/england/premier-league-2015-2016/southampton-arsenal/l4cNRoRo/;Stoke - Manchester Utd;https://www.betexplorer.com/soccer/england/premier-league-2015-2016/stoke-city-manchester-united/SfdRQ5th/;Swansea - West Brom;https://www.betexplorer.com/soccer/england/premier-league-2015-2016/swansea-west-brom/880lY85F/;Tottenham - Norwich;https://www.betexplorer.com/soccer/england/premier-league-2015-2016/tottenham-norwich/MHeVPPeb/
17. ROUND;Arsenal - Manchester City;https://www.betexplorer.com/soccer/england/premier-league-2015-2016/arsenal-manchester-city/IcvHAgjf/;Swansea - West Ham;https://www.betexplorer.com/soccer/england/premier-league-2015-2016/swansea-west-ham/UH1pZlj9/;Watford - Liverpool;https://www.betexplorer.com/soccer/england/premier-league-2015-2016/watford-liverpool/KQ0nQYks/;Chelsea - Sunderland;https://www.betexplorer.com/soccer/england/premier-league-2015-2016/chelsea-sunderland/CKwL9D50/;Everton - Leicester;https://www.betexplorer.com/soccer/england/premier-league-2015-2016/everton-leicester/jBxP8XK6/;Manchester Utd - Norwich;https://www.betexplorer.com/soccer/england/premier-league-2015-2016/manchester-united-norwich/8nXT7izD/;Newcastle - Aston Villa;https://www.betexplorer.com/soccer/england/premier-league-2015-2016/newcastle-utd-aston-villa/nwWX6BkJ/;Southampton - Tottenham;https://www.betexplorer.com/soccer/england/premier-league-2015-2016/southampton-tottenham/0tKFVfSJ/;Stoke - Crystal Palace;https://www.betexplorer.com/soccer/england/premier-league-2015-2016/stoke-city-crystal-palace/EqOJUEsQ/;West Brom - Bournemouth;https://www.betexplorer.com/soccer/england/premier-league-2015-2016/west-brom-bournemouth/bHajPh5m/
16. ROUND;Leicester - Chelsea;https://www.betexplorer.com/soccer/england/premier-league-2015-2016/leicester-chelsea/Q92jfY5D/;Aston Villa - Arsenal;https://www.betexplorer.com/soccer/england/premier-league-2015-2016/aston-villa-arsenal/Iqardfy1/;Liverpool - West Brom;https://www.betexplorer.com/soccer/england/premier-league-2015-2016/liverpool-west-brom/SEtZIHrE/;Tottenham - Newcastle;https://www.betexplorer.com/soccer/england/premier-league-2015-2016/tottenham-newcastle-utd/xlW8CFLs/;Bournemouth - Manchester Utd;https://www.betexplorer.com/soccer/england/premier-league-2015-2016/bournemouth-manchester-united/vg0vczMf/;Crystal Palace - Southampton;https://www.betexplorer.com/soccer/england/premier-league-2015-2016/crystal-palace-southampton/C6bneEj7/;Manchester City - Swansea;https://www.betexplorer.com/soccer/england/premier-league-2015-2016/manchester-city-swansea/ze2tzVz3/;Norwich - Everton;https://www.betexplorer.com/soccer/england/premier-league-2015-2016/norwich-everton/65uwIybK/;Sunderland - Watford;https://www.betexplorer.com/soccer/england/premier-league-2015-2016/sunderland-watford/zupsHeDQ/;West Ham - Stoke;https://www.betexplorer.com/soccer/england/premier-league-2015-2016/west-ham-stoke-city/KCLDBZzl/
15. ROUND;Everton - Crystal Palace;https://www.betexplorer.com/soccer/england/premier-league-2015-2016/everton-crystal-palace/vwCGseM7/;Newcastle - Liverpool;https://www.betexplorer.com/soccer/england/premier-league-2015-2016/newcastle-utd-liverpool/6q425bEE/;Arsenal - Sunderland;https://www.betexplorer.com/soccer/england/premier-league-2015-2016/arsenal-sunderland/INN7qHie/;Chelsea - Bournemouth;https://www.betexplorer.com/soccer/england/premier-league-2015-2016/chelsea-bournemouth/0nDCry71/;Manchester Utd - West Ham;https://www.betexplorer.com/soccer/england/premier-league-2015-2016/manchester-united-west-ham/Sh5b6va8/;Southampton - Aston Villa;https://www.betexplorer.com/soccer/england/premier-league-2015-2016/southampton-aston-villa/l8g74ITK/;Stoke - Manchester City;https://www.betexplorer.com/soccer/england/premier-league-2015-2016/stoke-city-manchester-city/2BcB3xqR/;Swansea - Leicester;https://www.betexplorer.com/soccer/england/premier-league-2015-2016/swansea-leicester/OKbxyBLd/;Watford - Norwich;https://www.betexplorer.com/soccer/england/premier-league-2015-2016/watford-norwich/Kjpwadir/;West Brom - Tottenham;https://www.betexplorer.com/soccer/england/premier-league-2015-2016/west-brom-tottenham/bsqsbG6l/
14. ROUND;Liverpool - Swansea;https://www.betexplorer.com/soccer/england/premier-league-2015-2016/liverpool-swansea/KnYeSIHd/;Norwich - Arsenal;https://www.betexplorer.com/soccer/england/premier-league-2015-2016/norwich-arsenal/htvTjaaL/;Tottenham - Chelsea;https://www.betexplorer.com/soccer/england/premier-league-2015-2016/tottenham-chelsea/CQKaowNr/;West Ham - West Brom;https://www.betexplorer.com/soccer/england/premier-league-2015-2016/west-ham-west-brom/6mK3pcxk/;Aston Villa - Watford;https://www.betexplorer.com/soccer/england/premier-league-2015-2016/aston-villa-watford/4KcYUHx2/;Bournemouth - Everton;https://www.betexplorer.com/soccer/england/premier-league-2015-2016/bournemouth-everton/QTbUVcNe/;Crystal Palace - Newcastle;https://www.betexplorer.com/soccer/england/premier-league-2015-2016/crystal-palace-newcastle-utd/6PyHg1F2/;Leicester - Manchester Utd;https://www.betexplorer.com/soccer/england/premier-league-2015-2016/leicester-manchester-united/KSuLhLU8/;Manchester City - Southampton;https://www.betexplorer.com/soccer/england/premier-league-2015-2016/manchester-city-southampton/EkuPiupF/;Sunderland - Stoke;https://www.betexplorer.com/soccer/england/premier-league-2015-2016/sunderland-stoke-city/AHYXkJER/
13. ROUND;Crystal Palace - Sunderland;https://www.betexplorer.com/soccer/england/premier-league-2015-2016/crystal-palace-sunderland/ULyYgA9o/;Tottenham - West Ham;https://www.betexplorer.com/soccer/england/premier-league-2015-2016/tottenham-west-ham/C4XhknOG/;Chelsea - Norwich;https://www.betexplorer.com/soccer/england/premier-league-2015-2016/chelsea-norwich/GImjVQWp/;Everton - Aston Villa;https://www.betexplorer.com/soccer/england/premier-league-2015-2016/everton-aston-villa/8CzxgUOi/;Manchester City - Liverpool;https://www.betexplorer.com/soccer/england/premier-league-2015-2016/manchester-city-liverpool/QmVthlvb/;Newcastle - Leicester;https://www.betexplorer.com/soccer/england/premier-league-2015-2016/newcastle-utd-leicester/4vUpi8g4/;Southampton - Stoke;https://www.betexplorer.com/soccer/england/premier-league-2015-2016/southampton-stoke-city/b1TljS8A/;Swansea - Bournemouth;https://www.betexplorer.com/soccer/england/premier-league-2015-2016/swansea-bournemouth/tdZiTb2j/;Watford - Manchester Utd;https://www.betexplorer.com/soccer/england/premier-league-2015-2016/watford-manchester-united/h2oNXJhq/;West Brom - Arsenal;https://www.betexplorer.com/soccer/england/premier-league-2015-2016/west-brom-arsenal/WhpRWw8k/
12. ROUND;Arsenal - Tottenham;https://www.betexplorer.com/soccer/england/premier-league-2015-2016/arsenal-tottenham/MeCftiun/;Aston Villa - Manchester City;https://www.betexplorer.com/soccer/england/premier-league-2015-2016/aston-villa-manchester-city/GIBbuBfh/;Liverpool - Crystal Palace;https://www.betexplorer.com/soccer/england/premier-league-2015-2016/liverpool-crystal-palace/Cp57wkP4/;Bournemouth - Newcastle;https://www.betexplorer.com/soccer/england/premier-league-2015-2016/bournemouth-newcastle-utd/r5DjsXPu/;Leicester - Watford;https://www.betexplorer.com/soccer/england/premier-league-2015-2016/leicester-watford/ULF2vV9b/;Manchester Utd - West Brom;https://www.betexplorer.com/soccer/england/premier-league-2015-2016/manchester-united-west-brom/jy4Bx9vB/;Norwich - Swansea;https://www.betexplorer.com/soccer/england/premier-league-2015-2016/norwich-swansea/CMUmUvmp/;Stoke - Chelsea;https://www.betexplorer.com/soccer/england/premier-league-2015-2016/stoke-city-chelsea/KA8FyTgH/;Sunderland - Southampton;https://www.betexplorer.com/soccer/england/premier-league-2015-2016/sunderland-southampton/b17Jzm9N/;West Ham - Everton;https://www.betexplorer.com/soccer/england/premier-league-2015-2016/west-ham-everton/tQdOZ6OT/
11. ROUND;Tottenham - Aston Villa;https://www.betexplorer.com/soccer/england/premier-league-2015-2016/tottenham-aston-villa/nsMqO9PH/;Everton - Sunderland;https://www.betexplorer.com/soccer/england/premier-league-2015-2016/everton-sunderland/rkPSRiQh/;Southampton - Bournemouth;https://www.betexplorer.com/soccer/england/premier-league-2015-2016/southampton-bournemouth/YwIuPkAB/;Chelsea - Liverpool;https://www.betexplorer.com/soccer/england/premier-league-2015-2016/chelsea-liverpool/MZzKTDet/;Crystal Palace - Manchester Utd;https://www.betexplorer.com/soccer/england/premier-league-2015-2016/crystal-palace-manchester-united/4bQOSXAn/;Manchester City - Norwich;https://www.betexplorer.com/soccer/england/premier-league-2015-2016/manchester-city-norwich/COTWQBua/;Newcastle - Stoke;https://www.betexplorer.com/soccer/england/premier-league-2015-2016/newcastle-utd-stoke-city/jFSzQVf5/;Swansea - Arsenal;https://www.betexplorer.com/soccer/england/premier-league-2015-2016/swansea-arsenal/ADrMYKvT/;Watford - West Ham;https://www.betexplorer.com/soccer/england/premier-league-2015-2016/watford-west-ham/t4LmNTvO/;West Brom - Leicester;https://www.betexplorer.com/soccer/england/premier-league-2015-2016/west-brom-leicester/KfKiMmfU/
10. ROUND;Bournemouth - Tottenham;https://www.betexplorer.com/soccer/england/premier-league-2015-2016/bournemouth-tottenham/rVdsGfRt/;Liverpool - Southampton;https://www.betexplorer.com/soccer/england/premier-league-2015-2016/liverpool-southampton/ImkfDhBa/;Manchester Utd - Manchester City;https://www.betexplorer.com/soccer/england/premier-league-2015-2016/manchester-united-manchester-city/CAlbCCQ5/;Sunderland - Newcastle;https://www.betexplorer.com/soccer/england/premier-league-2015-2016/sunderland-newcastle-utd/nTtB9AAO/;Arsenal - Everton;https://www.betexplorer.com/soccer/england/premier-league-2015-2016/arsenal-everton/MLeoFEtm/;Aston Villa - Swansea;https://www.betexplorer.com/soccer/england/premier-league-2015-2016/aston-villa-swansea/SlgHZ0PM/;Leicester - Crystal Palace;https://www.betexplorer.com/soccer/england/premier-league-2015-2016/leicester-crystal-palace/4pojEYeg/;Norwich - West Brom;https://www.betexplorer.com/soccer/england/premier-league-2015-2016/norwich-west-brom/j1m2BWuC/;Stoke - Watford;https://www.betexplorer.com/soccer/england/premier-league-2015-2016/stoke-city-watford/8xr7AjeI/;West Ham - Chelsea;https://www.betexplorer.com/soccer/england/premier-league-2015-2016/west-ham-chelsea/0WUhYgmP/
9. ROUND;Swansea - Stoke;https://www.betexplorer.com/soccer/england/premier-league-2015-2016/swansea-stoke-city/EokDzsAG/;Newcastle - Norwich;https://www.betexplorer.com/soccer/england/premier-league-2015-2016/newcastle-utd-norwich/McsNEpV6/;Chelsea - Aston Villa;https://www.betexplorer.com/soccer/england/premier-league-2015-2016/chelsea-aston-villa/hIk6ISVs/;Crystal Palace - West Ham;https://www.betexplorer.com/soccer/england/premier-league-2015-2016/crystal-palace-west-ham/nukAHnol/;Everton - Manchester Utd;https://www.betexplorer.com/soccer/england/premier-league-2015-2016/everton-manchester-united/QVmEG60f/;Manchester City - Bournemouth;https://www.betexplorer.com/soccer/england/premier-league-2015-2016/manchester-city-bournemouth/r7rJFQF0/;Southampton - Leicester;https://www.betexplorer.com/soccer/england/premier-league-2015-2016/southampton-leicester/GKtRD4pD/;Tottenham - Liverpool;https://www.betexplorer.com/soccer/england/premier-league-2015-2016/tottenham-liverpool/UNpVCOaJ/;Watford - Arsenal;https://www.betexplorer.com/soccer/england/premier-league-2015-2016/watford-arsenal/YeBBLG3J/;West Brom - Sunderland;https://www.betexplorer.com/soccer/england/premier-league-2015-2016/west-brom-sunderland/CnAFKzJP/
8. ROUND;Arsenal - Manchester Utd;https://www.betexplorer.com/soccer/england/premier-league-2015-2016/arsenal-manchester-united/tt17KF1S/;Everton - Liverpool;https://www.betexplorer.com/soccer/england/premier-league-2015-2016/everton-liverpool/YwtnDXg2/;Swansea - Tottenham;https://www.betexplorer.com/soccer/england/premier-league-2015-2016/swansea-tottenham/KOk9yNfA/;Aston Villa - Stoke;https://www.betexplorer.com/soccer/england/premier-league-2015-2016/aston-villa-stoke-city/bLmZFZ9q/;Bournemouth - Watford;https://www.betexplorer.com/soccer/england/premier-league-2015-2016/bournemouth-watford/2k23LenM/;Chelsea - Southampton;https://www.betexplorer.com/soccer/england/premier-league-2015-2016/chelsea-southampton/COiwFgPk/;Crystal Palace - West Brom;https://www.betexplorer.com/soccer/england/premier-league-2015-2016/crystal-palace-west-brom/fmsrEDvd/;Manchester City - Newcastle;https://www.betexplorer.com/soccer/england/premier-league-2015-2016/manchester-city-newcastle-utd/MgZTyHW2/;Norwich - Leicester;https://www.betexplorer.com/soccer/england/premier-league-2015-2016/norwich-leicester/0pYXzyn9/;Sunderland - West Ham;https://www.betexplorer.com/soccer/england/premier-league-2015-2016/sunderland-west-ham/r9Nxze1F/
7. ROUND;West Brom - Everton;https://www.betexplorer.com/soccer/england/premier-league-2015-2016/west-brom-everton/dxX2NHH9/;Watford - Crystal Palace;https://www.betexplorer.com/soccer/england/premier-league-2015-2016/watford-crystal-palace/2FXbOc23/;Leicester - Arsenal;https://www.betexplorer.com/soccer/england/premier-league-2015-2016/leicester-arsenal/f9AX7xIM/;Liverpool - Aston Villa;https://www.betexplorer.com/soccer/england/premier-league-2015-2016/liverpool-aston-villa/xYax7dXS/;Manchester Utd - Sunderland;https://www.betexplorer.com/soccer/england/premier-league-2015-2016/manchester-united-sunderland/vsn42Gup/;Newcastle - Chelsea;https://www.betexplorer.com/soccer/england/premier-league-2015-2016/newcastle-utd-chelsea/8Gj81zej/;Southampton - Swansea;https://www.betexplorer.com/soccer/england/premier-league-2015-2016/southampton-swansea/tYj5x3u4/;Stoke - Bournemouth;https://www.betexplorer.com/soccer/england/premier-league-2015-2016/stoke-city-bournemouth/n7kC0fAd/;Tottenham - Manchester City;https://www.betexplorer.com/soccer/england/premier-league-2015-2016/tottenham-manchester-city/lCTfPwmc/;West Ham - Norwich;https://www.betexplorer.com/soccer/england/premier-league-2015-2016/west-ham-norwich/zTV6MyXF/
6. ROUND;Liverpool - Norwich;https://www.betexplorer.com/soccer/england/premier-league-2015-2016/liverpool-norwich/Q9fZbsZi/;Southampton - Manchester Utd;https://www.betexplorer.com/soccer/england/premier-league-2015-2016/southampton-manchester-united/GbmnduJA/;Tottenham - Crystal Palace;https://www.betexplorer.com/soccer/england/premier-league-2015-2016/tottenham-crystal-palace/2FoffJmN/;Aston Villa - West Brom;https://www.betexplorer.com/soccer/england/premier-league-2015-2016/aston-villa-west-brom/A1Cnyvso/;Bournemouth - Sunderland;https://www.betexplorer.com/soccer/england/premier-league-2015-2016/bournemouth-sunderland/8hQKuKYT/;Chelsea - Arsenal;https://www.betexplorer.com/soccer/england/premier-league-2015-2016/chelsea-arsenal/nJeVaNJo/;Manchester City - West Ham;https://www.betexplorer.com/soccer/england/premier-league-2015-2016/manchester-city-west-ham/KWgwb1lb/;Newcastle - Watford;https://www.betexplorer.com/soccer/england/premier-league-2015-2016/newcastle-utd-watford/YZcscL34/;Stoke - Leicester;https://www.betexplorer.com/soccer/england/premier-league-2015-2016/stoke-city-leicester/fknjeaYG/;Swansea - Everton;https://www.betexplorer.com/soccer/england/premier-league-2015-2016/swansea-everton/hpEGBKIc/
5. ROUND;West Ham - Newcastle;https://www.betexplorer.com/soccer/england/premier-league-2015-2016/west-ham-newcastle-utd/EVQGt0JN/;Leicester - Aston Villa;https://www.betexplorer.com/soccer/england/premier-league-2015-2016/leicester-aston-villa/n5GdoO4h/;Sunderland - Tottenham;https://www.betexplorer.com/soccer/england/premier-league-2015-2016/sunderland-tottenham/YLI8rMlB/;Arsenal - Stoke;https://www.betexplorer.com/soccer/england/premier-league-2015-2016/arsenal-stoke-city/v1AtumrJ/;Crystal Palace - Manchester City;https://www.betexplorer.com/soccer/england/premier-league-2015-2016/crystal-palace-manchester-city/jwNmmpzt/;Everton - Chelsea;https://www.betexplorer.com/soccer/england/premier-league-2015-2016/everton-chelsea/4tRin4kn/;Manchester Utd - Liverpool;https://www.betexplorer.com/soccer/england/premier-league-2015-2016/manchester-united-liverpool/QeF0prKb/;Norwich - Bournemouth;https://www.betexplorer.com/soccer/england/premier-league-2015-2016/norwich-bournemouth/fVJ4q2Z4/;Watford - Swansea;https://www.betexplorer.com/soccer/england/premier-league-2015-2016/watford-swansea/EgFCC03i/;West Brom - Southampton;https://www.betexplorer.com/soccer/england/premier-league-2015-2016/west-brom-southampton/Gp8Dst4H/
4. ROUND;Southampton - Norwich;https://www.betexplorer.com/soccer/england/premier-league-2015-2016/southampton-norwich/t8eyrkb0/;Swansea - Manchester Utd;https://www.betexplorer.com/soccer/england/premier-league-2015-2016/swansea-manchester-united/0jRUmHQj/;Aston Villa - Sunderland;https://www.betexplorer.com/soccer/england/premier-league-2015-2016/aston-villa-sunderland/KzChjDjK/;Bournemouth - Leicester;https://www.betexplorer.com/soccer/england/premier-league-2015-2016/bournemouth-leicester/tpDligyE/;Chelsea - Crystal Palace;https://www.betexplorer.com/soccer/england/premier-league-2015-2016/chelsea-crystal-palace/lAGdkX5Q/;Liverpool - West Ham;https://www.betexplorer.com/soccer/england/premier-league-2015-2016/liverpool-west-ham/jJ2OpiEs/;Manchester City - Watford;https://www.betexplorer.com/soccer/england/premier-league-2015-2016/manchester-city-watford/YshTqBTm/;Newcastle - Arsenal;https://www.betexplorer.com/soccer/england/premier-league-2015-2016/newcastle-utd-arsenal/nodXrVrf/;Stoke - West Brom;https://www.betexplorer.com/soccer/england/premier-league-2015-2016/stoke-city-west-brom/Kbfus9D6/;Tottenham - Everton;https://www.betexplorer.com/soccer/england/premier-league-2015-2016/tottenham-everton/0ABxtTSC/
3. ROUND;Arsenal - Liverpool;https://www.betexplorer.com/soccer/england/premier-league-2015-2016/arsenal-liverpool/pIcAwz7E/;Everton - Manchester City;https://www.betexplorer.com/soccer/england/premier-league-2015-2016/everton-manchester-city/tpiJyEyR/;Watford - Southampton;https://www.betexplorer.com/soccer/england/premier-league-2015-2016/watford-southampton/YsWcUVT0/;West Brom - Chelsea;https://www.betexplorer.com/soccer/england/premier-league-2015-2016/west-brom-chelsea/S4V1Tkq7/;Crystal Palace - Aston Villa;https://www.betexplorer.com/soccer/england/premier-league-2015-2016/crystal-palace-aston-villa/StmFxfMK/;Leicester - Tottenham;https://www.betexplorer.com/soccer/england/premier-league-2015-2016/leicester-tottenham/bPwoXXqr/;Manchester Utd - Newcastle;https://www.betexplorer.com/soccer/england/premier-league-2015-2016/manchester-united-newcastle-utd/xGxkWial/;Norwich - Stoke;https://www.betexplorer.com/soccer/england/premier-league-2015-2016/norwich-stoke-city/fiXgVBEf/;Sunderland - Swansea;https://www.betexplorer.com/soccer/england/premier-league-2015-2016/sunderland-swansea/nmNQlcBp/;West Ham - Bournemouth;https://www.betexplorer.com/soccer/england/premier-league-2015-2016/west-ham-bournemouth/vuZ5S9bD/
2. ROUND;Liverpool - Bournemouth;https://www.betexplorer.com/soccer/england/premier-league-2015-2016/liverpool-bournemouth/MLHtOf7R/;Crystal Palace - Arsenal;https://www.betexplorer.com/soccer/england/premier-league-2015-2016/crystal-palace-arsenal/4pNyPzhL/;Manchester City - Chelsea;https://www.betexplorer.com/soccer/england/premier-league-2015-2016/manchester-city-chelsea/OU38JEFr/;Southampton - Everton;https://www.betexplorer.com/soccer/england/premier-league-2015-2016/southampton-everton/Ii3CIYUl/;Sunderland - Norwich;https://www.betexplorer.com/soccer/england/premier-league-2015-2016/sunderland-norwich/Wf7GHhpe/;Swansea - Newcastle;https://www.betexplorer.com/soccer/england/premier-league-2015-2016/swansea-newcastle-utd/t6pbgw3T/;Tottenham - Stoke;https://www.betexplorer.com/soccer/england/premier-league-2015-2016/tottenham-stoke-city/EJdLGCa1/;Watford - West Brom;https://www.betexplorer.com/soccer/england/premier-league-2015-2016/watford-west-brom/hAePFWE7/;West Ham - Leicester;https://www.betexplorer.com/soccer/england/premier-league-2015-2016/west-ham-leicester/6Rb6vGi8/;Aston Villa - Manchester Utd;https://www.betexplorer.com/soccer/england/premier-league-2015-2016/aston-villa-manchester-united/QgOXPGxF/
1. ROUND;West Brom - Manchester City;https://www.betexplorer.com/soccer/england/premier-league-2015-2016/west-brom-manchester-city/KdLPRx82/;Arsenal - West Ham;https://www.betexplorer.com/soccer/england/premier-league-2015-2016/arsenal-west-ham/vw0jDwg9/;Newcastle - Southampton;https://www.betexplorer.com/soccer/england/premier-league-2015-2016/newcastle-utd-southampton/ARwZ4F0k/;Stoke - Liverpool;https://www.betexplorer.com/soccer/england/premier-league-2015-2016/stoke-city-liverpool/Iiss3gV1/;Bournemouth - Aston Villa;https://www.betexplorer.com/soccer/england/premier-league-2015-2016/bournemouth-aston-villa/bRrgEJw3/;Chelsea - Swansea;https://www.betexplorer.com/soccer/england/premier-league-2015-2016/chelsea-swansea/ITbfCc8F/;Everton - Watford;https://www.betexplorer.com/soccer/england/premier-league-2015-2016/everton-watford/CjbbBHNL/;Leicester - Sunderland;https://www.betexplorer.com/soccer/england/premier-league-2015-2016/leicester-sunderland/Qg22AywS/;Manchester Utd - Tottenham;https://www.betexplorer.com/soccer/england/premier-league-2015-2016/manchester-united-tottenham/WzuV5eoq/;Norwich - Crystal Palace;https://www.betexplorer.com/soccer/england/premier-league-2015-2016/norwich-crystal-palace/v1rw4ZFe/
