46. ROUND;AFC Wimbledon - Bury;https://www.betexplorer.com/soccer/england/league-one-2017-2018/afc-wimbledon-bury/Y7Lpsp29/;Blackburn - Oxford Utd;https://www.betexplorer.com/soccer/england/league-one-2017-2018/blackburn-oxford-utd/CbKlt4HF/;Doncaster - Wigan;https://www.betexplorer.com/soccer/england/league-one-2017-2018/doncaster-wigan/fN9guOWL/;Fleetwood - Walsall;https://www.betexplorer.com/soccer/england/league-one-2017-2018/fleetwood-town-walsall/8QDcvrnS/;Gillingham - Plymouth;https://www.betexplorer.com/soccer/england/league-one-2017-2018/gillingham-plymouth/Q50PZ1fq/;Northampton - Oldham;https://www.betexplorer.com/soccer/england/league-one-2017-2018/northampton-oldham/4daTYL9k/;Portsmouth - Peterborough;https://www.betexplorer.com/soccer/england/league-one-2017-2018/portsmouth-peterborough/MXgYXuPe/;Rochdale - Charlton;https://www.betexplorer.com/soccer/england/league-one-2017-2018/rochdale-charlton/0OhxXav2/;Rotherham - Blackpool;https://www.betexplorer.com/soccer/england/league-one-2017-2018/rotherham-blackpool/ERtKeqH2/;Scunthorpe - Bradford City;https://www.betexplorer.com/soccer/england/league-one-2017-2018/scunthorpe-bradford-city/CCaNf3W8/;Shrewsbury - MK Dons;https://www.betexplorer.com/soccer/england/league-one-2017-2018/shrewsbury-milton-keynes-dons/fykSgNoF/;Southend - Bristol Rovers;https://www.betexplorer.com/soccer/england/league-one-2017-2018/southend-bristol-rovers/YRmWhs1L/
41. ROUND;Bradford City - Walsall;https://www.betexplorer.com/soccer/england/league-one-2017-2018/bradford-city-walsall/CY8fWSmi/;Doncaster - AFC Wimbledon;https://www.betexplorer.com/soccer/england/league-one-2017-2018/doncaster-afc-wimbledon/pO07TQX9/;Scunthorpe - Plymouth;https://www.betexplorer.com/soccer/england/league-one-2017-2018/scunthorpe-plymouth/pnqfKMfd/
45. ROUND;Blackpool - Shrewsbury;https://www.betexplorer.com/soccer/england/league-one-2017-2018/blackpool-shrewsbury/UssUkpA0/;Bradford City - Southend;https://www.betexplorer.com/soccer/england/league-one-2017-2018/bradford-city-southend/8YuYl4P6/;Bristol Rovers - Gillingham;https://www.betexplorer.com/soccer/england/league-one-2017-2018/bristol-rovers-gillingham/jcVxlOvD/;Bury - Portsmouth;https://www.betexplorer.com/soccer/england/league-one-2017-2018/bury-portsmouth/lrltmrfJ/;Charlton - Blackburn;https://www.betexplorer.com/soccer/england/league-one-2017-2018/charlton-blackburn/0K0meunt/;MK Dons - Scunthorpe;https://www.betexplorer.com/soccer/england/league-one-2017-2018/milton-keynes-dons-scunthorpe/vBaifa1n/;Oldham - Doncaster;https://www.betexplorer.com/soccer/england/league-one-2017-2018/oldham-doncaster/dnfdgJGh/;Oxford Utd - Rochdale;https://www.betexplorer.com/soccer/england/league-one-2017-2018/oxford-utd-rochdale/zwg0hwWb/;Peterborough - Fleetwood;https://www.betexplorer.com/soccer/england/league-one-2017-2018/peterborough-fleetwood-town/Uah4ico5/;Plymouth - Rotherham;https://www.betexplorer.com/soccer/england/league-one-2017-2018/plymouth-rotherham/r3d8jH0B/;Walsall - Northampton;https://www.betexplorer.com/soccer/england/league-one-2017-2018/walsall-northampton/QRoDkyGH/;Wigan - AFC Wimbledon;https://www.betexplorer.com/soccer/england/league-one-2017-2018/wigan-afc-wimbledon/4IpHleVN/
39. ROUND;Doncaster - Blackburn;https://www.betexplorer.com/soccer/england/league-one-2017-2018/doncaster-blackburn/QVoTvQ06/
37. ROUND;Bradford City - MK Dons;https://www.betexplorer.com/soccer/england/league-one-2017-2018/bradford-city-milton-keynes-dons/rBAHbut4/
36. ROUND;Rochdale - Plymouth;https://www.betexplorer.com/soccer/england/league-one-2017-2018/rochdale-plymouth/dEhjrKeN/;Shrewsbury - Peterborough;https://www.betexplorer.com/soccer/england/league-one-2017-2018/shrewsbury-peterborough/GbZMxbJp/
35. ROUND;Oldham - Southend;https://www.betexplorer.com/soccer/england/league-one-2017-2018/oldham-southend/Ee6ez5cn/
27. ROUND;Bristol Rovers - Wigan;https://www.betexplorer.com/soccer/england/league-one-2017-2018/bristol-rovers-wigan/EJ4LXdJc/
44. ROUND;AFC Wimbledon - Oldham;https://www.betexplorer.com/soccer/england/league-one-2017-2018/afc-wimbledon-oldham/Me2ouTer/;Doncaster - Oxford Utd;https://www.betexplorer.com/soccer/england/league-one-2017-2018/doncaster-oxford-utd/rBjfw7Qf/;Fleetwood - Wigan;https://www.betexplorer.com/soccer/england/league-one-2017-2018/fleetwood-town-wigan/dEfbxRu1/;Gillingham - Blackpool;https://www.betexplorer.com/soccer/england/league-one-2017-2018/gillingham-blackpool/jyf2yoe7/;Northampton - Plymouth;https://www.betexplorer.com/soccer/england/league-one-2017-2018/northampton-plymouth/URh6z5AD/;Portsmouth - Charlton;https://www.betexplorer.com/soccer/england/league-one-2017-2018/portsmouth-charlton/UJbsalmE/;Rochdale - Bradford City;https://www.betexplorer.com/soccer/england/league-one-2017-2018/rochdale-bradford-city/8Acob82K/;Rotherham - Bristol Rovers;https://www.betexplorer.com/soccer/england/league-one-2017-2018/rotherham-bristol-rovers/2XdkcSHQ/;Scunthorpe - Walsall;https://www.betexplorer.com/soccer/england/league-one-2017-2018/scunthorpe-walsall/vglHhnQs/;Shrewsbury - Bury;https://www.betexplorer.com/soccer/england/league-one-2017-2018/shrewsbury-bury/MHwMi6ul/;Southend - MK Dons;https://www.betexplorer.com/soccer/england/league-one-2017-2018/southend-milton-keynes-dons/08xQjQff/;Blackburn - Peterborough;https://www.betexplorer.com/soccer/england/league-one-2017-2018/blackburn-peterborough/0n1kvmBl/
36. ROUND;Bradford City - Portsmouth;https://www.betexplorer.com/soccer/england/league-one-2017-2018/bradford-city-portsmouth/YB1Vnrsh/;Doncaster - Bury;https://www.betexplorer.com/soccer/england/league-one-2017-2018/doncaster-bury/SY0Zo2db/;Gillingham - Rotherham;https://www.betexplorer.com/soccer/england/league-one-2017-2018/gillingham-rotherham/6PawoMB4/
34. ROUND;Rochdale - Oldham;https://www.betexplorer.com/soccer/england/league-one-2017-2018/rochdale-oldham/M1sIMoTn/
30. ROUND;Wigan - Oxford Utd;https://www.betexplorer.com/soccer/england/league-one-2017-2018/wigan-oxford-utd/Y37lpnQH/
17. ROUND;Shrewsbury - Charlton;https://www.betexplorer.com/soccer/england/league-one-2017-2018/shrewsbury-charlton/ph07kb9Q/
43. ROUND;Blackpool - Fleetwood;https://www.betexplorer.com/soccer/england/league-one-2017-2018/blackpool-fleetwood-town/GfcXXBlF/;Bristol Rovers - Blackburn;https://www.betexplorer.com/soccer/england/league-one-2017-2018/bristol-rovers-blackburn/xAotWkJR/;Bury - Northampton;https://www.betexplorer.com/soccer/england/league-one-2017-2018/bury-northampton/EVx8R9Rr/;Charlton - Scunthorpe;https://www.betexplorer.com/soccer/england/league-one-2017-2018/charlton-scunthorpe/8hxCQTtk/;MK Dons - Doncaster;https://www.betexplorer.com/soccer/england/league-one-2017-2018/milton-keynes-dons-doncaster/nqyGPmde/;Oldham - Gillingham;https://www.betexplorer.com/soccer/england/league-one-2017-2018/oldham-gillingham/4KVKO7B1/;Oxford Utd - Southend;https://www.betexplorer.com/soccer/england/league-one-2017-2018/oxford-utd-southend/rBUONRQ7/;Peterborough - Rochdale;https://www.betexplorer.com/soccer/england/league-one-2017-2018/peterborough-rochdale/dEI6nB38/;Plymouth - Portsmouth;https://www.betexplorer.com/soccer/england/league-one-2017-2018/plymouth-portsmouth/8lMAoVIE/;Walsall - AFC Wimbledon;https://www.betexplorer.com/soccer/england/league-one-2017-2018/walsall-afc-wimbledon/jDBFpkYK/;Wigan - Rotherham;https://www.betexplorer.com/soccer/england/league-one-2017-2018/wigan-rotherham/U3AJq9mR/;Bradford City - Shrewsbury;https://www.betexplorer.com/soccer/england/league-one-2017-2018/bradford-city-shrewsbury/fodyXV3L/
39. ROUND;Oldham - Walsall;https://www.betexplorer.com/soccer/england/league-one-2017-2018/oldham-walsall/z1TJ1m8J/
38. ROUND;Gillingham - Blackburn;https://www.betexplorer.com/soccer/england/league-one-2017-2018/gillingham-blackburn/Y1hoU8nl/
36. ROUND;AFC Wimbledon - Charlton;https://www.betexplorer.com/soccer/england/league-one-2017-2018/afc-wimbledon-charlton/WCIHTKtU/;Blackpool - Northampton;https://www.betexplorer.com/soccer/england/league-one-2017-2018/blackpool-northampton/zRrSmORo/;Oxford Utd - Fleetwood;https://www.betexplorer.com/soccer/england/league-one-2017-2018/oxford-utd-fleetwood-town/2ignq0tH/
17. ROUND;Rochdale - Wigan;https://www.betexplorer.com/soccer/england/league-one-2017-2018/rochdale-wigan/lQ6biKvE/
42. ROUND;AFC Wimbledon - Scunthorpe;https://www.betexplorer.com/soccer/england/league-one-2017-2018/afc-wimbledon-scunthorpe/buli0XSq/;Blackburn - Southend;https://www.betexplorer.com/soccer/england/league-one-2017-2018/blackburn-southend/Kfx0bBcd/;Blackpool - Bradford City;https://www.betexplorer.com/soccer/england/league-one-2017-2018/blackpool-bradford-city/n1UoMEk3/;Bristol Rovers - Charlton;https://www.betexplorer.com/soccer/england/league-one-2017-2018/bristol-rovers-charlton/t0NfKhKF/;Gillingham - Doncaster;https://www.betexplorer.com/soccer/england/league-one-2017-2018/gillingham-doncaster/zNMbJCZL/;Oxford Utd - Oldham;https://www.betexplorer.com/soccer/england/league-one-2017-2018/oxford-utd-oldham/f73VDjcq/;Plymouth - Peterborough;https://www.betexplorer.com/soccer/england/league-one-2017-2018/plymouth-peterborough/Yc2ZCACk/;Rochdale - Portsmouth;https://www.betexplorer.com/soccer/england/league-one-2017-2018/rochdale-portsmouth/SK1wCURe/;Rotherham - Fleetwood;https://www.betexplorer.com/soccer/england/league-one-2017-2018/rotherham-fleetwood-town/tO5sBls2/;Walsall - Bury;https://www.betexplorer.com/soccer/england/league-one-2017-2018/walsall-bury/rTqQZXJ2/;Wigan - MK Dons;https://www.betexplorer.com/soccer/england/league-one-2017-2018/wigan-milton-keynes-dons/MJrUYiZ8/
41. ROUND;Bury - Rochdale;https://www.betexplorer.com/soccer/england/league-one-2017-2018/bury-rochdale/jP7bVn3c/;Charlton - Rotherham;https://www.betexplorer.com/soccer/england/league-one-2017-2018/charlton-rotherham/Ymc3U6I3/;Fleetwood - Bristol Rovers;https://www.betexplorer.com/soccer/england/league-one-2017-2018/fleetwood-town-bristol-rovers/vo0BSpmG/;MK Dons - Blackburn;https://www.betexplorer.com/soccer/england/league-one-2017-2018/milton-keynes-dons-blackburn/IyaFR42M/;Oldham - Blackpool;https://www.betexplorer.com/soccer/england/league-one-2017-2018/oldham-blackpool/zDgKQOHS/;Peterborough - Northampton;https://www.betexplorer.com/soccer/england/league-one-2017-2018/peterborough-northampton/xMunMrQq/;Portsmouth - Wigan;https://www.betexplorer.com/soccer/england/league-one-2017-2018/portsmouth-wigan/WrujL2uj/;Shrewsbury - Oxford Utd;https://www.betexplorer.com/soccer/england/league-one-2017-2018/shrewsbury-oxford-utd/niNxq6Xd/;Southend - Gillingham;https://www.betexplorer.com/soccer/england/league-one-2017-2018/southend-gillingham/QsMtrQn3/
40. ROUND;Walsall - Portsmouth;https://www.betexplorer.com/soccer/england/league-one-2017-2018/walsall-portsmouth/r9wd30qO/;AFC Wimbledon - Fleetwood;https://www.betexplorer.com/soccer/england/league-one-2017-2018/afc-wimbledon-fleetwood-town/EF66hqV5/;Blackpool - Doncaster;https://www.betexplorer.com/soccer/england/league-one-2017-2018/blackpool-doncaster/zVfFjNaI/;Bristol Rovers - Bury;https://www.betexplorer.com/soccer/england/league-one-2017-2018/bristol-rovers-bury/lYbJksFO/;Northampton - Charlton;https://www.betexplorer.com/soccer/england/league-one-2017-2018/northampton-charlton/4pZS9p0t/;Oxford Utd - Scunthorpe;https://www.betexplorer.com/soccer/england/league-one-2017-2018/oxford-utd-scunthorpe/MLTX84Fn/;Plymouth - Southend;https://www.betexplorer.com/soccer/england/league-one-2017-2018/plymouth-southend/0CSy8OUh/;Rochdale - Shrewsbury;https://www.betexplorer.com/soccer/england/league-one-2017-2018/rochdale-shrewsbury/fZRu7rpa/;Rotherham - Peterborough;https://www.betexplorer.com/soccer/england/league-one-2017-2018/rotherham-peterborough/zqzl5MEB/;Wigan - Oldham;https://www.betexplorer.com/soccer/england/league-one-2017-2018/wigan-oldham/nN36N3Uu/;Blackburn - Bradford City;https://www.betexplorer.com/soccer/england/league-one-2017-2018/blackburn-bradford-city/h65Ai3pC/;Gillingham - MK Dons;https://www.betexplorer.com/soccer/england/league-one-2017-2018/gillingham-milton-keynes-dons/2ym1EQiP/
39. ROUND;Portsmouth - Oxford Utd;https://www.betexplorer.com/soccer/england/league-one-2017-2018/portsmouth-oxford-utd/WWEkdRVt/;Bradford City - Gillingham;https://www.betexplorer.com/soccer/england/league-one-2017-2018/bradford-city-gillingham/htfGsSGm/;Bury - Wigan;https://www.betexplorer.com/soccer/england/league-one-2017-2018/bury-wigan/WWhKtnWg/;Charlton - Plymouth;https://www.betexplorer.com/soccer/england/league-one-2017-2018/charlton-plymouth/EerPu6o0/;Fleetwood - Northampton;https://www.betexplorer.com/soccer/england/league-one-2017-2018/fleetwood-town-northampton/KhoXwpGC/;MK Dons - Blackpool;https://www.betexplorer.com/soccer/england/league-one-2017-2018/milton-keynes-dons-blackpool/bqpyw4VI/;Peterborough - Bristol Rovers;https://www.betexplorer.com/soccer/england/league-one-2017-2018/peterborough-bristol-rovers/EiSN07NP/;Scunthorpe - Rochdale;https://www.betexplorer.com/soccer/england/league-one-2017-2018/scunthorpe-rochdale/pzJgeoom/;Shrewsbury - AFC Wimbledon;https://www.betexplorer.com/soccer/england/league-one-2017-2018/shrewsbury-afc-wimbledon/Sb8bf50g/;Southend - Rotherham;https://www.betexplorer.com/soccer/england/league-one-2017-2018/southend-rotherham/6k72gPFa/
38. ROUND;Walsall - Wigan;https://www.betexplorer.com/soccer/england/league-one-2017-2018/walsall-wigan/O6kCr81s/
42. ROUND;Northampton - Shrewsbury;https://www.betexplorer.com/soccer/england/league-one-2017-2018/northampton-shrewsbury/EDL2IWlS/
32. ROUND;Rochdale - Fleetwood;https://www.betexplorer.com/soccer/england/league-one-2017-2018/rochdale-fleetwood-town/CjpZizOe/
38. ROUND;Doncaster - Bradford City;https://www.betexplorer.com/soccer/england/league-one-2017-2018/doncaster-bradford-city/KblsVlXs/;Blackpool - Southend;https://www.betexplorer.com/soccer/england/league-one-2017-2018/blackpool-southend/0Ay9mcm9/;Charlton - Fleetwood;https://www.betexplorer.com/soccer/england/league-one-2017-2018/charlton-fleetwood-town/v1zDnH2F/;MK Dons - Bury;https://www.betexplorer.com/soccer/england/league-one-2017-2018/milton-keynes-dons-bury/SOikTS1f/;Northampton - Rotherham;https://www.betexplorer.com/soccer/england/league-one-2017-2018/northampton-rotherham/6FjgSnH0/;Oldham - Portsmouth;https://www.betexplorer.com/soccer/england/league-one-2017-2018/oldham-portsmouth/YyNkR6W6/;Oxford Utd - Peterborough;https://www.betexplorer.com/soccer/england/league-one-2017-2018/oxford-utd-peterborough/CSLgQQoD/;Plymouth - Bristol Rovers;https://www.betexplorer.com/soccer/england/league-one-2017-2018/plymouth-bristol-rovers/QV9ykAOD/;Rochdale - AFC Wimbledon;https://www.betexplorer.com/soccer/england/league-one-2017-2018/rochdale-afc-wimbledon/vZDulUwK/;Scunthorpe - Shrewsbury;https://www.betexplorer.com/soccer/england/league-one-2017-2018/scunthorpe-shrewsbury/Mc3pmlgQ/
34. ROUND;Bradford City - Wigan;https://www.betexplorer.com/soccer/england/league-one-2017-2018/bradford-city-wigan/tpwfIWy1/
30. ROUND;Blackpool - Charlton;https://www.betexplorer.com/soccer/england/league-one-2017-2018/blackpool-charlton/bog6X8tC/;Bury - Peterborough;https://www.betexplorer.com/soccer/england/league-one-2017-2018/bury-peterborough/hpnFVnBO/;MK Dons - Rotherham;https://www.betexplorer.com/soccer/england/league-one-2017-2018/milton-keynes-dons-rotherham/QXGTlABn/
29. ROUND;Rochdale - Southend;https://www.betexplorer.com/soccer/england/league-one-2017-2018/rochdale-southend/G2coxXRt/
37. ROUND;AFC Wimbledon - Oxford Utd;https://www.betexplorer.com/soccer/england/league-one-2017-2018/afc-wimbledon-oxford-utd/MeM801Bi/;Blackburn - Blackpool;https://www.betexplorer.com/soccer/england/league-one-2017-2018/blackburn-blackpool/0nLCaLQc/;Bristol Rovers - Northampton;https://www.betexplorer.com/soccer/england/league-one-2017-2018/bristol-rovers-northampton/dEELcaeA/;Bury - Oldham;https://www.betexplorer.com/soccer/england/league-one-2017-2018/bury-oldham/jyEPdJAG/;Fleetwood - Plymouth;https://www.betexplorer.com/soccer/england/league-one-2017-2018/fleetwood-town-plymouth/URCTewQM/;Peterborough - Charlton;https://www.betexplorer.com/soccer/england/league-one-2017-2018/peterborough-charlton/n37YfcuT/;Portsmouth - Gillingham;https://www.betexplorer.com/soccer/england/league-one-2017-2018/portsmouth-gillingham/lCg0jHmp/;Rotherham - Rochdale;https://www.betexplorer.com/soccer/england/league-one-2017-2018/rotherham-rochdale/rZh4ky3j/;Shrewsbury - Walsall;https://www.betexplorer.com/soccer/england/league-one-2017-2018/shrewsbury-walsall/f9d8leId/;Southend - Doncaster;https://www.betexplorer.com/soccer/england/league-one-2017-2018/southend-doncaster/hpY0kJId/;Wigan - Scunthorpe;https://www.betexplorer.com/soccer/england/league-one-2017-2018/wigan-scunthorpe/WzX4lwY2/
30. ROUND;Walsall - Rochdale;https://www.betexplorer.com/soccer/england/league-one-2017-2018/walsall-rochdale/fD8poSAB/
36. ROUND;Blackburn - Wigan;https://www.betexplorer.com/soccer/england/league-one-2017-2018/blackburn-wigan/YL4qPvko/;MK Dons - Bristol Rovers;https://www.betexplorer.com/soccer/england/league-one-2017-2018/milton-keynes-dons-bristol-rovers/O0frptRA/;Scunthorpe - Oldham;https://www.betexplorer.com/soccer/england/league-one-2017-2018/scunthorpe-oldham/AHdfsvBT/;Southend - Walsall;https://www.betexplorer.com/soccer/england/league-one-2017-2018/southend-walsall/fkYQyIYj/
27. ROUND;AFC Wimbledon - Blackburn;https://www.betexplorer.com/soccer/england/league-one-2017-2018/afc-wimbledon-blackburn/zT5HYx4i/;Peterborough - Walsall;https://www.betexplorer.com/soccer/england/league-one-2017-2018/peterborough-walsall/riU5Cnmk/
35. ROUND;Bristol Rovers - Scunthorpe;https://www.betexplorer.com/soccer/england/league-one-2017-2018/bristol-rovers-scunthorpe/OQwZI3SB/;Bury - Gillingham;https://www.betexplorer.com/soccer/england/league-one-2017-2018/bury-gillingham/2HxwINsI/;Charlton - Shrewsbury;https://www.betexplorer.com/soccer/england/league-one-2017-2018/charlton-shrewsbury/ptSsHscO/;Fleetwood - MK Dons;https://www.betexplorer.com/soccer/england/league-one-2017-2018/fleetwood-town-milton-keynes-dons/bqWoG1CU/;Northampton - Oxford Utd;https://www.betexplorer.com/soccer/england/league-one-2017-2018/northampton-oxford-utd/z57iyort/;Peterborough - AFC Wimbledon;https://www.betexplorer.com/soccer/england/league-one-2017-2018/peterborough-afc-wimbledon/f7NhZOCh/;Plymouth - Bradford City;https://www.betexplorer.com/soccer/england/league-one-2017-2018/plymouth-bradford-city/YcMdYrSb/;Portsmouth - Blackpool;https://www.betexplorer.com/soccer/england/league-one-2017-2018/portsmouth-blackpool/SKL0X2s5/;Rotherham - Doncaster;https://www.betexplorer.com/soccer/england/league-one-2017-2018/rotherham-doncaster/tOP4WMdB/;Walsall - Blackburn;https://www.betexplorer.com/soccer/england/league-one-2017-2018/walsall-blackburn/OnF9VtCH/;Wigan - Rochdale;https://www.betexplorer.com/soccer/england/league-one-2017-2018/wigan-rochdale/2wEDU0RN/
27. ROUND;Rochdale - MK Dons;https://www.betexplorer.com/soccer/england/league-one-2017-2018/rochdale-milton-keynes-dons/G4SDAQH1/;Fleetwood - Portsmouth;https://www.betexplorer.com/soccer/england/league-one-2017-2018/fleetwood-town-portsmouth/fTCTVzlA/;Shrewsbury - Gillingham;https://www.betexplorer.com/soccer/england/league-one-2017-2018/shrewsbury-gillingham/A394XmPE/
34. ROUND;Blackburn - Bury;https://www.betexplorer.com/soccer/england/league-one-2017-2018/blackburn-bury/pIqoKh7l/;Blackpool - Peterborough;https://www.betexplorer.com/soccer/england/league-one-2017-2018/blackpool-peterborough/StZkJCMf/;AFC Wimbledon - Bristol Rovers;https://www.betexplorer.com/soccer/england/league-one-2017-2018/afc-wimbledon-bristol-rovers/6RpsLYir/;Doncaster - Fleetwood;https://www.betexplorer.com/soccer/england/league-one-2017-2018/doncaster-fleetwood-town/z7xbHji7/;Gillingham - Walsall;https://www.betexplorer.com/soccer/england/league-one-2017-2018/gillingham-walsall/Ecy2GA6D/;MK Dons - Charlton;https://www.betexplorer.com/soccer/england/league-one-2017-2018/milton-keynes-dons-charlton/jFKpufqE/;Oxford Utd - Plymouth;https://www.betexplorer.com/soccer/england/league-one-2017-2018/oxford-utd-plymouth/SvrENRDt/;Scunthorpe - Northampton;https://www.betexplorer.com/soccer/england/league-one-2017-2018/scunthorpe-northampton/YyoML5rg/;Shrewsbury - Rotherham;https://www.betexplorer.com/soccer/england/league-one-2017-2018/shrewsbury-rotherham/G0zRKPca/;Southend - Portsmouth;https://www.betexplorer.com/soccer/england/league-one-2017-2018/southend-portsmouth/fiZUJqD5/
33. ROUND;Bristol Rovers - Rochdale;https://www.betexplorer.com/soccer/england/league-one-2017-2018/bristol-rovers-rochdale/zPVTDHpF/;Bury - Southend;https://www.betexplorer.com/soccer/england/league-one-2017-2018/bury-southend/EFUXCy0L/;Charlton - Bradford City;https://www.betexplorer.com/soccer/england/league-one-2017-2018/charlton-bradford-city/dvKxCeFR/;Fleetwood - Shrewsbury;https://www.betexplorer.com/soccer/england/league-one-2017-2018/fleetwood-town-shrewsbury/WWA47FNr/;Northampton - Gillingham;https://www.betexplorer.com/soccer/england/league-one-2017-2018/northampton-gillingham/QgA86Zxk/;Oldham - MK Dons;https://www.betexplorer.com/soccer/england/league-one-2017-2018/oldham-milton-keynes-dons/4p9C5ghe/;Peterborough - Scunthorpe;https://www.betexplorer.com/soccer/england/league-one-2017-2018/peterborough-scunthorpe/ML3H4D71/;Plymouth - AFC Wimbledon;https://www.betexplorer.com/soccer/england/league-one-2017-2018/plymouth-afc-wimbledon/0C2L3XM7/;Portsmouth - Blackburn;https://www.betexplorer.com/soccer/england/league-one-2017-2018/portsmouth-blackburn/EFj3SGa8/;Rotherham - Oxford Utd;https://www.betexplorer.com/soccer/england/league-one-2017-2018/rotherham-oxford-utd/SIf7RzFE/;Walsall - Doncaster;https://www.betexplorer.com/soccer/england/league-one-2017-2018/walsall-doncaster/AspCQfUK/;Wigan - Blackpool;https://www.betexplorer.com/soccer/england/league-one-2017-2018/wigan-blackpool/lYrGPEqR/
32. ROUND;AFC Wimbledon - Northampton;https://www.betexplorer.com/soccer/england/league-one-2017-2018/afc-wimbledon-northampton/Sxio30Wd/;Blackburn - Oldham;https://www.betexplorer.com/soccer/england/league-one-2017-2018/blackburn-oldham/6Tkk2Ko3/;Blackpool - Walsall;https://www.betexplorer.com/soccer/england/league-one-2017-2018/blackpool-walsall/lhuf1v19/;Bradford City - Bury;https://www.betexplorer.com/soccer/england/league-one-2017-2018/bradford-city-bury/2eqb0bGF/;Doncaster - Charlton;https://www.betexplorer.com/soccer/england/league-one-2017-2018/doncaster-charlton/dIr2aIVL/;Gillingham - Peterborough;https://www.betexplorer.com/soccer/england/league-one-2017-2018/gillingham-peterborough/z9s6bxoS/;MK Dons - Portsmouth;https://www.betexplorer.com/soccer/england/league-one-2017-2018/milton-keynes-dons-portsmouth/vwnRgdgq/;Oxford Utd - Bristol Rovers;https://www.betexplorer.com/soccer/england/league-one-2017-2018/oxford-utd-bristol-rovers/ITpVhG8k/;Scunthorpe - Rotherham;https://www.betexplorer.com/soccer/england/league-one-2017-2018/scunthorpe-rotherham/Qglwifw2/;Shrewsbury - Plymouth;https://www.betexplorer.com/soccer/england/league-one-2017-2018/shrewsbury-plymouth/SbSLFwG2/;Southend - Wigan;https://www.betexplorer.com/soccer/england/league-one-2017-2018/southend-wigan/6kRPEcV8/
21. ROUND;Bury - AFC Wimbledon;https://www.betexplorer.com/soccer/england/league-one-2017-2018/bury-afc-wimbledon/j5ZGM2zG/
31. ROUND;Bristol Rovers - Shrewsbury;https://www.betexplorer.com/soccer/england/league-one-2017-2018/bristol-rovers-shrewsbury/v3VHSJfp/;Bury - Blackpool;https://www.betexplorer.com/soccer/england/league-one-2017-2018/bury-blackpool/IgULRwAj/;Charlton - Oxford Utd;https://www.betexplorer.com/soccer/england/league-one-2017-2018/charlton-oxford-utd/Kb84jNni/;Fleetwood - Scunthorpe;https://www.betexplorer.com/soccer/england/league-one-2017-2018/fleetwood-town-scunthorpe/Y1C8ks2c/;Northampton - Rochdale;https://www.betexplorer.com/soccer/england/league-one-2017-2018/northampton-rochdale/SOBCl1H3/;Oldham - Bradford City;https://www.betexplorer.com/soccer/england/league-one-2017-2018/oldham-bradford-city/6FAGmLW9/;Peterborough - Southend;https://www.betexplorer.com/soccer/england/league-one-2017-2018/peterborough-southend/Oj5LnunG/;Plymouth - Blackburn;https://www.betexplorer.com/soccer/england/league-one-2017-2018/plymouth-blackburn/2s4Poa1M/;Portsmouth - Doncaster;https://www.betexplorer.com/soccer/england/league-one-2017-2018/portsmouth-doncaster/d43TpJGS/;Rotherham - AFC Wimbledon;https://www.betexplorer.com/soccer/england/league-one-2017-2018/rotherham-afc-wimbledon/I79ftwPq/;Walsall - MK Dons;https://www.betexplorer.com/soccer/england/league-one-2017-2018/walsall-milton-keynes-dons/0Wbaucvj/;Wigan - Gillingham;https://www.betexplorer.com/soccer/england/league-one-2017-2018/wigan-gillingham/vNc3vHgd/
17. ROUND;Blackburn - Walsall;https://www.betexplorer.com/soccer/england/league-one-2017-2018/blackburn-walsall/x6LOvse8/
30. ROUND;Blackburn - Northampton;https://www.betexplorer.com/soccer/england/league-one-2017-2018/blackburn-northampton/Kff2YlR5/;Bradford City - AFC Wimbledon;https://www.betexplorer.com/soccer/england/league-one-2017-2018/bradford-city-afc-wimbledon/tArBWSeI/;Doncaster - Bristol Rovers;https://www.betexplorer.com/soccer/england/league-one-2017-2018/doncaster-bristol-rovers/6mzcfWmP/;Gillingham - Fleetwood;https://www.betexplorer.com/soccer/england/league-one-2017-2018/gillingham-fleetwood-town/8dMOkjdt/;Oldham - Plymouth;https://www.betexplorer.com/soccer/england/league-one-2017-2018/oldham-plymouth/4OFXmUQh/;Portsmouth - Shrewsbury;https://www.betexplorer.com/soccer/england/league-one-2017-2018/portsmouth-shrewsbury/boFymlta/;Southend - Scunthorpe;https://www.betexplorer.com/soccer/england/league-one-2017-2018/southend-scunthorpe/ClJun8e5/
27. ROUND;Rotherham - Bradford City;https://www.betexplorer.com/soccer/england/league-one-2017-2018/rotherham-bradford-city/U7WH9pX7/;Scunthorpe - Doncaster;https://www.betexplorer.com/soccer/england/league-one-2017-2018/scunthorpe-doncaster/WCA0YT98/
29. ROUND;AFC Wimbledon - Blackpool;https://www.betexplorer.com/soccer/england/league-one-2017-2018/afc-wimbledon-blackpool/OUDMwPol/;Bristol Rovers - Bradford City;https://www.betexplorer.com/soccer/england/league-one-2017-2018/bristol-rovers-bradford-city/2LCQxq1f/;Charlton - Walsall;https://www.betexplorer.com/soccer/england/league-one-2017-2018/charlton-walsall/pp2Vy3G0/;Fleetwood - Blackburn;https://www.betexplorer.com/soccer/england/league-one-2017-2018/fleetwood-town-blackburn/bm6ZzNV6/;Northampton - MK Dons;https://www.betexplorer.com/soccer/england/league-one-2017-2018/northampton-milton-keynes-dons/hA5wzsoD/;Oxford Utd - Bury;https://www.betexplorer.com/soccer/england/league-one-2017-2018/oxford-utd-bury/W04sZ00J/;Peterborough - Oldham;https://www.betexplorer.com/soccer/england/league-one-2017-2018/peterborough-oldham/KWBFsg4J/;Plymouth - Wigan;https://www.betexplorer.com/soccer/england/league-one-2017-2018/plymouth-wigan/bNAJtDJP/;Rotherham - Portsmouth;https://www.betexplorer.com/soccer/england/league-one-2017-2018/rotherham-portsmouth/U51kyism/;Scunthorpe - Gillingham;https://www.betexplorer.com/soccer/england/league-one-2017-2018/scunthorpe-gillingham/CUjfzBdg/;Shrewsbury - Doncaster;https://www.betexplorer.com/soccer/england/league-one-2017-2018/shrewsbury-doncaster/jLkbZUBa/
28. ROUND;Blackburn - Shrewsbury;https://www.betexplorer.com/soccer/england/league-one-2017-2018/blackburn-shrewsbury/IT88W7vL/;Blackpool - Bristol Rovers;https://www.betexplorer.com/soccer/england/league-one-2017-2018/blackpool-bristol-rovers/dK7CVRgR/;Bradford City - Northampton;https://www.betexplorer.com/soccer/england/league-one-2017-2018/bradford-city-northampton/21puRo2r/;Bury - Charlton;https://www.betexplorer.com/soccer/england/league-one-2017-2018/bury-charlton/G4lqQ5Hl/;Doncaster - Plymouth;https://www.betexplorer.com/soccer/england/league-one-2017-2018/doncaster-plymouth/ARmmPPWf/;Gillingham - Rochdale;https://www.betexplorer.com/soccer/england/league-one-2017-2018/gillingham-rochdale/lIniOqn1/;MK Dons - AFC Wimbledon;https://www.betexplorer.com/soccer/england/league-one-2017-2018/milton-keynes-dons-afc-wimbledon/6gsdN317/;Oldham - Rotherham;https://www.betexplorer.com/soccer/england/league-one-2017-2018/oldham-rotherham/ppt0MNGD/;Portsmouth - Scunthorpe;https://www.betexplorer.com/soccer/england/league-one-2017-2018/portsmouth-scunthorpe/bmUso7gE/;Southend - Fleetwood;https://www.betexplorer.com/soccer/england/league-one-2017-2018/southend-fleetwood-town/ANXopR8K/;Walsall - Oxford Utd;https://www.betexplorer.com/soccer/england/league-one-2017-2018/walsall-oxford-utd/hnNjqoOQ/;Wigan - Peterborough;https://www.betexplorer.com/soccer/england/league-one-2017-2018/wigan-peterborough/fe9Iv5Ws/
27. ROUND;Charlton - Oldham;https://www.betexplorer.com/soccer/england/league-one-2017-2018/charlton-oldham/drfQWGY3/;Northampton - Southend;https://www.betexplorer.com/soccer/england/league-one-2017-2018/northampton-southend/ljCXUf3G/;Oxford Utd - Blackpool;https://www.betexplorer.com/soccer/england/league-one-2017-2018/oxford-utd-blackpool/QFZ0DSXr/;Plymouth - Bury;https://www.betexplorer.com/soccer/england/league-one-2017-2018/plymouth-bury/MsT9B62e/
26. ROUND;AFC Wimbledon - Southend;https://www.betexplorer.com/soccer/england/league-one-2017-2018/afc-wimbledon-southend/0M19CYdI/;Bristol Rovers - Portsmouth;https://www.betexplorer.com/soccer/england/league-one-2017-2018/bristol-rovers-portsmouth/xnPxe6Rp/;Charlton - Gillingham;https://www.betexplorer.com/soccer/england/league-one-2017-2018/charlton-gillingham/vi3LJk4o/;Fleetwood - Bradford City;https://www.betexplorer.com/soccer/england/league-one-2017-2018/fleetwood-town-bradford-city/hf7PI9Ji/;Northampton - Wigan;https://www.betexplorer.com/soccer/england/league-one-2017-2018/northampton-wigan/nH6THTYc/;Oxford Utd - MK Dons;https://www.betexplorer.com/soccer/england/league-one-2017-2018/oxford-utd-milton-keynes-dons/Q75XGml4/;Peterborough - Doncaster;https://www.betexplorer.com/soccer/england/league-one-2017-2018/peterborough-doncaster/hUyUF73A/;Plymouth - Walsall;https://www.betexplorer.com/soccer/england/league-one-2017-2018/plymouth-walsall/WKzYERIG/;Rochdale - Blackpool;https://www.betexplorer.com/soccer/england/league-one-2017-2018/rochdale-blackpool/QszxEoYM/;Rotherham - Blackburn;https://www.betexplorer.com/soccer/england/league-one-2017-2018/rotherham-blackburn/vovtD5mT/;Scunthorpe - Bury;https://www.betexplorer.com/soccer/england/league-one-2017-2018/scunthorpe-bury/pSG88Pep/;Shrewsbury - Oldham;https://www.betexplorer.com/soccer/england/league-one-2017-2018/shrewsbury-oldham/OIFC7qBj/
25. ROUND;Blackburn - Scunthorpe;https://www.betexplorer.com/soccer/england/league-one-2017-2018/blackburn-scunthorpe/OGruzYRT/;Blackpool - Plymouth;https://www.betexplorer.com/soccer/england/league-one-2017-2018/blackpool-plymouth/QPU6Vizo/;Bradford City - Oxford Utd;https://www.betexplorer.com/soccer/england/league-one-2017-2018/bradford-city-oxford-utd/SU8kfyDo/;Bury - Fleetwood;https://www.betexplorer.com/soccer/england/league-one-2017-2018/bury-fleetwood-town/tYCggeSi/;Gillingham - AFC Wimbledon;https://www.betexplorer.com/soccer/england/league-one-2017-2018/gillingham-afc-wimbledon/EoB1iZd4/;MK Dons - Peterborough;https://www.betexplorer.com/soccer/england/league-one-2017-2018/milton-keynes-dons-peterborough/WM56jgCA/;Oldham - Bristol Rovers;https://www.betexplorer.com/soccer/england/league-one-2017-2018/oldham-bristol-rovers/AD4AkDRG/;Portsmouth - Northampton;https://www.betexplorer.com/soccer/england/league-one-2017-2018/portsmouth-northampton/29SwYpdq/;Southend - Shrewsbury;https://www.betexplorer.com/soccer/england/league-one-2017-2018/southend-shrewsbury/EqWsX4Bk/;Walsall - Rotherham;https://www.betexplorer.com/soccer/england/league-one-2017-2018/walsall-rotherham/d8LnWOQe/;Doncaster - Rochdale;https://www.betexplorer.com/soccer/england/league-one-2017-2018/doncaster-rochdale/zeCchFsb/;Wigan - Charlton;https://www.betexplorer.com/soccer/england/league-one-2017-2018/wigan-charlton/zaKjVrt2/
24. ROUND;Blackburn - Rochdale;https://www.betexplorer.com/soccer/england/league-one-2017-2018/blackburn-rochdale/GWGkPGDB/;Blackpool - Scunthorpe;https://www.betexplorer.com/soccer/england/league-one-2017-2018/blackpool-scunthorpe/fNFgOzTH/;Bradford City - Peterborough;https://www.betexplorer.com/soccer/england/league-one-2017-2018/bradford-city-peterborough/xn5bNfrO/;Bury - Rotherham;https://www.betexplorer.com/soccer/england/league-one-2017-2018/bury-rotherham/lM82MEcU/;Doncaster - Northampton;https://www.betexplorer.com/soccer/england/league-one-2017-2018/doncaster-northampton/Qsp8sbTu/;Gillingham - Oxford Utd;https://www.betexplorer.com/soccer/england/league-one-2017-2018/gillingham-oxford-utd/4YrCtIrn/;MK Dons - Plymouth;https://www.betexplorer.com/soccer/england/league-one-2017-2018/milton-keynes-dons-plymouth/M9wHuxbh/;Oldham - Fleetwood;https://www.betexplorer.com/soccer/england/league-one-2017-2018/oldham-fleetwood-town/00xLvdDb/;Portsmouth - AFC Wimbledon;https://www.betexplorer.com/soccer/england/league-one-2017-2018/portsmouth-afc-wimbledon/fNyPwGS4/;Southend - Charlton;https://www.betexplorer.com/soccer/england/league-one-2017-2018/southend-charlton/8QuTxzrB/;Walsall - Bristol Rovers;https://www.betexplorer.com/soccer/england/league-one-2017-2018/walsall-bristol-rovers/jkVXyfcH/;Wigan - Shrewsbury;https://www.betexplorer.com/soccer/england/league-one-2017-2018/wigan-shrewsbury/UuUyyECN/
23. ROUND;AFC Wimbledon - Bradford City;https://www.betexplorer.com/soccer/england/league-one-2017-2018/afc-wimbledon-bradford-city/8px7Eaag/;Bristol Rovers - Doncaster;https://www.betexplorer.com/soccer/england/league-one-2017-2018/bristol-rovers-doncaster/nyyBDJEa/;Charlton - Blackpool;https://www.betexplorer.com/soccer/england/league-one-2017-2018/charlton-blackpool/UaQFCwU5/;Northampton - Blackburn;https://www.betexplorer.com/soccer/england/league-one-2017-2018/northampton-blackburn/xQTNAHbI/;Oxford Utd - Wigan;https://www.betexplorer.com/soccer/england/league-one-2017-2018/oxford-utd-wigan/GGSR9yEO/;Peterborough - Bury;https://www.betexplorer.com/soccer/england/league-one-2017-2018/peterborough-bury/G8Y2YKjP/;Plymouth - Oldham;https://www.betexplorer.com/soccer/england/league-one-2017-2018/plymouth-oldham/IHKUTvat/;Rochdale - Walsall;https://www.betexplorer.com/soccer/england/league-one-2017-2018/rochdale-walsall/CvKYSbEn/;Rotherham - MK Dons;https://www.betexplorer.com/soccer/england/league-one-2017-2018/rotherham-milton-keynes-dons/QsOxSITh/;Scunthorpe - Southend;https://www.betexplorer.com/soccer/england/league-one-2017-2018/scunthorpe-southend/86DsRxqa/;Shrewsbury - Portsmouth;https://www.betexplorer.com/soccer/england/league-one-2017-2018/shrewsbury-portsmouth/ncCoQdb5/;Fleetwood - Gillingham;https://www.betexplorer.com/soccer/england/league-one-2017-2018/fleetwood-town-gillingham/r3UJBcqC/
22. ROUND;Fleetwood - Peterborough;https://www.betexplorer.com/soccer/england/league-one-2017-2018/fleetwood-town-peterborough/E9cU0tVg/;AFC Wimbledon - Wigan;https://www.betexplorer.com/soccer/england/league-one-2017-2018/afc-wimbledon-wigan/tIthKUVE/;Blackburn - Charlton;https://www.betexplorer.com/soccer/england/league-one-2017-2018/blackburn-charlton/Is4L220s/;Doncaster - Oldham;https://www.betexplorer.com/soccer/england/league-one-2017-2018/doncaster-oldham/06gQ1MFm/;Gillingham - Bristol Rovers;https://www.betexplorer.com/soccer/england/league-one-2017-2018/gillingham-bristol-rovers/8WdYa0p0/;Northampton - Walsall;https://www.betexplorer.com/soccer/england/league-one-2017-2018/northampton-walsall/nNexaKa6/;Portsmouth - Bury;https://www.betexplorer.com/soccer/england/league-one-2017-2018/portsmouth-bury/4bjsbvFC/;Rochdale - Oxford Utd;https://www.betexplorer.com/soccer/england/league-one-2017-2018/rochdale-oxford-utd/rkkocbUI/;Rotherham - Plymouth;https://www.betexplorer.com/soccer/england/league-one-2017-2018/rotherham-plymouth/dhwTLs7J/;Scunthorpe - MK Dons;https://www.betexplorer.com/soccer/england/league-one-2017-2018/scunthorpe-milton-keynes-dons/fwdWK1MP/;Shrewsbury - Blackpool;https://www.betexplorer.com/soccer/england/league-one-2017-2018/shrewsbury-blackpool/0KYbGLUt/;Southend - Bradford City;https://www.betexplorer.com/soccer/england/league-one-2017-2018/southend-bradford-city/vBX2Fupm/
21. ROUND;Blackpool - Rotherham;https://www.betexplorer.com/soccer/england/league-one-2017-2018/blackpool-rotherham/IFs4P4jc/;Bradford City - Rochdale;https://www.betexplorer.com/soccer/england/league-one-2017-2018/bradford-city-rochdale/d6t8OO53/;Bristol Rovers - Southend;https://www.betexplorer.com/soccer/england/league-one-2017-2018/bristol-rovers-southend/vVVCNrL9/;Charlton - Portsmouth;https://www.betexplorer.com/soccer/england/league-one-2017-2018/charlton-portsmouth/pSYKLMkM/;MK Dons - Shrewsbury;https://www.betexplorer.com/soccer/england/league-one-2017-2018/milton-keynes-dons-shrewsbury/OIXOKt5S/;Oldham - Northampton;https://www.betexplorer.com/soccer/england/league-one-2017-2018/oldham-northampton/4CFiG0Dq/;Oxford Utd - Doncaster;https://www.betexplorer.com/soccer/england/league-one-2017-2018/oxford-utd-doncaster/r3EeFKSk/;Peterborough - Blackburn;https://www.betexplorer.com/soccer/england/league-one-2017-2018/peterborough-blackburn/xQDaEvrd/;Plymouth - Gillingham;https://www.betexplorer.com/soccer/england/league-one-2017-2018/plymouth-gillingham/jTH3Dbc2/;Walsall - Scunthorpe;https://www.betexplorer.com/soccer/england/league-one-2017-2018/walsall-scunthorpe/f1rpMj12/;Wigan - Fleetwood;https://www.betexplorer.com/soccer/england/league-one-2017-2018/wigan-fleetwood-town/YislLAG8/
19. ROUND;Bristol Rovers - Rotherham;https://www.betexplorer.com/soccer/england/league-one-2017-2018/bristol-rovers-rotherham/KjrwtoxU/
17. ROUND;Southend - Oldham;https://www.betexplorer.com/soccer/england/league-one-2017-2018/southend-oldham/n1nZpIHs/
12. ROUND;Blackpool - Blackburn;https://www.betexplorer.com/soccer/england/league-one-2017-2018/blackpool-blackburn/pzaKctqc/;Charlton - Peterborough;https://www.betexplorer.com/soccer/england/league-one-2017-2018/charlton-peterborough/OQcOd0b3/
20. ROUND;AFC Wimbledon - Walsall;https://www.betexplorer.com/soccer/england/league-one-2017-2018/afc-wimbledon-walsall/4xarkOEp/;Blackburn - Bristol Rovers;https://www.betexplorer.com/soccer/england/league-one-2017-2018/blackburn-bristol-rovers/rTcnlrUj/;Doncaster - MK Dons;https://www.betexplorer.com/soccer/england/league-one-2017-2018/doncaster-milton-keynes-dons/pYyVCR6i/;Fleetwood - Blackpool;https://www.betexplorer.com/soccer/england/league-one-2017-2018/fleetwood-town-blackpool/bytZBoMc/;Gillingham - Oldham;https://www.betexplorer.com/soccer/england/league-one-2017-2018/gillingham-oldham/hbuwB5y4/;Northampton - Bury;https://www.betexplorer.com/soccer/england/league-one-2017-2018/northampton-bury/WlvsAPjA/;Portsmouth - Plymouth;https://www.betexplorer.com/soccer/england/league-one-2017-2018/portsmouth-plymouth/bBAw9q6G/;Rochdale - Peterborough;https://www.betexplorer.com/soccer/england/league-one-2017-2018/rochdale-peterborough/x29s83LM/;Rotherham - Wigan;https://www.betexplorer.com/soccer/england/league-one-2017-2018/rotherham-wigan/WO8o7NzT/;Scunthorpe - Charlton;https://www.betexplorer.com/soccer/england/league-one-2017-2018/scunthorpe-charlton/8p0D2sqp/;Shrewsbury - Bradford City;https://www.betexplorer.com/soccer/england/league-one-2017-2018/shrewsbury-bradford-city/j9kI11bj/;Southend - Oxford Utd;https://www.betexplorer.com/soccer/england/league-one-2017-2018/southend-oxford-utd/UalM0LDd/
19. ROUND;Blackpool - Gillingham;https://www.betexplorer.com/soccer/england/league-one-2017-2018/blackpool-gillingham/byfUs77H/;Bradford City - Scunthorpe;https://www.betexplorer.com/soccer/england/league-one-2017-2018/bradford-city-scunthorpe/xShYtRMN/;Bury - Shrewsbury;https://www.betexplorer.com/soccer/england/league-one-2017-2018/bury-shrewsbury/dCZ4y5po/;Charlton - Rochdale;https://www.betexplorer.com/soccer/england/league-one-2017-2018/charlton-rochdale/AFNn0lNo/;MK Dons - Southend;https://www.betexplorer.com/soccer/england/league-one-2017-2018/milton-keynes-dons-southend/l6Mja8xh/;Oldham - AFC Wimbledon;https://www.betexplorer.com/soccer/england/league-one-2017-2018/oldham-afc-wimbledon/6sHebSib/;Oxford Utd - Blackburn;https://www.betexplorer.com/soccer/england/league-one-2017-2018/oxford-utd-blackburn/pYFacn74/;Peterborough - Portsmouth;https://www.betexplorer.com/soccer/england/league-one-2017-2018/peterborough-portsmouth/veF3d6MA/;Plymouth - Northampton;https://www.betexplorer.com/soccer/england/league-one-2017-2018/plymouth-northampton/jVI7eQyH/;Walsall - Fleetwood;https://www.betexplorer.com/soccer/england/league-one-2017-2018/walsall-fleetwood-town/Yg8CfpiN/;Wigan - Doncaster;https://www.betexplorer.com/soccer/england/league-one-2017-2018/wigan-doncaster/Cp7Gg46T/
18. ROUND;Bristol Rovers - AFC Wimbledon;https://www.betexplorer.com/soccer/england/league-one-2017-2018/bristol-rovers-afc-wimbledon/GziwpxXm/;Bury - Blackburn;https://www.betexplorer.com/soccer/england/league-one-2017-2018/bury-blackburn/fRksqdnf/;Charlton - MK Dons;https://www.betexplorer.com/soccer/england/league-one-2017-2018/charlton-milton-keynes-dons/xjunrG10/;Fleetwood - Doncaster;https://www.betexplorer.com/soccer/england/league-one-2017-2018/fleetwood-town-doncaster/zybkszH6/;Northampton - Scunthorpe;https://www.betexplorer.com/soccer/england/league-one-2017-2018/northampton-scunthorpe/UccgtfWC/;Oldham - Rochdale;https://www.betexplorer.com/soccer/england/league-one-2017-2018/oldham-rochdale/8ldcuEoJ/;Peterborough - Blackpool;https://www.betexplorer.com/soccer/england/league-one-2017-2018/peterborough-blackpool/ru45mBwt/;Plymouth - Oxford Utd;https://www.betexplorer.com/soccer/england/league-one-2017-2018/plymouth-oxford-utd/MV29nVhn/;Portsmouth - Southend;https://www.betexplorer.com/soccer/england/league-one-2017-2018/portsmouth-southend/Gh2Dok8h/;Rotherham - Shrewsbury;https://www.betexplorer.com/soccer/england/league-one-2017-2018/rotherham-shrewsbury/Ue6Hp9Nb/;Walsall - Gillingham;https://www.betexplorer.com/soccer/england/league-one-2017-2018/walsall-gillingham/CKeMqTx5/;Wigan - Bradford City;https://www.betexplorer.com/soccer/england/league-one-2017-2018/wigan-bradford-city/jBfQrmhB/
17. ROUND;AFC Wimbledon - Peterborough;https://www.betexplorer.com/soccer/england/league-one-2017-2018/afc-wimbledon-peterborough/OQwxHw31/;Blackpool - Portsmouth;https://www.betexplorer.com/soccer/england/league-one-2017-2018/blackpool-portsmouth/pWOWxLPK/;Bradford City - Plymouth;https://www.betexplorer.com/soccer/england/league-one-2017-2018/bradford-city-plymouth/r747WI2l/;Doncaster - Rotherham;https://www.betexplorer.com/soccer/england/league-one-2017-2018/doncaster-rotherham/xU3BVxIf/;Gillingham - Bury;https://www.betexplorer.com/soccer/england/league-one-2017-2018/gillingham-bury/GK2FUdX0/;MK Dons - Fleetwood;https://www.betexplorer.com/soccer/england/league-one-2017-2018/milton-keynes-dons-fleetwood-town/dWJCTGn7/;Oxford Utd - Northampton;https://www.betexplorer.com/soccer/england/league-one-2017-2018/oxford-utd-northampton/zNIGSz2D/;Scunthorpe - Bristol Rovers;https://www.betexplorer.com/soccer/england/league-one-2017-2018/scunthorpe-bristol-rovers/2TA2jvfK/
5. ROUND;Blackburn - Fleetwood;https://www.betexplorer.com/soccer/england/league-one-2017-2018/blackburn-fleetwood-town/KMlDvFCp/
16. ROUND;Bristol Rovers - MK Dons;https://www.betexplorer.com/soccer/england/league-one-2017-2018/bristol-rovers-milton-keynes-dons/zNjDiNZk/;Bury - Doncaster;https://www.betexplorer.com/soccer/england/league-one-2017-2018/bury-doncaster/EDkHjskd/;Charlton - AFC Wimbledon;https://www.betexplorer.com/soccer/england/league-one-2017-2018/charlton-afc-wimbledon/GITaFQRd/;Fleetwood - Oxford Utd;https://www.betexplorer.com/soccer/england/league-one-2017-2018/fleetwood-town-oxford-utd/ShX3Eps3/;Northampton - Blackpool;https://www.betexplorer.com/soccer/england/league-one-2017-2018/northampton-blackpool/MFW7D4d9/;Oldham - Scunthorpe;https://www.betexplorer.com/soccer/england/league-one-2017-2018/oldham-scunthorpe/06VBCOBF/;Peterborough - Shrewsbury;https://www.betexplorer.com/soccer/england/league-one-2017-2018/peterborough-shrewsbury/IsQGBrRL/;Plymouth - Rochdale;https://www.betexplorer.com/soccer/england/league-one-2017-2018/plymouth-rochdale/SGFj5t4k/;Portsmouth - Bradford City;https://www.betexplorer.com/soccer/england/league-one-2017-2018/portsmouth-bradford-city/lW3a3KY1/;Rotherham - Gillingham;https://www.betexplorer.com/soccer/england/league-one-2017-2018/rotherham-gillingham/tv6pRNQ8/;Walsall - Southend;https://www.betexplorer.com/soccer/england/league-one-2017-2018/walsall-southend/WSbcOLAR/;Wigan - Blackburn;https://www.betexplorer.com/soccer/england/league-one-2017-2018/wigan-blackburn/jDuUIaYl/
12. ROUND;Oldham - Bury;https://www.betexplorer.com/soccer/england/league-one-2017-2018/oldham-bury/I1p1yjSf/
15. ROUND;AFC Wimbledon - Plymouth;https://www.betexplorer.com/soccer/england/league-one-2017-2018/afc-wimbledon-plymouth/U1m5ch6B/;Blackburn - Portsmouth;https://www.betexplorer.com/soccer/england/league-one-2017-2018/blackburn-portsmouth/8hn9dCLH/;Blackpool - Wigan;https://www.betexplorer.com/soccer/england/league-one-2017-2018/blackpool-wigan/jHyEeWzO/;Bradford City - Charlton;https://www.betexplorer.com/soccer/england/league-one-2017-2018/bradford-city-charlton/4KuIfjjU/;Doncaster - Walsall;https://www.betexplorer.com/soccer/england/league-one-2017-2018/doncaster-walsall/ttHNFZLu/;Gillingham - Northampton;https://www.betexplorer.com/soccer/england/league-one-2017-2018/gillingham-northampton/KWFREgyn/;MK Dons - Oldham;https://www.betexplorer.com/soccer/england/league-one-2017-2018/milton-keynes-dons-oldham/0rXODDjh/;Oxford Utd - Rotherham;https://www.betexplorer.com/soccer/england/league-one-2017-2018/oxford-utd-rotherham/vZVSCX5b/;Rochdale - Bristol Rovers;https://www.betexplorer.com/soccer/england/league-one-2017-2018/rochdale-bristol-rovers/YeVWBiL4/;Scunthorpe - Peterborough;https://www.betexplorer.com/soccer/england/league-one-2017-2018/scunthorpe-peterborough/naZzBBzB/;Shrewsbury - Fleetwood;https://www.betexplorer.com/soccer/england/league-one-2017-2018/shrewsbury-fleetwood-town/UNOuAVkH/;Southend - Bury;https://www.betexplorer.com/soccer/england/league-one-2017-2018/southend-bury/6mn9h3Kq/
14. ROUND;AFC Wimbledon - Rotherham;https://www.betexplorer.com/soccer/england/league-one-2017-2018/afc-wimbledon-rotherham/buUH2SQg/;Blackburn - Plymouth;https://www.betexplorer.com/soccer/england/league-one-2017-2018/blackburn-plymouth/xWSL1nt0/;Blackpool - Bury;https://www.betexplorer.com/soccer/england/league-one-2017-2018/blackpool-bury/KfIQ06e6/;Bradford City - Oldham;https://www.betexplorer.com/soccer/england/league-one-2017-2018/bradford-city-oldham/YcMUaQAC/;Doncaster - Portsmouth;https://www.betexplorer.com/soccer/england/league-one-2017-2018/doncaster-portsmouth/SKLYbpQI/;Gillingham - Wigan;https://www.betexplorer.com/soccer/england/league-one-2017-2018/gillingham-wigan/6BKxb4uP/;MK Dons - Walsall;https://www.betexplorer.com/soccer/england/league-one-2017-2018/milton-keynes-dons-walsall/pdjJ6dqP/;Oxford Utd - Charlton;https://www.betexplorer.com/soccer/england/league-one-2017-2018/oxford-utd-charlton/n5xo2Git/;Rochdale - Northampton;https://www.betexplorer.com/soccer/england/league-one-2017-2018/rochdale-northampton/tSyk1z7n/;Scunthorpe - Fleetwood;https://www.betexplorer.com/soccer/england/league-one-2017-2018/scunthorpe-fleetwood-town/vDfh0fMh/;Shrewsbury - Bristol Rovers;https://www.betexplorer.com/soccer/england/league-one-2017-2018/shrewsbury-bristol-rovers/MypcaEya/;Southend - Peterborough;https://www.betexplorer.com/soccer/england/league-one-2017-2018/southend-peterborough/0Sr1bYj5/
13. ROUND;Bristol Rovers - Oxford Utd;https://www.betexplorer.com/soccer/england/league-one-2017-2018/bristol-rovers-oxford-utd/EmU3eBJQ/;Bury - Bradford City;https://www.betexplorer.com/soccer/england/league-one-2017-2018/bury-bradford-city/GdGVjVRs/;Charlton - Doncaster;https://www.betexplorer.com/soccer/england/league-one-2017-2018/charlton-doncaster/bL5zjksl/;Fleetwood - Rochdale;https://www.betexplorer.com/soccer/england/league-one-2017-2018/fleetwood-town-rochdale/Ae9vk9df/;Northampton - AFC Wimbledon;https://www.betexplorer.com/soccer/england/league-one-2017-2018/northampton-afc-wimbledon/4I8rlTB0/;Oldham - Blackburn;https://www.betexplorer.com/soccer/england/league-one-2017-2018/oldham-blackburn/r97nmmR6/;Peterborough - Gillingham;https://www.betexplorer.com/soccer/england/league-one-2017-2018/peterborough-gillingham/0p2in7tD/;Plymouth - Shrewsbury;https://www.betexplorer.com/soccer/england/league-one-2017-2018/plymouth-shrewsbury/vy1eoReJ/;Portsmouth - MK Dons;https://www.betexplorer.com/soccer/england/league-one-2017-2018/portsmouth-milton-keynes-dons/hvkwAAYJ/;Rotherham - Scunthorpe;https://www.betexplorer.com/soccer/england/league-one-2017-2018/rotherham-scunthorpe/6sgs9UmQ/;Walsall - Blackpool;https://www.betexplorer.com/soccer/england/league-one-2017-2018/walsall-blackpool/COV94lds/;Wigan - Southend;https://www.betexplorer.com/soccer/england/league-one-2017-2018/wigan-southend/jFUD38Bm/
12. ROUND;Gillingham - Portsmouth;https://www.betexplorer.com/soccer/england/league-one-2017-2018/gillingham-portsmouth/KhiXfvTF/;Doncaster - Southend;https://www.betexplorer.com/soccer/england/league-one-2017-2018/doncaster-southend/6kmTeKD9/;MK Dons - Bradford City;https://www.betexplorer.com/soccer/england/league-one-2017-2018/milton-keynes-dons-bradford-city/ClF0wCcr/;Northampton - Bristol Rovers;https://www.betexplorer.com/soccer/england/league-one-2017-2018/northampton-bristol-rovers/juE4xWCl/;Oxford Utd - AFC Wimbledon;https://www.betexplorer.com/soccer/england/league-one-2017-2018/oxford-utd-afc-wimbledon/dhq5zAs1/;Plymouth - Fleetwood;https://www.betexplorer.com/soccer/england/league-one-2017-2018/plymouth-fleetwood-town/jFr9ZTd7/;Rochdale - Rotherham;https://www.betexplorer.com/soccer/england/league-one-2017-2018/rochdale-rotherham/4InDYmCD/;Scunthorpe - Wigan;https://www.betexplorer.com/soccer/england/league-one-2017-2018/scunthorpe-wigan/6NQecXlE/;Walsall - Shrewsbury;https://www.betexplorer.com/soccer/england/league-one-2017-2018/walsall-shrewsbury/pEPadi4K/
11. ROUND;AFC Wimbledon - Rochdale;https://www.betexplorer.com/soccer/england/league-one-2017-2018/afc-wimbledon-rochdale/rBhjNa7p/;Blackburn - Gillingham;https://www.betexplorer.com/soccer/england/league-one-2017-2018/blackburn-gillingham/M1ifMJMj/;Bradford City - Doncaster;https://www.betexplorer.com/soccer/england/league-one-2017-2018/bradford-city-doncaster/O6Vxo3ai/;Bristol Rovers - Plymouth;https://www.betexplorer.com/soccer/england/league-one-2017-2018/bristol-rovers-plymouth/xAZtpNEc/;Bury - MK Dons;https://www.betexplorer.com/soccer/england/league-one-2017-2018/bury-milton-keynes-dons/WWYpqsU3/;Fleetwood - Charlton;https://www.betexplorer.com/soccer/england/league-one-2017-2018/fleetwood-town-charlton/ANXlr1qA/;Peterborough - Oxford Utd;https://www.betexplorer.com/soccer/england/league-one-2017-2018/peterborough-oxford-utd/SbSgsLbG/;Portsmouth - Oldham;https://www.betexplorer.com/soccer/england/league-one-2017-2018/portsmouth-oldham/6kRctuEM/;Rotherham - Northampton;https://www.betexplorer.com/soccer/england/league-one-2017-2018/rotherham-northampton/0CQ1uaTS/;Shrewsbury - Scunthorpe;https://www.betexplorer.com/soccer/england/league-one-2017-2018/shrewsbury-scunthorpe/z5HTzJyp/;Southend - Blackpool;https://www.betexplorer.com/soccer/england/league-one-2017-2018/southend-blackpool/IT6YZxij/;Wigan - Walsall;https://www.betexplorer.com/soccer/england/league-one-2017-2018/wigan-walsall/dK5xZd6d/
10. ROUND;Blackburn - Rotherham;https://www.betexplorer.com/soccer/england/league-one-2017-2018/blackburn-rotherham/C8wwGr0H/;Blackpool - Rochdale;https://www.betexplorer.com/soccer/england/league-one-2017-2018/blackpool-rochdale/jaxsF2FN/;Bradford City - Fleetwood;https://www.betexplorer.com/soccer/england/league-one-2017-2018/bradford-city-fleetwood-town/YNRoEMUT/;Bury - Oxford Utd;https://www.betexplorer.com/soccer/england/league-one-2017-2018/bury-oxford-utd/fRXC9two/;Doncaster - Shrewsbury;https://www.betexplorer.com/soccer/england/league-one-2017-2018/doncaster-shrewsbury/8ULfYPFo/;Gillingham - Scunthorpe;https://www.betexplorer.com/soccer/england/league-one-2017-2018/gillingham-scunthorpe/nLKbXqVi/;MK Dons - Northampton;https://www.betexplorer.com/soccer/england/league-one-2017-2018/milton-keynes-dons-northampton/4dF3W3pb/;Oldham - Peterborough;https://www.betexplorer.com/soccer/england/league-one-2017-2018/oldham-peterborough/rmE7VNa4/;Portsmouth - Bristol Rovers;https://www.betexplorer.com/soccer/england/league-one-2017-2018/portsmouth-bristol-rovers/xADBUsFA/;Southend - AFC Wimbledon;https://www.betexplorer.com/soccer/england/league-one-2017-2018/southend-afc-wimbledon/jDHFT1UG/;Walsall - Charlton;https://www.betexplorer.com/soccer/england/league-one-2017-2018/walsall-charlton/Yy7KSLqN/;Wigan - Plymouth;https://www.betexplorer.com/soccer/england/league-one-2017-2018/wigan-plymouth/CS5ORuaT/
9. ROUND;Bristol Rovers - Blackpool;https://www.betexplorer.com/soccer/england/league-one-2017-2018/bristol-rovers-blackpool/rDcb4o15/;Charlton - Bury;https://www.betexplorer.com/soccer/england/league-one-2017-2018/charlton-bury/Qym335GB/;Fleetwood - Southend;https://www.betexplorer.com/soccer/england/league-one-2017-2018/fleetwood-town-southend/vui72PVH/;Northampton - Bradford City;https://www.betexplorer.com/soccer/england/league-one-2017-2018/northampton-bradford-city/Y1jB1qoO/;Oxford Utd - Walsall;https://www.betexplorer.com/soccer/england/league-one-2017-2018/oxford-utd-walsall/ChkF030U/;Peterborough - Wigan;https://www.betexplorer.com/soccer/england/league-one-2017-2018/peterborough-wigan/z3rELnWu/;Plymouth - Doncaster;https://www.betexplorer.com/soccer/england/league-one-2017-2018/plymouth-doncaster/EgsIK6on/;Rochdale - Gillingham;https://www.betexplorer.com/soccer/england/league-one-2017-2018/rochdale-gillingham/8GtMJQ0h/;Rotherham - Oldham;https://www.betexplorer.com/soccer/england/league-one-2017-2018/rotherham-oldham/MJpQIpGb/;Scunthorpe - Portsmouth;https://www.betexplorer.com/soccer/england/league-one-2017-2018/scunthorpe-portsmouth/4rzVH4V4/;Shrewsbury - Blackburn;https://www.betexplorer.com/soccer/england/league-one-2017-2018/shrewsbury-blackburn/rZYYGOpB/;AFC Wimbledon - MK Dons;https://www.betexplorer.com/soccer/england/league-one-2017-2018/afc-wimbledon-milton-keynes-dons/4Mbf5Roa/
5. ROUND;Wigan - Northampton;https://www.betexplorer.com/soccer/england/league-one-2017-2018/wigan-northampton/l22ajCBd/
8. ROUND;Doncaster - Scunthorpe;https://www.betexplorer.com/soccer/england/league-one-2017-2018/doncaster-scunthorpe/G2cJ3EAf/;Blackburn - AFC Wimbledon;https://www.betexplorer.com/soccer/england/league-one-2017-2018/blackburn-afc-wimbledon/O4IvBdIK/;Blackpool - Oxford Utd;https://www.betexplorer.com/soccer/england/league-one-2017-2018/blackpool-oxford-utd/2eHrAGXQ/;Bradford City - Rotherham;https://www.betexplorer.com/soccer/england/league-one-2017-2018/bradford-city-rotherham/8xfB5ztr/;Bury - Plymouth;https://www.betexplorer.com/soccer/england/league-one-2017-2018/bury-plymouth/MubF4fel/;Gillingham - Charlton;https://www.betexplorer.com/soccer/england/league-one-2017-2018/gillingham-charlton/fgdN2YP0/;MK Dons - Rochdale;https://www.betexplorer.com/soccer/england/league-one-2017-2018/milton-keynes-dons-rochdale/CUjS1hu7/;Oldham - Shrewsbury;https://www.betexplorer.com/soccer/england/league-one-2017-2018/oldham-shrewsbury/jLkW0CfD/;Portsmouth - Fleetwood;https://www.betexplorer.com/soccer/england/league-one-2017-2018/portsmouth-fleetwood-town/4OwEPeXD/;Southend - Northampton;https://www.betexplorer.com/soccer/england/league-one-2017-2018/southend-northampton/EX5s8T1t/;Walsall - Peterborough;https://www.betexplorer.com/soccer/england/league-one-2017-2018/walsall-peterborough/dden7mHn/;Wigan - Bristol Rovers;https://www.betexplorer.com/soccer/england/league-one-2017-2018/wigan-bristol-rovers/zmfj67Wh/
7. ROUND;AFC Wimbledon - Gillingham;https://www.betexplorer.com/soccer/england/league-one-2017-2018/afc-wimbledon-gillingham/GKjk0u42/;Bristol Rovers - Oldham;https://www.betexplorer.com/soccer/england/league-one-2017-2018/bristol-rovers-oldham/fBkgaaJ8/;Charlton - Wigan;https://www.betexplorer.com/soccer/england/league-one-2017-2018/charlton-wigan/xzubbJYE/;Fleetwood - Bury;https://www.betexplorer.com/soccer/england/league-one-2017-2018/fleetwood-town-bury/lAr2cwlL/;Northampton - Portsmouth;https://www.betexplorer.com/soccer/england/league-one-2017-2018/northampton-portsmouth/rXs6dc3R/;Oxford Utd - Bradford City;https://www.betexplorer.com/soccer/england/league-one-2017-2018/oxford-utd-bradford-city/ptUXiHBr/;Peterborough - MK Dons;https://www.betexplorer.com/soccer/england/league-one-2017-2018/peterborough-milton-keynes-dons/2HOxiyRl/;Plymouth - Blackpool;https://www.betexplorer.com/soccer/england/league-one-2017-2018/plymouth-blackpool/t8Ntjete/;Rochdale - Doncaster;https://www.betexplorer.com/soccer/england/league-one-2017-2018/rochdale-doncaster/zVMpkFe1/;Rotherham - Walsall;https://www.betexplorer.com/soccer/england/league-one-2017-2018/rotherham-walsall/lYQllZA7/;Scunthorpe - Blackburn;https://www.betexplorer.com/soccer/england/league-one-2017-2018/scunthorpe-blackburn/jw5XCIm8/;Shrewsbury - Southend;https://www.betexplorer.com/soccer/england/league-one-2017-2018/shrewsbury-southend/UT3yCx3E/
6. ROUND;AFC Wimbledon - Portsmouth;https://www.betexplorer.com/soccer/england/league-one-2017-2018/afc-wimbledon-portsmouth/nPzVuj1j/;Bristol Rovers - Walsall;https://www.betexplorer.com/soccer/england/league-one-2017-2018/bristol-rovers-walsall/QFZYvAGd/;Charlton - Southend;https://www.betexplorer.com/soccer/england/league-one-2017-2018/charlton-southend/Um0Fm2Kd/;Fleetwood - Oldham;https://www.betexplorer.com/soccer/england/league-one-2017-2018/fleetwood-town-oldham/ri4JnMZ2/;Northampton - Doncaster;https://www.betexplorer.com/soccer/england/league-one-2017-2018/northampton-doncaster/xE3Notk9/;Oxford Utd - Gillingham;https://www.betexplorer.com/soccer/england/league-one-2017-2018/oxford-utd-gillingham/G42Rp04F/;Peterborough - Bradford City;https://www.betexplorer.com/soccer/england/league-one-2017-2018/peterborough-bradford-city/dGJOqKJL/;Plymouth - MK Dons;https://www.betexplorer.com/soccer/england/league-one-2017-2018/plymouth-milton-keynes-dons/z7ISrvZR/;Rochdale - Blackburn;https://www.betexplorer.com/soccer/england/league-one-2017-2018/rochdale-blackburn/hn5fvbsq/;Rotherham - Bury;https://www.betexplorer.com/soccer/england/league-one-2017-2018/rotherham-bury/6k9bwIdk/;Scunthorpe - Blackpool;https://www.betexplorer.com/soccer/england/league-one-2017-2018/scunthorpe-blackpool/lEb3xxCe/;Shrewsbury - Wigan;https://www.betexplorer.com/soccer/england/league-one-2017-2018/shrewsbury-wigan/S4c7ydR1/
5. ROUND;Portsmouth - Rotherham;https://www.betexplorer.com/soccer/england/league-one-2017-2018/portsmouth-rotherham/jRMOdEYS/;Blackpool - AFC Wimbledon;https://www.betexplorer.com/soccer/england/league-one-2017-2018/blackpool-afc-wimbledon/YPhHwZRj/;Bradford City - Bristol Rovers;https://www.betexplorer.com/soccer/england/league-one-2017-2018/bradford-city-bristol-rovers/zVWa2I4i/;Bury - Scunthorpe;https://www.betexplorer.com/soccer/england/league-one-2017-2018/bury-scunthorpe/ELV31xKc/;Doncaster - Peterborough;https://www.betexplorer.com/soccer/england/league-one-2017-2018/doncaster-peterborough/MoV70dZ3/;Gillingham - Shrewsbury;https://www.betexplorer.com/soccer/england/league-one-2017-2018/gillingham-shrewsbury/0xUBaGlA/;MK Dons - Oxford Utd;https://www.betexplorer.com/soccer/england/league-one-2017-2018/milton-keynes-dons-oxford-utd/r1JGbz4G/;Oldham - Charlton;https://www.betexplorer.com/soccer/england/league-one-2017-2018/oldham-charlton/d4NKcfJM/;Southend - Rochdale;https://www.betexplorer.com/soccer/england/league-one-2017-2018/southend-rochdale/hz9jhYtp/;Walsall - Plymouth;https://www.betexplorer.com/soccer/england/league-one-2017-2018/walsall-plymouth/AB3eihdj/
4. ROUND;AFC Wimbledon - Doncaster;https://www.betexplorer.com/soccer/england/league-one-2017-2018/afc-wimbledon-doncaster/v58cppq6/;Blackburn - MK Dons;https://www.betexplorer.com/soccer/england/league-one-2017-2018/blackburn-milton-keynes-dons/h8C1q4bC/;Blackpool - Oldham;https://www.betexplorer.com/soccer/england/league-one-2017-2018/blackpool-oldham/zX16rODI/;Bristol Rovers - Fleetwood;https://www.betexplorer.com/soccer/england/league-one-2017-2018/bristol-rovers-fleetwood-town/CdPZQero/;Gillingham - Southend;https://www.betexplorer.com/soccer/england/league-one-2017-2018/gillingham-southend/0CIHkuLo/;Northampton - Peterborough;https://www.betexplorer.com/soccer/england/league-one-2017-2018/northampton-peterborough/v3HLlazh/;Oxford Utd - Shrewsbury;https://www.betexplorer.com/soccer/england/league-one-2017-2018/oxford-utd-shrewsbury/MR6QmJkb/;Plymouth - Scunthorpe;https://www.betexplorer.com/soccer/england/league-one-2017-2018/plymouth-scunthorpe/Y1AUnw54/;Rochdale - Bury;https://www.betexplorer.com/soccer/england/league-one-2017-2018/rochdale-bury/SO9YocKA/;Rotherham - Charlton;https://www.betexplorer.com/soccer/england/league-one-2017-2018/rotherham-charlton/6F8xoHZG/;Walsall - Bradford City;https://www.betexplorer.com/soccer/england/league-one-2017-2018/walsall-bradford-city/Oj3spykN/;Wigan - Portsmouth;https://www.betexplorer.com/soccer/england/league-one-2017-2018/wigan-portsmouth/2s2oqe4T/
3. ROUND;Bradford City - Blackburn;https://www.betexplorer.com/soccer/england/league-one-2017-2018/bradford-city-blackburn/nyFFZSUm/;Bury - Bristol Rovers;https://www.betexplorer.com/soccer/england/league-one-2017-2018/bury-bristol-rovers/bBIJYnpf/;Charlton - Northampton;https://www.betexplorer.com/soccer/england/league-one-2017-2018/charlton-northampton/tz8OX6a0/;Doncaster - Blackpool;https://www.betexplorer.com/soccer/england/league-one-2017-2018/doncaster-blackpool/KQ6SWQE6/;Fleetwood - AFC Wimbledon;https://www.betexplorer.com/soccer/england/league-one-2017-2018/fleetwood-town-afc-wimbledon/l0BWVpUC/;MK Dons - Gillingham;https://www.betexplorer.com/soccer/england/league-one-2017-2018/milton-keynes-dons-gillingham/SjAzV4qJ/;Oldham - Wigan;https://www.betexplorer.com/soccer/england/league-one-2017-2018/oldham-wigan/UelJglMJ/;Peterborough - Rotherham;https://www.betexplorer.com/soccer/england/league-one-2017-2018/peterborough-rotherham/rahNh8yQ/;Portsmouth - Walsall;https://www.betexplorer.com/soccer/england/league-one-2017-2018/portsmouth-walsall/0vuklSqs/;Scunthorpe - Oxford Utd;https://www.betexplorer.com/soccer/england/league-one-2017-2018/scunthorpe-oxford-utd/vVwgmnam/;Shrewsbury - Rochdale;https://www.betexplorer.com/soccer/england/league-one-2017-2018/shrewsbury-rochdale/6iAkn6Eg/;Southend - Plymouth;https://www.betexplorer.com/soccer/england/league-one-2017-2018/southend-plymouth/pr9goQTa/
2. ROUND;Wigan - Bury;https://www.betexplorer.com/soccer/england/league-one-2017-2018/wigan-bury/hEFBz9Fs/;AFC Wimbledon - Shrewsbury;https://www.betexplorer.com/soccer/england/league-one-2017-2018/afc-wimbledon-shrewsbury/0GE1SBNK/;Blackburn - Doncaster;https://www.betexplorer.com/soccer/england/league-one-2017-2018/blackburn-doncaster/EJI5RVxR/;Blackpool - MK Dons;https://www.betexplorer.com/soccer/england/league-one-2017-2018/blackpool-milton-keynes-dons/K0eYMkor/;Bristol Rovers - Peterborough;https://www.betexplorer.com/soccer/england/league-one-2017-2018/bristol-rovers-peterborough/bifxM90l/;Gillingham - Bradford City;https://www.betexplorer.com/soccer/england/league-one-2017-2018/gillingham-bradford-city/6HgtLTFf/;Northampton - Fleetwood;https://www.betexplorer.com/soccer/england/league-one-2017-2018/northampton-fleetwood-town/p8hpKmV0/;Oxford Utd - Portsmouth;https://www.betexplorer.com/soccer/england/league-one-2017-2018/oxford-utd-portsmouth/SWskJ7p7/;Plymouth - Charlton;https://www.betexplorer.com/soccer/england/league-one-2017-2018/plymouth-charlton/tzngIRaD/;Rochdale - Scunthorpe;https://www.betexplorer.com/soccer/england/league-one-2017-2018/rochdale-scunthorpe/fwzysBxE/;Rotherham - Southend;https://www.betexplorer.com/soccer/england/league-one-2017-2018/rotherham-southend/YTYvtViK/;Walsall - Oldham;https://www.betexplorer.com/soccer/england/league-one-2017-2018/walsall-oldham/j5Tquk7Q/
1. ROUND;Bradford City - Blackpool;https://www.betexplorer.com/soccer/england/league-one-2017-2018/bradford-city-blackpool/8ljQc0IT/;Bury - Walsall;https://www.betexplorer.com/soccer/england/league-one-2017-2018/bury-walsall/rsshgKQp/;Charlton - Bristol Rovers;https://www.betexplorer.com/soccer/england/league-one-2017-2018/charlton-bristol-rovers/pnLzI33o/;Doncaster - Gillingham;https://www.betexplorer.com/soccer/england/league-one-2017-2018/doncaster-gillingham/OxKvHNIi/;Fleetwood - Rotherham;https://www.betexplorer.com/soccer/england/league-one-2017-2018/fleetwood-town-rotherham/hCOrGsYc/;MK Dons - Wigan;https://www.betexplorer.com/soccer/england/league-one-2017-2018/milton-keynes-dons-wigan/W2NnF1m4/;Oldham - Oxford Utd;https://www.betexplorer.com/soccer/england/league-one-2017-2018/oldham-oxford-utd/ERCiEL2A/;Peterborough - Plymouth;https://www.betexplorer.com/soccer/england/league-one-2017-2018/peterborough-plymouth/SUGeDuIG/;Portsmouth - Rochdale;https://www.betexplorer.com/soccer/england/league-one-2017-2018/portsmouth-rochdale/KQvPeDnq/;Scunthorpe - AFC Wimbledon;https://www.betexplorer.com/soccer/england/league-one-2017-2018/scunthorpe-afc-wimbledon/bHwTfX1k/;Shrewsbury - Northampton;https://www.betexplorer.com/soccer/england/league-one-2017-2018/shrewsbury-northampton/vTfQgiHe/;Southend - Blackburn;https://www.betexplorer.com/soccer/england/league-one-2017-2018/southend-blackburn/IJgUhBW1/
FINAL;Rotherham - Shrewsbury;https://www.betexplorer.com/soccer/england/league-one-2017-2018/rotherham-shrewsbury/ltHxqvM4/
SEMI-FINALS - 2ND LEG;Rotherham - Scunthorpe;https://www.betexplorer.com/soccer/england/league-one-2017-2018/rotherham-scunthorpe/ERfwt04O/;Shrewsbury - Charlton;https://www.betexplorer.com/soccer/england/league-one-2017-2018/shrewsbury-charlton/K4eZttkI/
SEMI-FINALS - 1ST LEG;Scunthorpe - Rotherham;https://www.betexplorer.com/soccer/england/league-one-2017-2018/scunthorpe-rotherham/tEdVsMZB/;Charlton - Shrewsbury;https://www.betexplorer.com/soccer/england/league-one-2017-2018/charlton-shrewsbury/02uYr2K5/
