30. ROUND;Atvidabergs - Malmo FF;https://www.betexplorer.com/soccer/sweden/allsvenskan-2014/atvidabergs-malmo-ff/UR2ku6ka/;Brommapojkarna - Elfsborg;https://www.betexplorer.com/soccer/sweden/allsvenskan-2014/brommapojkarna-elfsborg/8I1gvQ45/;Djurgarden - Norrkoping;https://www.betexplorer.com/soccer/sweden/allsvenskan-2014/djurgarden-norrkoping/0A9LsaBc/;Falkenbergs - Mjallby;https://www.betexplorer.com/soccer/sweden/allsvenskan-2014/falkenbergs-mjallby/Gr51x4ZH/;Gefle - Helsingborg;https://www.betexplorer.com/soccer/sweden/allsvenskan-2014/gefle-helsingborg/8GMZJeJj/;Goteborg - Halmstad;https://www.betexplorer.com/soccer/sweden/allsvenskan-2014/ifk-goteborg-halmstad/dtJVKy4p/;Kalmar - AIK;https://www.betexplorer.com/soccer/sweden/allsvenskan-2014/kalmar-aik/xh6cwpKB/;Orebro - Hacken;https://www.betexplorer.com/soccer/sweden/allsvenskan-2014/orebro-hacken/MJAHrudi/
29. ROUND;Helsingborg - Goteborg;https://www.betexplorer.com/soccer/sweden/allsvenskan-2014/helsingborg-ifk-goteborg/xUNAnlcP/;Malmo FF - Brommapojkarna;https://www.betexplorer.com/soccer/sweden/allsvenskan-2014/malmo-ff-brommapojkarna/jLFNQ6z6/;Mjallby - Kalmar;https://www.betexplorer.com/soccer/sweden/allsvenskan-2014/mjallby-kalmar/4OJRPQkC/;AIK - Atvidabergs;https://www.betexplorer.com/soccer/sweden/allsvenskan-2014/aik-atvidabergs/n3Dptnzg/;Elfsborg - Djurgarden;https://www.betexplorer.com/soccer/sweden/allsvenskan-2014/elfsborg-djurgarden/boJVOp5I/;Halmstad - Falkenbergs;https://www.betexplorer.com/soccer/sweden/allsvenskan-2014/halmstad-falkenbergs/xxIZN4KO/;Norrkoping - Orebro;https://www.betexplorer.com/soccer/sweden/allsvenskan-2014/norrkoping-orebro/Ya9tsSKn/;Hacken - Gefle;https://www.betexplorer.com/soccer/sweden/allsvenskan-2014/hacken-gefle/vwAxr85t/
28. ROUND;Djurgarden - Orebro;https://www.betexplorer.com/soccer/sweden/allsvenskan-2014/djurgarden-orebro/U5RESS5g/;Falkenbergs - Helsingborg;https://www.betexplorer.com/soccer/sweden/allsvenskan-2014/falkenbergs-helsingborg/GbovZUSP/;Brommapojkarna - AIK;https://www.betexplorer.com/soccer/sweden/allsvenskan-2014/brommapojkarna-aik/QJukC7LC/;Gefle - Norrkoping;https://www.betexplorer.com/soccer/sweden/allsvenskan-2014/gefle-norrkoping/0WMAT8jm/;Goteborg - Hacken;https://www.betexplorer.com/soccer/sweden/allsvenskan-2014/ifk-goteborg-hacken/MuO6Ulys/;Atvidabergs - Mjallby;https://www.betexplorer.com/soccer/sweden/allsvenskan-2014/atvidabergs-mjallby/8dQIRnLa/;Kalmar - Halmstad;https://www.betexplorer.com/soccer/sweden/allsvenskan-2014/kalmar-halmstad/IDSzzBDJ/;Malmo FF - Elfsborg;https://www.betexplorer.com/soccer/sweden/allsvenskan-2014/malmo-ff-elfsborg/4AvgBRzJ/
27. ROUND;AIK - Malmo FF;https://www.betexplorer.com/soccer/sweden/allsvenskan-2014/aik-malmo-ff/8ropDm66/;Hacken - Falkenbergs;https://www.betexplorer.com/soccer/sweden/allsvenskan-2014/hacken-falkenbergs/MRrYFkMm/;Halmstad - Atvidabergs;https://www.betexplorer.com/soccer/sweden/allsvenskan-2014/halmstad-atvidabergs/jw9gNXTD/;Norrkoping - Goteborg;https://www.betexplorer.com/soccer/sweden/allsvenskan-2014/norrkoping-ifk-goteborg/zVnxF9yf/;Orebro - Elfsborg;https://www.betexplorer.com/soccer/sweden/allsvenskan-2014/orebro-elfsborg/UT7cMiqK/;Djurgarden - Gefle;https://www.betexplorer.com/soccer/sweden/allsvenskan-2014/djurgarden-gefle/UintETj0/;Mjallby - Brommapojkarna;https://www.betexplorer.com/soccer/sweden/allsvenskan-2014/mjallby-brommapojkarna/xf71LBbQ/;Helsingborg - Kalmar;https://www.betexplorer.com/soccer/sweden/allsvenskan-2014/helsingborg-kalmar/v3gTGV6s/
26. ROUND;Atvidabergs - Helsingborg;https://www.betexplorer.com/soccer/sweden/allsvenskan-2014/atvidabergs-helsingborg/fBgF9EaE/;Brommapojkarna - Halmstad;https://www.betexplorer.com/soccer/sweden/allsvenskan-2014/brommapojkarna-halmstad/xzqK8YEK/;Gefle - Orebro;https://www.betexplorer.com/soccer/sweden/allsvenskan-2014/gefle-orebro/lYUAbliD/;Goteborg - Djurgarden;https://www.betexplorer.com/soccer/sweden/allsvenskan-2014/ifk-goteborg-djurgarden/zVQ6aUy7/;Elfsborg - AIK;https://www.betexplorer.com/soccer/sweden/allsvenskan-2014/elfsborg-aik/ptYg2Wil/;Falkenbergs - Norrkoping;https://www.betexplorer.com/soccer/sweden/allsvenskan-2014/falkenbergs-norrkoping/t8R20AM0/;Kalmar - Hacken;https://www.betexplorer.com/soccer/sweden/allsvenskan-2014/kalmar-hacken/2HSb1j7f/;Malmo FF - Mjallby;https://www.betexplorer.com/soccer/sweden/allsvenskan-2014/malmo-ff-mjallby/6kZk3Cxr/
25. ROUND;Hacken - Atvidabergs;https://www.betexplorer.com/soccer/sweden/allsvenskan-2014/hacken-atvidabergs/fwGn81O9/;Norrkoping - Kalmar;https://www.betexplorer.com/soccer/sweden/allsvenskan-2014/norrkoping-kalmar/6kDKmXxe/;Djurgarden - Falkenbergs;https://www.betexplorer.com/soccer/sweden/allsvenskan-2014/djurgarden-falkenbergs/lE2Pnih1/;Elfsborg - Gefle;https://www.betexplorer.com/soccer/sweden/allsvenskan-2014/elfsborg-gefle/hn9GlDNl/;Halmstad - Malmo FF;https://www.betexplorer.com/soccer/sweden/allsvenskan-2014/halmstad-malmo-ff/bP9Ckg8r/;Helsingborg - Brommapojkarna;https://www.betexplorer.com/soccer/sweden/allsvenskan-2014/helsingborg-brommapojkarna/Manq7LwG/;Mjallby - AIK;https://www.betexplorer.com/soccer/sweden/allsvenskan-2014/mjallby-aik/GKfBAfp8/;Orebro - Goteborg;https://www.betexplorer.com/soccer/sweden/allsvenskan-2014/orebro-ifk-goteborg/S41ToB77/
24. ROUND;Atvidabergs - Norrkoping;https://www.betexplorer.com/soccer/sweden/allsvenskan-2014/atvidabergs-norrkoping/Cj8F9grH/;AIK - Halmstad;https://www.betexplorer.com/soccer/sweden/allsvenskan-2014/aik-halmstad/GnHr9s93/;Kalmar - Djurgarden;https://www.betexplorer.com/soccer/sweden/allsvenskan-2014/kalmar-djurgarden/4lmf2Bzi/;Malmo FF - Helsingborg;https://www.betexplorer.com/soccer/sweden/allsvenskan-2014/malmo-ff-helsingborg/Y5dO7XCT/;Mjallby - Elfsborg;https://www.betexplorer.com/soccer/sweden/allsvenskan-2014/mjallby-elfsborg/Qclj3iLp/;Brommapojkarna - Hacken;https://www.betexplorer.com/soccer/sweden/allsvenskan-2014/brommapojkarna-hacken/fFcK8DcN/;Falkenbergs - Orebro;https://www.betexplorer.com/soccer/sweden/allsvenskan-2014/falkenbergs-orebro/8MDzB3vi/;Goteborg - Gefle;https://www.betexplorer.com/soccer/sweden/allsvenskan-2014/ifk-goteborg-gefle/MPHvANgc/
23. ROUND;Helsingborg - AIK;https://www.betexplorer.com/soccer/sweden/allsvenskan-2014/helsingborg-aik/WzDfEHTo/;Norrkoping - Brommapojkarna;https://www.betexplorer.com/soccer/sweden/allsvenskan-2014/norrkoping-brommapojkarna/KdqxdzEH/;Orebro - Kalmar;https://www.betexplorer.com/soccer/sweden/allsvenskan-2014/orebro-kalmar/6g57BFD4/;Djurgarden - Atvidabergs;https://www.betexplorer.com/soccer/sweden/allsvenskan-2014/djurgarden-atvidabergs/CWqYdGbB/;Elfsborg - Goteborg;https://www.betexplorer.com/soccer/sweden/allsvenskan-2014/elfsborg-ifk-goteborg/S263Cebb/;Gefle - Falkenbergs;https://www.betexplorer.com/soccer/sweden/allsvenskan-2014/gefle-falkenbergs/0G4BAZSA/;Halmstad - Mjallby;https://www.betexplorer.com/soccer/sweden/allsvenskan-2014/halmstad-mjallby/ARBbDyqh/;Hacken - Malmo FF;https://www.betexplorer.com/soccer/sweden/allsvenskan-2014/hacken-malmo-ff/IXOCkYjo/
22. ROUND;Djurgarden - Malmo FF;https://www.betexplorer.com/soccer/sweden/allsvenskan-2014/djurgarden-malmo-ff/4QM6teEU/;Elfsborg - Falkenbergs;https://www.betexplorer.com/soccer/sweden/allsvenskan-2014/elfsborg-falkenbergs/jHePbxUb/;Goteborg - Kalmar;https://www.betexplorer.com/soccer/sweden/allsvenskan-2014/ifk-goteborg-kalmar/YuoUcdq5/;Norrkoping - AIK;https://www.betexplorer.com/soccer/sweden/allsvenskan-2014/norrkoping-aik/40gD1vpt/;Gefle - Atvidabergs;https://www.betexplorer.com/soccer/sweden/allsvenskan-2014/gefle-atvidabergs/WCObrHqI/;Hacken - Mjallby;https://www.betexplorer.com/soccer/sweden/allsvenskan-2014/hacken-mjallby/rihH0ban/;Helsingborg - Halmstad;https://www.betexplorer.com/soccer/sweden/allsvenskan-2014/helsingborg-halmstad/xEiLaIEh/;Orebro - Brommapojkarna;https://www.betexplorer.com/soccer/sweden/allsvenskan-2014/orebro-brommapojkarna/QZN2syaO/
21. ROUND;Atvidabergs - Orebro;https://www.betexplorer.com/soccer/sweden/allsvenskan-2014/atvidabergs-orebro/WbqQTHUO/;Brommapojkarna - Djurgarden;https://www.betexplorer.com/soccer/sweden/allsvenskan-2014/brommapojkarna-djurgarden/p2X7h17P/;Kalmar - Gefle;https://www.betexplorer.com/soccer/sweden/allsvenskan-2014/kalmar-gefle/CCHnoJaa/;AIK - Hacken;https://www.betexplorer.com/soccer/sweden/allsvenskan-2014/aik-hacken/YR5eqcUB/;Falkenbergs - Goteborg;https://www.betexplorer.com/soccer/sweden/allsvenskan-2014/falkenbergs-ifk-goteborg/j3GjpwF5/;Halmstad - Elfsborg;https://www.betexplorer.com/soccer/sweden/allsvenskan-2014/halmstad-elfsborg/rwDrnapg/;Malmo FF - Norrkoping;https://www.betexplorer.com/soccer/sweden/allsvenskan-2014/malmo-ff-norrkoping/MNOZmLFt/;Mjallby - Helsingborg;https://www.betexplorer.com/soccer/sweden/allsvenskan-2014/mjallby-helsingborg/4nEvmuVn/
20. ROUND;Djurgarden - Mjallby;https://www.betexplorer.com/soccer/sweden/allsvenskan-2014/djurgarden-mjallby/vqVGXaVa/;Hacken - Helsingborg;https://www.betexplorer.com/soccer/sweden/allsvenskan-2014/hacken-helsingborg/CdTOVw0C/;Norrkoping - Halmstad;https://www.betexplorer.com/soccer/sweden/allsvenskan-2014/norrkoping-halmstad/Y5UKWJp6/;Elfsborg - Kalmar;https://www.betexplorer.com/soccer/sweden/allsvenskan-2014/elfsborg-kalmar/h8pMUcFI/;Falkenbergs - Atvidabergs;https://www.betexplorer.com/soccer/sweden/allsvenskan-2014/falkenbergs-atvidabergs/bRAWhA18/;Goteborg - Brommapojkarna;https://www.betexplorer.com/soccer/sweden/allsvenskan-2014/ifk-goteborg-brommapojkarna/xI9zhUGE/;Orebro - AIK;https://www.betexplorer.com/soccer/sweden/allsvenskan-2014/orebro-aik/rHy8ZL0m/;Gefle - Malmo FF;https://www.betexplorer.com/soccer/sweden/allsvenskan-2014/gefle-malmo-ff/4Qx4z2os/
19. ROUND;Halmstad - Hacken;https://www.betexplorer.com/soccer/sweden/allsvenskan-2014/halmstad-hacken/CYUyXSvk/;Helsingborg - Elfsborg;https://www.betexplorer.com/soccer/sweden/allsvenskan-2014/helsingborg-elfsborg/jPTuWnfe/;Kalmar - Falkenbergs;https://www.betexplorer.com/soccer/sweden/allsvenskan-2014/kalmar-falkenbergs/pnTqV691/;Mjallby - Norrkoping;https://www.betexplorer.com/soccer/sweden/allsvenskan-2014/mjallby-norrkoping/fczXX8Pr/;AIK - Djurgarden;https://www.betexplorer.com/soccer/sweden/allsvenskan-2014/aik-djurgarden/dMWmUQO7/;Atvidabergs - Goteborg;https://www.betexplorer.com/soccer/sweden/allsvenskan-2014/atvidabergs-ifk-goteborg/pOpcvBnF/;Brommapojkarna - Gefle;https://www.betexplorer.com/soccer/sweden/allsvenskan-2014/brommapojkarna-gefle/bRl1wV1L/;Malmo FF - Orebro;https://www.betexplorer.com/soccer/sweden/allsvenskan-2014/malmo-ff-orebro/hll5xkHR/
18. ROUND;Hacken - Elfsborg;https://www.betexplorer.com/soccer/sweden/allsvenskan-2014/hacken-elfsborg/O8dltXH2/;AIK - Gefle;https://www.betexplorer.com/soccer/sweden/allsvenskan-2014/aik-gefle/2aehuiX8/;Brommapojkarna - Falkenbergs;https://www.betexplorer.com/soccer/sweden/allsvenskan-2014/brommapojkarna-falkenbergs/IgESOVnS/;Halmstad - Djurgarden;https://www.betexplorer.com/soccer/sweden/allsvenskan-2014/halmstad-djurgarden/W0f3ITPe/;Helsingborg - Norrkoping;https://www.betexplorer.com/soccer/sweden/allsvenskan-2014/helsingborg-norrkoping/Aig7Hmu2/;Malmo FF - Goteborg;https://www.betexplorer.com/soccer/sweden/allsvenskan-2014/malmo-ff-ifk-goteborg/zZ0fKkeq/;Atvidabergs - Kalmar;https://www.betexplorer.com/soccer/sweden/allsvenskan-2014/atvidabergs-kalmar/v3FOPBXL/;Mjallby - Orebro;https://www.betexplorer.com/soccer/sweden/allsvenskan-2014/mjallby-orebro/lx5bJ9Ak/
17. ROUND;Djurgarden - Helsingborg;https://www.betexplorer.com/soccer/sweden/allsvenskan-2014/djurgarden-helsingborg/ryMFRX29/;Gefle - Mjallby;https://www.betexplorer.com/soccer/sweden/allsvenskan-2014/gefle-mjallby/drtL5jtj/;Goteborg - AIK;https://www.betexplorer.com/soccer/sweden/allsvenskan-2014/ifk-goteborg-aik/QakkBCIS/;Elfsborg - Atvidabergs;https://www.betexplorer.com/soccer/sweden/allsvenskan-2014/elfsborg-atvidabergs/xIsXGGli/;Kalmar - Brommapojkarna;https://www.betexplorer.com/soccer/sweden/allsvenskan-2014/kalmar-brommapojkarna/dKcYEfJ3/;Falkenbergs - Malmo FF;https://www.betexplorer.com/soccer/sweden/allsvenskan-2014/falkenbergs-malmo-ff/UXetDYmG/;Norrkoping - Hacken;https://www.betexplorer.com/soccer/sweden/allsvenskan-2014/norrkoping-hacken/MRKJQiIF/;Orebro - Halmstad;https://www.betexplorer.com/soccer/sweden/allsvenskan-2014/orebro-halmstad/lEMBSDm3/
16. ROUND;AIK - Falkenbergs;https://www.betexplorer.com/soccer/sweden/allsvenskan-2014/aik-falkenbergs/ABkogDdp/;Hacken - Djurgarden;https://www.betexplorer.com/soccer/sweden/allsvenskan-2014/hacken-djurgarden/QwEEbZYM/;Brommapojkarna - Atvidabergs;https://www.betexplorer.com/soccer/sweden/allsvenskan-2014/brommapojkarna-atvidabergs/MT5N04bg/;Elfsborg - Norrkoping;https://www.betexplorer.com/soccer/sweden/allsvenskan-2014/elfsborg-norrkoping/rqfWbrT5/;Helsingborg - Orebro;https://www.betexplorer.com/soccer/sweden/allsvenskan-2014/helsingborg-orebro/IDA60e4A/;Mjallby - Goteborg;https://www.betexplorer.com/soccer/sweden/allsvenskan-2014/mjallby-ifk-goteborg/4j4j4w5o/;Halmstad - Gefle;https://www.betexplorer.com/soccer/sweden/allsvenskan-2014/halmstad-gefle/x42b2HZc/;Malmo FF - Kalmar;https://www.betexplorer.com/soccer/sweden/allsvenskan-2014/malmo-ff-kalmar/j9cvcMcI/
15. ROUND;Djurgarden - Hacken;https://www.betexplorer.com/soccer/sweden/allsvenskan-2014/djurgarden-hacken/zD7F2QTt/;Atvidabergs - Brommapojkarna;https://www.betexplorer.com/soccer/sweden/allsvenskan-2014/atvidabergs-brommapojkarna/UB21e9MD/;Falkenbergs - AIK;https://www.betexplorer.com/soccer/sweden/allsvenskan-2014/falkenbergs-aik/M9stlREm/;Goteborg - Mjallby;https://www.betexplorer.com/soccer/sweden/allsvenskan-2014/ifk-goteborg-mjallby/S6pln5q0/;Norrkoping - Elfsborg;https://www.betexplorer.com/soccer/sweden/allsvenskan-2014/norrkoping-elfsborg/8215fTyK/;Orebro - Helsingborg;https://www.betexplorer.com/soccer/sweden/allsvenskan-2014/orebro-helsingborg/GSQr8n6J/;Gefle - Halmstad;https://www.betexplorer.com/soccer/sweden/allsvenskan-2014/gefle-halmstad/OYwcpqEC/;Kalmar - Malmo FF;https://www.betexplorer.com/soccer/sweden/allsvenskan-2014/kalmar-malmo-ff/xx69gmiQ/
14. ROUND;Norrkoping - Djurgarden;https://www.betexplorer.com/soccer/sweden/allsvenskan-2014/norrkoping-djurgarden/CzYGmc37/;Elfsborg - Brommapojkarna;https://www.betexplorer.com/soccer/sweden/allsvenskan-2014/elfsborg-brommapojkarna/GUHtdLeR/;Hacken - Orebro;https://www.betexplorer.com/soccer/sweden/allsvenskan-2014/hacken-orebro/IDYClwl1/;Halmstad - Goteborg;https://www.betexplorer.com/soccer/sweden/allsvenskan-2014/halmstad-ifk-goteborg/C03CjaJl/;Helsingborg - Gefle;https://www.betexplorer.com/soccer/sweden/allsvenskan-2014/helsingborg-gefle/vNZ8kJYf/;AIK - Kalmar;https://www.betexplorer.com/soccer/sweden/allsvenskan-2014/aik-kalmar/QwxLnHID/;Malmo FF - Atvidabergs;https://www.betexplorer.com/soccer/sweden/allsvenskan-2014/malmo-ff-atvidabergs/2RDxc1tL/;Mjallby - Falkenbergs;https://www.betexplorer.com/soccer/sweden/allsvenskan-2014/mjallby-falkenbergs/Y948iu4r/
13. ROUND;Atvidabergs - AIK;https://www.betexplorer.com/soccer/sweden/allsvenskan-2014/atvidabergs-aik/Ozg3r2RR/;Djurgarden - Elfsborg;https://www.betexplorer.com/soccer/sweden/allsvenskan-2014/djurgarden-elfsborg/K6vZxtkk/;Brommapojkarna - Malmo FF;https://www.betexplorer.com/soccer/sweden/allsvenskan-2014/brommapojkarna-malmo-ff/QquVwMZr/;Goteborg - Helsingborg;https://www.betexplorer.com/soccer/sweden/allsvenskan-2014/ifk-goteborg-helsingborg/hdWozvZ7/;Orebro - Norrkoping;https://www.betexplorer.com/soccer/sweden/allsvenskan-2014/orebro-norrkoping/K2OXcsRE/;Falkenbergs - Halmstad;https://www.betexplorer.com/soccer/sweden/allsvenskan-2014/falkenbergs-halmstad/E5XsyKJ1/;Gefle - Hacken;https://www.betexplorer.com/soccer/sweden/allsvenskan-2014/gefle-hacken/tCPTbNB8/;Kalmar - Mjallby;https://www.betexplorer.com/soccer/sweden/allsvenskan-2014/kalmar-mjallby/Wtrwx04e/
12. ROUND;AIK - Brommapojkarna;https://www.betexplorer.com/soccer/sweden/allsvenskan-2014/aik-brommapojkarna/hWKiQ25q/;Hacken - Goteborg;https://www.betexplorer.com/soccer/sweden/allsvenskan-2014/hacken-ifk-goteborg/KrdnnpS2/;Norrkoping - Gefle;https://www.betexplorer.com/soccer/sweden/allsvenskan-2014/norrkoping-gefle/Yo0jo4s9/;Elfsborg - Malmo FF;https://www.betexplorer.com/soccer/sweden/allsvenskan-2014/elfsborg-malmo-ff/S8afpOdF/;Helsingborg - Falkenbergs;https://www.betexplorer.com/soccer/sweden/allsvenskan-2014/helsingborg-falkenbergs/IwI3N0k2/;Halmstad - Kalmar;https://www.betexplorer.com/soccer/sweden/allsvenskan-2014/halmstad-kalmar/WMJePMKk/;Mjallby - Atvidabergs;https://www.betexplorer.com/soccer/sweden/allsvenskan-2014/mjallby-atvidabergs/vmJaOtzd/;Orebro - Djurgarden;https://www.betexplorer.com/soccer/sweden/allsvenskan-2014/orebro-djurgarden/CY6NsVzH/
11. ROUND;Gefle - Djurgarden;https://www.betexplorer.com/soccer/sweden/allsvenskan-2014/gefle-djurgarden/QH4BpXjb/;Malmo FF - AIK;https://www.betexplorer.com/soccer/sweden/allsvenskan-2014/malmo-ff-aik/bV2JrBLA/;Goteborg - Norrkoping;https://www.betexplorer.com/soccer/sweden/allsvenskan-2014/ifk-goteborg-norrkoping/8tA6oDyh/;Kalmar - Helsingborg;https://www.betexplorer.com/soccer/sweden/allsvenskan-2014/kalmar-helsingborg/UkB2ngMo/;Atvidabergs - Halmstad;https://www.betexplorer.com/soccer/sweden/allsvenskan-2014/atvidabergs-halmstad/dzbMbink/;Elfsborg - Orebro;https://www.betexplorer.com/soccer/sweden/allsvenskan-2014/elfsborg-orebro/GnNKN9qo/;Falkenbergs - Hacken;https://www.betexplorer.com/soccer/sweden/allsvenskan-2014/falkenbergs-hacken/fqHgSkyU/
10. ROUND;Mjallby - Malmo FF;https://www.betexplorer.com/soccer/sweden/allsvenskan-2014/mjallby-malmo-ff/CKRlTVLN/;Djurgarden - Goteborg;https://www.betexplorer.com/soccer/sweden/allsvenskan-2014/djurgarden-ifk-goteborg/4fOtViiB/;Helsingborg - Atvidabergs;https://www.betexplorer.com/soccer/sweden/allsvenskan-2014/helsingborg-atvidabergs/YTSpUB6H/;Hacken - Kalmar;https://www.betexplorer.com/soccer/sweden/allsvenskan-2014/hacken-kalmar/UyWTXg7h/;Halmstad - Brommapojkarna;https://www.betexplorer.com/soccer/sweden/allsvenskan-2014/halmstad-brommapojkarna/ruzYWDMb/;Orebro - Gefle;https://www.betexplorer.com/soccer/sweden/allsvenskan-2014/orebro-gefle/Q3PxWXy5/
11. ROUND;Brommapojkarna - Mjallby;https://www.betexplorer.com/soccer/sweden/allsvenskan-2014/brommapojkarna-mjallby/483Fqi64/
10. ROUND;AIK - Elfsborg;https://www.betexplorer.com/soccer/sweden/allsvenskan-2014/aik-elfsborg/dOXLZFxt/;Norrkoping - Falkenbergs;https://www.betexplorer.com/soccer/sweden/allsvenskan-2014/norrkoping-falkenbergs/zFWPYZin/
9. ROUND;Atvidabergs - Hacken;https://www.betexplorer.com/soccer/sweden/allsvenskan-2014/atvidabergs-hacken/004NQx0P/;Brommapojkarna - Helsingborg;https://www.betexplorer.com/soccer/sweden/allsvenskan-2014/brommapojkarna-helsingborg/00tFGhxI/;Falkenbergs - Djurgarden;https://www.betexplorer.com/soccer/sweden/allsvenskan-2014/falkenbergs-djurgarden/YDvNEW6U/;Malmo FF - Halmstad;https://www.betexplorer.com/soccer/sweden/allsvenskan-2014/malmo-ff-halmstad/fNuJFCiO/;AIK - Mjallby;https://www.betexplorer.com/soccer/sweden/allsvenskan-2014/aik-mjallby/Qsl2Jfha/;Gefle - Elfsborg;https://www.betexplorer.com/soccer/sweden/allsvenskan-2014/gefle-elfsborg/ncxBHYMB/;Goteborg - Orebro;https://www.betexplorer.com/soccer/sweden/allsvenskan-2014/ifk-goteborg-orebro/IHpfLGNn/;Kalmar - Norrkoping;https://www.betexplorer.com/soccer/sweden/allsvenskan-2014/kalmar-norrkoping/zgekMd8t/
8. ROUND;Gefle - Goteborg;https://www.betexplorer.com/soccer/sweden/allsvenskan-2014/gefle-ifk-goteborg/jVMW3FhC/;Halmstad - AIK;https://www.betexplorer.com/soccer/sweden/allsvenskan-2014/halmstad-aik/86Hy3Z7I/;Helsingborg - Malmo FF;https://www.betexplorer.com/soccer/sweden/allsvenskan-2014/helsingborg-malmo-ff/ncGu2gNO/;Orebro - Falkenbergs;https://www.betexplorer.com/soccer/sweden/allsvenskan-2014/orebro-falkenbergs/CvOS4ew6/;Djurgarden - Kalmar;https://www.betexplorer.com/soccer/sweden/allsvenskan-2014/djurgarden-kalmar/MkVF7cgm/;Elfsborg - Mjallby;https://www.betexplorer.com/soccer/sweden/allsvenskan-2014/elfsborg-mjallby/raWB8wvs/;Hacken - Brommapojkarna;https://www.betexplorer.com/soccer/sweden/allsvenskan-2014/hacken-brommapojkarna/4EKK6H8g/;Norrkoping - Atvidabergs;https://www.betexplorer.com/soccer/sweden/allsvenskan-2014/norrkoping-atvidabergs/IHOO5yOa/
7. ROUND;AIK - Helsingborg;https://www.betexplorer.com/soccer/sweden/allsvenskan-2014/aik-helsingborg/Q5UpDJVP/;Falkenbergs - Gefle;https://www.betexplorer.com/soccer/sweden/allsvenskan-2014/falkenbergs-gefle/nFVtEaGJ/;Atvidabergs - Djurgarden;https://www.betexplorer.com/soccer/sweden/allsvenskan-2014/atvidabergs-djurgarden/W6mfjdOC/;Goteborg - Elfsborg;https://www.betexplorer.com/soccer/sweden/allsvenskan-2014/ifk-goteborg-elfsborg/xpljix96/;Kalmar - Orebro;https://www.betexplorer.com/soccer/sweden/allsvenskan-2014/kalmar-orebro/pAibkGwJ/;Malmo FF - Hacken;https://www.betexplorer.com/soccer/sweden/allsvenskan-2014/malmo-ff-hacken/2RewfvPm/;Brommapojkarna - Norrkoping;https://www.betexplorer.com/soccer/sweden/allsvenskan-2014/brommapojkarna-norrkoping/tIfsgbvf/;Mjallby - Halmstad;https://www.betexplorer.com/soccer/sweden/allsvenskan-2014/mjallby-halmstad/bgknhIg0/
6. ROUND;Elfsborg - Halmstad;https://www.betexplorer.com/soccer/sweden/allsvenskan-2014/elfsborg-halmstad/beU5CnuF/;Gefle - Kalmar;https://www.betexplorer.com/soccer/sweden/allsvenskan-2014/gefle-kalmar/GWv1DSP8/;Norrkoping - Malmo FF;https://www.betexplorer.com/soccer/sweden/allsvenskan-2014/norrkoping-malmo-ff/84dZfK9s/;Djurgarden - Brommapojkarna;https://www.betexplorer.com/soccer/sweden/allsvenskan-2014/djurgarden-brommapojkarna/AZmBj5Ie/;Hacken - AIK;https://www.betexplorer.com/soccer/sweden/allsvenskan-2014/hacken-aik/xttcE8A2/;Helsingborg - Mjallby;https://www.betexplorer.com/soccer/sweden/allsvenskan-2014/helsingborg-mjallby/lQnFkPX1/;Goteborg - Falkenbergs;https://www.betexplorer.com/soccer/sweden/allsvenskan-2014/ifk-goteborg-falkenbergs/SAb6io3k/;Orebro - Atvidabergs;https://www.betexplorer.com/soccer/sweden/allsvenskan-2014/orebro-atvidabergs/E7f2hRmq/
5. ROUND;Atvidabergs - Gefle;https://www.betexplorer.com/soccer/sweden/allsvenskan-2014/atvidabergs-gefle/4CgR0kt3/;Brommapojkarna - Orebro;https://www.betexplorer.com/soccer/sweden/allsvenskan-2014/brommapojkarna-orebro/dS7zc7uS/;Falkenbergs - Elfsborg;https://www.betexplorer.com/soccer/sweden/allsvenskan-2014/falkenbergs-elfsborg/xQiZbTAF/;Malmo FF - Djurgarden;https://www.betexplorer.com/soccer/sweden/allsvenskan-2014/malmo-ff-djurgarden/Iy9WcmQL/;AIK - Norrkoping;https://www.betexplorer.com/soccer/sweden/allsvenskan-2014/aik-norrkoping/j9kN1VQd/;Halmstad - Helsingborg;https://www.betexplorer.com/soccer/sweden/allsvenskan-2014/halmstad-helsingborg/ADCzvSYk/;Kalmar - Goteborg;https://www.betexplorer.com/soccer/sweden/allsvenskan-2014/kalmar-ifk-goteborg/l4Bvwnld/;Mjallby - Hacken;https://www.betexplorer.com/soccer/sweden/allsvenskan-2014/mjallby-hacken/bZhVa9e9/
4. ROUND;Elfsborg - Helsingborg;https://www.betexplorer.com/soccer/sweden/allsvenskan-2014/elfsborg-helsingborg/tv8Wv8Jq/;Falkenbergs - Kalmar;https://www.betexplorer.com/soccer/sweden/allsvenskan-2014/falkenbergs-kalmar/bLDdoAtG/;Gefle - Brommapojkarna;https://www.betexplorer.com/soccer/sweden/allsvenskan-2014/gefle-brommapojkarna/4bEhnjR9/;Goteborg - Atvidabergs;https://www.betexplorer.com/soccer/sweden/allsvenskan-2014/ifk-goteborg-atvidabergs/vVL4qlBS/;Djurgarden - AIK;https://www.betexplorer.com/soccer/sweden/allsvenskan-2014/djurgarden-aik/Q7FlmWB3/;Hacken - Halmstad;https://www.betexplorer.com/soccer/sweden/allsvenskan-2014/hacken-halmstad/UuMukhsi/;Norrkoping - Mjallby;https://www.betexplorer.com/soccer/sweden/allsvenskan-2014/norrkoping-mjallby/GxYcQ84j/;Orebro - Malmo FF;https://www.betexplorer.com/soccer/sweden/allsvenskan-2014/orebro-malmo-ff/8WKqlCdc/
3. ROUND;Brommapojkarna - Goteborg;https://www.betexplorer.com/soccer/sweden/allsvenskan-2014/brommapojkarna-ifk-goteborg/dhiRVUtT/;Kalmar - Elfsborg;https://www.betexplorer.com/soccer/sweden/allsvenskan-2014/kalmar-elfsborg/2ZTgRlkp/;AIK - Orebro;https://www.betexplorer.com/soccer/sweden/allsvenskan-2014/aik-orebro/AygJXjCG/;Halmstad - Norrkoping;https://www.betexplorer.com/soccer/sweden/allsvenskan-2014/halmstad-norrkoping/WpfFYWdA/;Helsingborg - Hacken;https://www.betexplorer.com/soccer/sweden/allsvenskan-2014/helsingborg-hacken/I1hNWARM/;Atvidabergs - Falkenbergs;https://www.betexplorer.com/soccer/sweden/allsvenskan-2014/atvidabergs-falkenbergs/zJ06zgSc/;Malmo FF - Gefle;https://www.betexplorer.com/soccer/sweden/allsvenskan-2014/malmo-ff-gefle/lM4AZCs4/;Mjallby - Djurgarden;https://www.betexplorer.com/soccer/sweden/allsvenskan-2014/mjallby-djurgarden/td12yZCi/
2. ROUND;Orebro - Mjallby;https://www.betexplorer.com/soccer/sweden/allsvenskan-2014/orebro-mjallby/MBpjY2oU/;Goteborg - Malmo FF;https://www.betexplorer.com/soccer/sweden/allsvenskan-2014/ifk-goteborg-malmo-ff/252bxFco/;Kalmar - Atvidabergs;https://www.betexplorer.com/soccer/sweden/allsvenskan-2014/kalmar-atvidabergs/GEsrzPGH/;Djurgarden - Halmstad;https://www.betexplorer.com/soccer/sweden/allsvenskan-2014/djurgarden-halmstad/Ykhwy51B/;Gefle - AIK;https://www.betexplorer.com/soccer/sweden/allsvenskan-2014/gefle-aik/fagZyon5/;Norrkoping - Helsingborg;https://www.betexplorer.com/soccer/sweden/allsvenskan-2014/norrkoping-helsingborg/OKWHTMgo/;Falkenbergs - Brommapojkarna;https://www.betexplorer.com/soccer/sweden/allsvenskan-2014/falkenbergs-brommapojkarna/SlonZrWN/;Elfsborg - Hacken;https://www.betexplorer.com/soccer/sweden/allsvenskan-2014/elfsborg-hacken/QPlVxRWb/
1. ROUND;AIK - Goteborg;https://www.betexplorer.com/soccer/sweden/allsvenskan-2014/aik-ifk-goteborg/nZkRw7Hh/;Atvidabergs - Elfsborg;https://www.betexplorer.com/soccer/sweden/allsvenskan-2014/atvidabergs-elfsborg/fRF6zYA0/;Hacken - Norrkoping;https://www.betexplorer.com/soccer/sweden/allsvenskan-2014/hacken-norrkoping/4A0Mvm2n/;Brommapojkarna - Kalmar;https://www.betexplorer.com/soccer/sweden/allsvenskan-2014/brommapojkarna-kalmar/YHEAZiQ6/;Halmstad - Orebro;https://www.betexplorer.com/soccer/sweden/allsvenskan-2014/halmstad-orebro/j7dIuTnt/;Helsingborg - Djurgarden;https://www.betexplorer.com/soccer/sweden/allsvenskan-2014/helsingborg-djurgarden/n1Cbxftl/;Malmo FF - Falkenbergs;https://www.betexplorer.com/soccer/sweden/allsvenskan-2014/malmo-ff-falkenbergs/04G2yEef/;Mjallby - Gefle;https://www.betexplorer.com/soccer/sweden/allsvenskan-2014/mjallby-gefle/vVqBXVfJ/
