34. ROUND;Bochum - Sandhausen;https://www.betexplorer.com/soccer/germany/2-bundesliga-2014-2015/bochum-sandhausen/W4KXPt89/;Darmstadt - St. Pauli;https://www.betexplorer.com/soccer/germany/2-bundesliga-2014-2015/darmstadt-st-pauli/ILMqNvhS/;Dusseldorf - FSV Frankfurt;https://www.betexplorer.com/soccer/germany/2-bundesliga-2014-2015/dusseldorf-fsv-frankfurt/AkWOR2wc/;Heidenheim - Aue;https://www.betexplorer.com/soccer/germany/2-bundesliga-2014-2015/heidenheim-aue/p8OyP0NF/;Kaiserslautern - Ingolstadt;https://www.betexplorer.com/soccer/germany/2-bundesliga-2014-2015/kaiserslautern-ingolstadt/rqvw4aoj/;Karlsruher - Munich 1860;https://www.betexplorer.com/soccer/germany/2-bundesliga-2014-2015/karlsruher-munich-1860/MZxs3J0d/;Nurnberg - Aalen;https://www.betexplorer.com/soccer/germany/2-bundesliga-2014-2015/nurnberg-aalen/0KlY4uWq/;RB Leipzig - Greuther Furth;https://www.betexplorer.com/soccer/germany/2-bundesliga-2014-2015/rb-leipzig-greuther-furth/vVNuOKxM/;Union Berlin - Braunschweig;https://www.betexplorer.com/soccer/germany/2-bundesliga-2014-2015/union-berlin-braunschweig/ltVSQMh3/
33. ROUND;Aalen - Heidenheim;https://www.betexplorer.com/soccer/germany/2-bundesliga-2014-2015/aalen-heidenheim/lSkfCNwA/;Aue - Kaiserslautern;https://www.betexplorer.com/soccer/germany/2-bundesliga-2014-2015/aue-kaiserslautern/vHr79LNS/;Braunschweig - Karlsruher;https://www.betexplorer.com/soccer/germany/2-bundesliga-2014-2015/braunschweig-karlsruher/MFAeiM1p/;FSV Frankfurt - Union Berlin;https://www.betexplorer.com/soccer/germany/2-bundesliga-2014-2015/fsv-frankfurt-union-berlin/pfq3A18M/;Greuther Furth - Darmstadt;https://www.betexplorer.com/soccer/germany/2-bundesliga-2014-2015/greuther-furth-darmstadt/069ajtHj/;Ingolstadt - RB Leipzig;https://www.betexplorer.com/soccer/germany/2-bundesliga-2014-2015/ingolstadt-rb-leipzig/AyijD3O3/;Munich 1860 - Nurnberg;https://www.betexplorer.com/soccer/germany/2-bundesliga-2014-2015/munich-1860-nurnberg/2BmrFPgi/;Sandhausen - Dusseldorf;https://www.betexplorer.com/soccer/germany/2-bundesliga-2014-2015/sandhausen-dusseldorf/63paBsgG/;St. Pauli - Bochum;https://www.betexplorer.com/soccer/germany/2-bundesliga-2014-2015/st-pauli-bochum/GEinEq9c/
32. ROUND;Karlsruher - Darmstadt;https://www.betexplorer.com/soccer/germany/2-bundesliga-2014-2015/karlsruher-darmstadt/QPx416Pi/;Bochum - Ingolstadt;https://www.betexplorer.com/soccer/germany/2-bundesliga-2014-2015/bochum-ingolstadt/UHZKcOOG/;Heidenheim - Greuther Furth;https://www.betexplorer.com/soccer/germany/2-bundesliga-2014-2015/heidenheim-greuther-furth/CtPPdrvN/;Nurnberg - Braunschweig;https://www.betexplorer.com/soccer/germany/2-bundesliga-2014-2015/nurnberg-braunschweig/YVkIw3Xp/;Kaiserslautern - St. Pauli;https://www.betexplorer.com/soccer/germany/2-bundesliga-2014-2015/kaiserslautern-st-pauli/nZw02nAo/;Union Berlin - Aue;https://www.betexplorer.com/soccer/germany/2-bundesliga-2014-2015/union-berlin-aue/MiWCapf4/;Dusseldorf - Aalen;https://www.betexplorer.com/soccer/germany/2-bundesliga-2014-2015/dusseldorf-aalen/r1X80Qvb/;FSV Frankfurt - Munich 1860;https://www.betexplorer.com/soccer/germany/2-bundesliga-2014-2015/fsv-frankfurt-munich-1860/GEVGb49A/;RB Leipzig - Sandhausen;https://www.betexplorer.com/soccer/germany/2-bundesliga-2014-2015/rb-leipzig-sandhausen/jXNTe2gT/
31. ROUND;Ingolstadt - Nurnberg;https://www.betexplorer.com/soccer/germany/2-bundesliga-2014-2015/ingolstadt-nurnberg/Uc7ZoRP4/;Aalen - Bochum;https://www.betexplorer.com/soccer/germany/2-bundesliga-2014-2015/aalen-bochum/8l6woouB/;Aue - Karlsruher;https://www.betexplorer.com/soccer/germany/2-bundesliga-2014-2015/aue-karlsruher/GE9oqP9N/;Greuther Furth - Dusseldorf;https://www.betexplorer.com/soccer/germany/2-bundesliga-2014-2015/greuther-furth-dusseldorf/v9EMlTun/;Munich 1860 - Union Berlin;https://www.betexplorer.com/soccer/germany/2-bundesliga-2014-2015/munich-1860-union-berlin/YVDQmmeh/;Sandhausen - Heidenheim;https://www.betexplorer.com/soccer/germany/2-bundesliga-2014-2015/sandhausen-heidenheim/xOAsp5fH/;St. Pauli - RB Leipzig;https://www.betexplorer.com/soccer/germany/2-bundesliga-2014-2015/st-pauli-rb-leipzig/nZHUn7Ab/;Braunschweig - FSV Frankfurt;https://www.betexplorer.com/soccer/germany/2-bundesliga-2014-2015/braunschweig-fsv-frankfurt/0IFIk9Qu/;Darmstadt - Kaiserslautern;https://www.betexplorer.com/soccer/germany/2-bundesliga-2014-2015/darmstadt-kaiserslautern/bwajrqPT/
30. ROUND;Braunschweig - Aue;https://www.betexplorer.com/soccer/germany/2-bundesliga-2014-2015/braunschweig-aue/xSlSiddQ/;FSV Frankfurt - Aalen;https://www.betexplorer.com/soccer/germany/2-bundesliga-2014-2015/fsv-frankfurt-aalen/UPT6pEl0/;Heidenheim - St. Pauli;https://www.betexplorer.com/soccer/germany/2-bundesliga-2014-2015/heidenheim-st-pauli/xjXErhJC/;Union Berlin - Ingolstadt;https://www.betexplorer.com/soccer/germany/2-bundesliga-2014-2015/union-berlin-ingolstadt/n1v2ofZg/;Dusseldorf - Munich 1860;https://www.betexplorer.com/soccer/germany/2-bundesliga-2014-2015/dusseldorf-munich-1860/8AubnzKm/;Karlsruher - Greuther Furth;https://www.betexplorer.com/soccer/germany/2-bundesliga-2014-2015/karlsruher-greuther-furth/vyyfmG4s/;Bochum - Kaiserslautern;https://www.betexplorer.com/soccer/germany/2-bundesliga-2014-2015/bochum-kaiserslautern/rTXAqY36/;Nurnberg - Sandhausen;https://www.betexplorer.com/soccer/germany/2-bundesliga-2014-2015/nurnberg-sandhausen/f3aNhxsK/;RB Leipzig - Darmstadt;https://www.betexplorer.com/soccer/germany/2-bundesliga-2014-2015/rb-leipzig-darmstadt/GtWIsCYI/
29. ROUND;Kaiserslautern - RB Leipzig;https://www.betexplorer.com/soccer/germany/2-bundesliga-2014-2015/kaiserslautern-rb-leipzig/t0ZmvwSQ/;Aue - FSV Frankfurt;https://www.betexplorer.com/soccer/germany/2-bundesliga-2014-2015/aue-fsv-frankfurt/UP7yVYlD/;Darmstadt - Heidenheim;https://www.betexplorer.com/soccer/germany/2-bundesliga-2014-2015/darmstadt-heidenheim/rTeJgIRD/;Greuther Furth - Union Berlin;https://www.betexplorer.com/soccer/germany/2-bundesliga-2014-2015/greuther-furth-union-berlin/29zpuJCK/;Aalen - Braunschweig;https://www.betexplorer.com/soccer/germany/2-bundesliga-2014-2015/aalen-braunschweig/YcESWfK0/;Munich 1860 - Bochum;https://www.betexplorer.com/soccer/germany/2-bundesliga-2014-2015/munich-1860-bochum/nsCGZdzr/;Ingolstadt - Dusseldorf;https://www.betexplorer.com/soccer/germany/2-bundesliga-2014-2015/ingolstadt-dusseldorf/f7FOXz5f/;Sandhausen - Karlsruher;https://www.betexplorer.com/soccer/germany/2-bundesliga-2014-2015/sandhausen-karlsruher/jZ8XVEZ6/;St. Pauli - Nurnberg;https://www.betexplorer.com/soccer/germany/2-bundesliga-2014-2015/st-pauli-nurnberg/0pGKYGkl/
28. ROUND;Dusseldorf - Kaiserslautern;https://www.betexplorer.com/soccer/germany/2-bundesliga-2014-2015/dusseldorf-kaiserslautern/Q39qykfk/;Aue - Sandhausen;https://www.betexplorer.com/soccer/germany/2-bundesliga-2014-2015/aue-sandhausen/CKBeYnv8/;Bochum - RB Leipzig;https://www.betexplorer.com/soccer/germany/2-bundesliga-2014-2015/bochum-rb-leipzig/Ghxxsur8/;Union Berlin - Aalen;https://www.betexplorer.com/soccer/germany/2-bundesliga-2014-2015/union-berlin-aalen/4f8mz99e/;Braunschweig - Munich 1860;https://www.betexplorer.com/soccer/germany/2-bundesliga-2014-2015/braunschweig-munich-1860/6JSCtBWR/;FSV Frankfurt - Greuther Furth;https://www.betexplorer.com/soccer/germany/2-bundesliga-2014-2015/fsv-frankfurt-greuther-furth/bH7iZSO1/;Heidenheim - Ingolstadt;https://www.betexplorer.com/soccer/germany/2-bundesliga-2014-2015/heidenheim-ingolstadt/fqyttacE/;Karlsruher - St. Pauli;https://www.betexplorer.com/soccer/germany/2-bundesliga-2014-2015/karlsruher-st-pauli/8SEvxVvq/;Nurnberg - Darmstadt;https://www.betexplorer.com/soccer/germany/2-bundesliga-2014-2015/nurnberg-darmstadt/CdT8siHL/
27. ROUND;St. Pauli - Dusseldorf;https://www.betexplorer.com/soccer/germany/2-bundesliga-2014-2015/st-pauli-dusseldorf/rRv6NVPk/;Aalen - Karlsruher;https://www.betexplorer.com/soccer/germany/2-bundesliga-2014-2015/aalen-karlsruher/4tTEL9f2/;Darmstadt - Bochum;https://www.betexplorer.com/soccer/germany/2-bundesliga-2014-2015/darmstadt-bochum/EBA5rX1F/;Ingolstadt - FSV Frankfurt;https://www.betexplorer.com/soccer/germany/2-bundesliga-2014-2015/ingolstadt-fsv-frankfurt/QkUAMkud/;Munich 1860 - Aue;https://www.betexplorer.com/soccer/germany/2-bundesliga-2014-2015/munich-1860-aue/UNz2OBAq/;RB Leipzig - Nurnberg;https://www.betexplorer.com/soccer/germany/2-bundesliga-2014-2015/rb-leipzig-nurnberg/WnL0qDn9/;Sandhausen - Union Berlin;https://www.betexplorer.com/soccer/germany/2-bundesliga-2014-2015/sandhausen-union-berlin/hdMdpgX2/;Greuther Furth - Braunschweig;https://www.betexplorer.com/soccer/germany/2-bundesliga-2014-2015/greuther-furth-braunschweig/YikWTXnM/;Kaiserslautern - Heidenheim;https://www.betexplorer.com/soccer/germany/2-bundesliga-2014-2015/kaiserslautern-heidenheim/CrlzTi2S/
26. ROUND;Nurnberg - Bochum;https://www.betexplorer.com/soccer/germany/2-bundesliga-2014-2015/nurnberg-bochum/x6ybT0dB/;Aue - Greuther Furth;https://www.betexplorer.com/soccer/germany/2-bundesliga-2014-2015/aue-greuther-furth/EkZUVgI9/;Heidenheim - RB Leipzig;https://www.betexplorer.com/soccer/germany/2-bundesliga-2014-2015/heidenheim-rb-leipzig/htYYUDXF/;Karlsruher - Kaiserslautern;https://www.betexplorer.com/soccer/germany/2-bundesliga-2014-2015/karlsruher-kaiserslautern/dflWAhtp/;Braunschweig - Ingolstadt;https://www.betexplorer.com/soccer/germany/2-bundesliga-2014-2015/braunschweig-ingolstadt/KUQ2SKBH/;Dusseldorf - Darmstadt;https://www.betexplorer.com/soccer/germany/2-bundesliga-2014-2015/dusseldorf-darmstadt/QThzACej/;FSV Frankfurt - Sandhausen;https://www.betexplorer.com/soccer/germany/2-bundesliga-2014-2015/fsv-frankfurt-sandhausen/KSZQWZ23/;Munich 1860 - Aalen;https://www.betexplorer.com/soccer/germany/2-bundesliga-2014-2015/munich-1860-aalen/4Kiv9WAd/;Union Berlin - St. Pauli;https://www.betexplorer.com/soccer/germany/2-bundesliga-2014-2015/union-berlin-st-pauli/6PVMXFmc/
25. ROUND;RB Leipzig - Dusseldorf;https://www.betexplorer.com/soccer/germany/2-bundesliga-2014-2015/rb-leipzig-dusseldorf/W8YkVMRb/;Aalen - Aue;https://www.betexplorer.com/soccer/germany/2-bundesliga-2014-2015/aalen-aue/djtwYOst/;Ingolstadt - Karlsruher;https://www.betexplorer.com/soccer/germany/2-bundesliga-2014-2015/ingolstadt-karlsruher/KU4XCuCU/;Sandhausen - Braunschweig;https://www.betexplorer.com/soccer/germany/2-bundesliga-2014-2015/sandhausen-braunschweig/zsusXrcn/;Kaiserslautern - Nurnberg;https://www.betexplorer.com/soccer/germany/2-bundesliga-2014-2015/kaiserslautern-nurnberg/O2BOE1sI/;St. Pauli - FSV Frankfurt;https://www.betexplorer.com/soccer/germany/2-bundesliga-2014-2015/st-pauli-fsv-frankfurt/6R0TDLdO/;Bochum - Heidenheim;https://www.betexplorer.com/soccer/germany/2-bundesliga-2014-2015/bochum-heidenheim/hIZoW2Ch/;Darmstadt - Union Berlin;https://www.betexplorer.com/soccer/germany/2-bundesliga-2014-2015/darmstadt-union-berlin/QVXgUts5/;Greuther Furth - Munich 1860;https://www.betexplorer.com/soccer/germany/2-bundesliga-2014-2015/greuther-furth-munich-1860/pCCKFsSB/
24. ROUND;Karlsruher - RB Leipzig;https://www.betexplorer.com/soccer/germany/2-bundesliga-2014-2015/karlsruher-rb-leipzig/rVzj02SO/;FSV Frankfurt - Darmstadt;https://www.betexplorer.com/soccer/germany/2-bundesliga-2014-2015/fsv-frankfurt-darmstadt/CpaDH3ca/;Munich 1860 - Sandhausen;https://www.betexplorer.com/soccer/germany/2-bundesliga-2014-2015/munich-1860-sandhausen/Me60K5Dt/;Union Berlin - Kaiserslautern;https://www.betexplorer.com/soccer/germany/2-bundesliga-2014-2015/union-berlin-kaiserslautern/GI54JPSn/;Aalen - Greuther Furth;https://www.betexplorer.com/soccer/germany/2-bundesliga-2014-2015/aalen-greuther-furth/UL98Iqrg/;Braunschweig - St. Pauli;https://www.betexplorer.com/soccer/germany/2-bundesliga-2014-2015/braunschweig-st-pauli/4vxn1rDI/;Aue - Ingolstadt;https://www.betexplorer.com/soccer/germany/2-bundesliga-2014-2015/aue-ingolstadt/jybHGNC5/;Dusseldorf - Bochum;https://www.betexplorer.com/soccer/germany/2-bundesliga-2014-2015/dusseldorf-bochum/KnKYOo5P/;Nurnberg - Heidenheim;https://www.betexplorer.com/soccer/germany/2-bundesliga-2014-2015/nurnberg-heidenheim/AHxr2OcC/
23. ROUND;Ingolstadt - Munich 1860;https://www.betexplorer.com/soccer/germany/2-bundesliga-2014-2015/ingolstadt-munich-1860/OK4fBSzQ/;Heidenheim - Dusseldorf;https://www.betexplorer.com/soccer/germany/2-bundesliga-2014-2015/heidenheim-dusseldorf/xSpV4QDg/;RB Leipzig - Union Berlin;https://www.betexplorer.com/soccer/germany/2-bundesliga-2014-2015/rb-leipzig-union-berlin/GIqZ3pTa/;St. Pauli - Aue;https://www.betexplorer.com/soccer/germany/2-bundesliga-2014-2015/st-pauli-aue/AH0jC8LJ/;Nurnberg - Karlsruher;https://www.betexplorer.com/soccer/germany/2-bundesliga-2014-2015/nurnberg-karlsruher/IND4l5TC/;Sandhausen - Aalen;https://www.betexplorer.com/soccer/germany/2-bundesliga-2014-2015/sandhausen-aalen/U1sN6nqs/;Bochum - FSV Frankfurt;https://www.betexplorer.com/soccer/germany/2-bundesliga-2014-2015/bochum-fsv-frankfurt/8htR56bm/;Darmstadt - Braunschweig;https://www.betexplorer.com/soccer/germany/2-bundesliga-2014-2015/darmstadt-braunschweig/bsZw34r6/;Kaiserslautern - Greuther Furth;https://www.betexplorer.com/soccer/germany/2-bundesliga-2014-2015/kaiserslautern-greuther-furth/dEC8mPrJ/
22. ROUND;Braunschweig - RB Leipzig;https://www.betexplorer.com/soccer/germany/2-bundesliga-2014-2015/braunschweig-rb-leipzig/dhyYznaD/;Dusseldorf - Nurnberg;https://www.betexplorer.com/soccer/germany/2-bundesliga-2014-2015/dusseldorf-nurnberg/6NIOc96Q/;FSV Frankfurt - Kaiserslautern;https://www.betexplorer.com/soccer/germany/2-bundesliga-2014-2015/fsv-frankfurt-kaiserslautern/bLc3jRb0/;Union Berlin - Heidenheim;https://www.betexplorer.com/soccer/germany/2-bundesliga-2014-2015/union-berlin-heidenheim/jefehmUm/;Karlsruher - Bochum;https://www.betexplorer.com/soccer/germany/2-bundesliga-2014-2015/karlsruher-bochum/xlEKbkiK/;Munich 1860 - St. Pauli;https://www.betexplorer.com/soccer/germany/2-bundesliga-2014-2015/munich-1860-st-pauli/8W4jgTEs/;Aalen - Ingolstadt;https://www.betexplorer.com/soccer/germany/2-bundesliga-2014-2015/aalen-ingolstadt/4bbai7qf/;Aue - Darmstadt;https://www.betexplorer.com/soccer/germany/2-bundesliga-2014-2015/aue-darmstadt/xCd7koE6/;Greuther Furth - Sandhausen;https://www.betexplorer.com/soccer/germany/2-bundesliga-2014-2015/greuther-furth-sandhausen/bcFGaVyE/
21. ROUND;St. Pauli - Greuther Furth;https://www.betexplorer.com/soccer/germany/2-bundesliga-2014-2015/st-pauli-greuther-furth/xW2pcxGF/;Darmstadt - Munich 1860;https://www.betexplorer.com/soccer/germany/2-bundesliga-2014-2015/darmstadt-munich-1860/b7IUySq7/;Nurnberg - Union Berlin;https://www.betexplorer.com/soccer/germany/2-bundesliga-2014-2015/nurnberg-union-berlin/2DAXavWd/;RB Leipzig - FSV Frankfurt;https://www.betexplorer.com/soccer/germany/2-bundesliga-2014-2015/rb-leipzig-fsv-frankfurt/4pJQx8U0/;Ingolstadt - Sandhausen;https://www.betexplorer.com/soccer/germany/2-bundesliga-2014-2015/ingolstadt-sandhausen/URQDuApr/;Kaiserslautern - Aalen;https://www.betexplorer.com/soccer/germany/2-bundesliga-2014-2015/kaiserslautern-aalen/t49yabo3/;Bochum - Braunschweig;https://www.betexplorer.com/soccer/germany/2-bundesliga-2014-2015/bochum-braunschweig/8IPHvUal/;Dusseldorf - Aue;https://www.betexplorer.com/soccer/germany/2-bundesliga-2014-2015/dusseldorf-aue/OSbtbI09/;Heidenheim - Karlsruher;https://www.betexplorer.com/soccer/germany/2-bundesliga-2014-2015/heidenheim-karlsruher/QgKMwlFf/
20. ROUND;Munich 1860 - Heidenheim;https://www.betexplorer.com/soccer/germany/2-bundesliga-2014-2015/munich-1860-heidenheim/4Ir7qJoG/;Braunschweig - Kaiserslautern;https://www.betexplorer.com/soccer/germany/2-bundesliga-2014-2015/braunschweig-kaiserslautern/ETkfnL1c/;FSV Frankfurt - Nurnberg;https://www.betexplorer.com/soccer/germany/2-bundesliga-2014-2015/fsv-frankfurt-nurnberg/dGNoxyvj/;Karlsruher - Dusseldorf;https://www.betexplorer.com/soccer/germany/2-bundesliga-2014-2015/karlsruher-dusseldorf/nsl2paW9/;Sandhausen - St. Pauli;https://www.betexplorer.com/soccer/germany/2-bundesliga-2014-2015/sandhausen-st-pauli/EiYtwHOq/;Union Berlin - Bochum;https://www.betexplorer.com/soccer/germany/2-bundesliga-2014-2015/union-berlin-bochum/r9sBrw1M/;Aalen - Darmstadt;https://www.betexplorer.com/soccer/germany/2-bundesliga-2014-2015/aalen-darmstadt/xWtFscGS/;Aue - RB Leipzig;https://www.betexplorer.com/soccer/germany/2-bundesliga-2014-2015/aue-rb-leipzig/z7Mkyegd/;Greuther Furth - Ingolstadt;https://www.betexplorer.com/soccer/germany/2-bundesliga-2014-2015/greuther-furth-ingolstadt/8jkbouH3/
19. ROUND;RB Leipzig - Munich 1860;https://www.betexplorer.com/soccer/germany/2-bundesliga-2014-2015/rb-leipzig-munich-1860/0l87OH9j/;Bochum - Aue;https://www.betexplorer.com/soccer/germany/2-bundesliga-2014-2015/bochum-aue/U5HyUwnT/;Darmstadt - Ingolstadt;https://www.betexplorer.com/soccer/germany/2-bundesliga-2014-2015/darmstadt-ingolstadt/2gnjm1ni/;Kaiserslautern - Sandhausen;https://www.betexplorer.com/soccer/germany/2-bundesliga-2014-2015/kaiserslautern-sandhausen/0QPKXLn4/;Nurnberg - Greuther Furth;https://www.betexplorer.com/soccer/germany/2-bundesliga-2014-2015/nurnberg-greuther-furth/MZQGY1Xc/;St. Pauli - Aalen;https://www.betexplorer.com/soccer/germany/2-bundesliga-2014-2015/st-pauli-aalen/jFIXUJWM/;Dusseldorf - Union Berlin;https://www.betexplorer.com/soccer/germany/2-bundesliga-2014-2015/dusseldorf-union-berlin/8jTSVaHG/;Heidenheim - Braunschweig;https://www.betexplorer.com/soccer/germany/2-bundesliga-2014-2015/heidenheim-braunschweig/Mc93Pcfp/;Karlsruher - FSV Frankfurt;https://www.betexplorer.com/soccer/germany/2-bundesliga-2014-2015/karlsruher-fsv-frankfurt/fmPOWu2A/
18. ROUND;Aalen - RB Leipzig;https://www.betexplorer.com/soccer/germany/2-bundesliga-2014-2015/aalen-rb-leipzig/QcG6GKHT/;Aue - Nurnberg;https://www.betexplorer.com/soccer/germany/2-bundesliga-2014-2015/aue-nurnberg/fDfKZsIi/;Ingolstadt - St. Pauli;https://www.betexplorer.com/soccer/germany/2-bundesliga-2014-2015/ingolstadt-st-pauli/rZQ1H02N/;Munich 1860 - Kaiserslautern;https://www.betexplorer.com/soccer/germany/2-bundesliga-2014-2015/munich-1860-kaiserslautern/z9NgJMXA/;Sandhausen - Darmstadt;https://www.betexplorer.com/soccer/germany/2-bundesliga-2014-2015/sandhausen-darmstadt/2J7YBvQp/;Braunschweig - Dusseldorf;https://www.betexplorer.com/soccer/germany/2-bundesliga-2014-2015/braunschweig-dusseldorf/EgZpLr3b/;FSV Frankfurt - Heidenheim;https://www.betexplorer.com/soccer/germany/2-bundesliga-2014-2015/fsv-frankfurt-heidenheim/GMeGzO2o/;Greuther Furth - Bochum;https://www.betexplorer.com/soccer/germany/2-bundesliga-2014-2015/greuther-furth-bochum/dIOkK2I4/;Union Berlin - Karlsruher;https://www.betexplorer.com/soccer/germany/2-bundesliga-2014-2015/union-berlin-karlsruher/4rScItmH/
17. ROUND;Aalen - Nurnberg;https://www.betexplorer.com/soccer/germany/2-bundesliga-2014-2015/aalen-nurnberg/S2EUIhMU/;Ingolstadt - Kaiserslautern;https://www.betexplorer.com/soccer/germany/2-bundesliga-2014-2015/ingolstadt-kaiserslautern/lCFQJY6O/;St. Pauli - Darmstadt;https://www.betexplorer.com/soccer/germany/2-bundesliga-2014-2015/st-pauli-darmstadt/fkGMKEiI/;Braunschweig - Union Berlin;https://www.betexplorer.com/soccer/germany/2-bundesliga-2014-2015/braunschweig-union-berlin/KWN9NG7a/;FSV Frankfurt - Dusseldorf;https://www.betexplorer.com/soccer/germany/2-bundesliga-2014-2015/fsv-frankfurt-dusseldorf/8dWxN4Yo/;Munich 1860 - Karlsruher;https://www.betexplorer.com/soccer/germany/2-bundesliga-2014-2015/munich-1860-karlsruher/tnCILfxC/;Aue - Heidenheim;https://www.betexplorer.com/soccer/germany/2-bundesliga-2014-2015/aue-heidenheim/2JVtMOmh/;Greuther Furth - RB Leipzig;https://www.betexplorer.com/soccer/germany/2-bundesliga-2014-2015/greuther-furth-rb-leipzig/bNMDMzN5/;Sandhausen - Bochum;https://www.betexplorer.com/soccer/germany/2-bundesliga-2014-2015/sandhausen-bochum/U5XYNpJu/
16. ROUND;Nurnberg - Munich 1860;https://www.betexplorer.com/soccer/germany/2-bundesliga-2014-2015/nurnberg-munich-1860/dWRUMqHl/;Karlsruher - Braunschweig;https://www.betexplorer.com/soccer/germany/2-bundesliga-2014-2015/karlsruher-braunschweig/UqQxLNo1/;RB Leipzig - Ingolstadt;https://www.betexplorer.com/soccer/germany/2-bundesliga-2014-2015/rb-leipzig-ingolstadt/YFP1Pxwm/;Union Berlin - FSV Frankfurt;https://www.betexplorer.com/soccer/germany/2-bundesliga-2014-2015/union-berlin-fsv-frankfurt/QBJoJ1GD/;Darmstadt - Greuther Furth;https://www.betexplorer.com/soccer/germany/2-bundesliga-2014-2015/darmstadt-greuther-furth/C6O5Odhg/;Kaiserslautern - Aue;https://www.betexplorer.com/soccer/germany/2-bundesliga-2014-2015/kaiserslautern-aue/jgRYL3Wf/;Bochum - St. Pauli;https://www.betexplorer.com/soccer/germany/2-bundesliga-2014-2015/bochum-st-pauli/vF7TsogE/;Dusseldorf - Sandhausen;https://www.betexplorer.com/soccer/germany/2-bundesliga-2014-2015/dusseldorf-sandhausen/nLKsKs17/;Heidenheim - Aalen;https://www.betexplorer.com/soccer/germany/2-bundesliga-2014-2015/heidenheim-aalen/jizcQINt/
15. ROUND;Braunschweig - Nurnberg;https://www.betexplorer.com/soccer/germany/2-bundesliga-2014-2015/braunschweig-nurnberg/IRmh9Qnk/;Munich 1860 - FSV Frankfurt;https://www.betexplorer.com/soccer/germany/2-bundesliga-2014-2015/munich-1860-fsv-frankfurt/jun074H1/;Sandhausen - RB Leipzig;https://www.betexplorer.com/soccer/germany/2-bundesliga-2014-2015/sandhausen-rb-leipzig/EDXfTovL/;St. Pauli - Kaiserslautern;https://www.betexplorer.com/soccer/germany/2-bundesliga-2014-2015/st-pauli-kaiserslautern/4rj46OW7/;Aalen - Dusseldorf;https://www.betexplorer.com/soccer/germany/2-bundesliga-2014-2015/aalen-dusseldorf/pvTjUROE/;Ingolstadt - Bochum;https://www.betexplorer.com/soccer/germany/2-bundesliga-2014-2015/ingolstadt-bochum/6mUnV798/;Aue - Union Berlin;https://www.betexplorer.com/soccer/germany/2-bundesliga-2014-2015/aue-union-berlin/h4WbS5gR/;Darmstadt - Karlsruher;https://www.betexplorer.com/soccer/germany/2-bundesliga-2014-2015/darmstadt-karlsruher/bo9RNP1r/;Greuther Furth - Heidenheim;https://www.betexplorer.com/soccer/germany/2-bundesliga-2014-2015/greuther-furth-heidenheim/dInd8p2e/
14. ROUND;Dusseldorf - Greuther Furth;https://www.betexplorer.com/soccer/germany/2-bundesliga-2014-2015/dusseldorf-greuther-furth/6RhCIUP2/;Karlsruher - Aue;https://www.betexplorer.com/soccer/germany/2-bundesliga-2014-2015/karlsruher-aue/IBaUgom2/;Nurnberg - Ingolstadt;https://www.betexplorer.com/soccer/germany/2-bundesliga-2014-2015/nurnberg-ingolstadt/ddBLe7Ik/;RB Leipzig - St. Pauli;https://www.betexplorer.com/soccer/germany/2-bundesliga-2014-2015/rb-leipzig-st-pauli/xGWfA6Xr/;FSV Frankfurt - Braunschweig;https://www.betexplorer.com/soccer/germany/2-bundesliga-2014-2015/fsv-frankfurt-braunschweig/StsLG8fF/;Union Berlin - Munich 1860;https://www.betexplorer.com/soccer/germany/2-bundesliga-2014-2015/union-berlin-munich-1860/pIiGHlu9/;Bochum - Aalen;https://www.betexplorer.com/soccer/germany/2-bundesliga-2014-2015/bochum-aalen/tpoPFS9L/;Heidenheim - Sandhausen;https://www.betexplorer.com/soccer/germany/2-bundesliga-2014-2015/heidenheim-sandhausen/z7pTEnPR/;Kaiserslautern - Darmstadt;https://www.betexplorer.com/soccer/germany/2-bundesliga-2014-2015/kaiserslautern-darmstadt/vL0QfRXe/
13. ROUND;Munich 1860 - Dusseldorf;https://www.betexplorer.com/soccer/germany/2-bundesliga-2014-2015/munich-1860-dusseldorf/pbPU5itc/;Aue - Braunschweig;https://www.betexplorer.com/soccer/germany/2-bundesliga-2014-2015/aue-braunschweig/StLk1TfS/;Greuther Furth - Karlsruher;https://www.betexplorer.com/soccer/germany/2-bundesliga-2014-2015/greuther-furth-karlsruher/42nrrllj/;Ingolstadt - Union Berlin;https://www.betexplorer.com/soccer/germany/2-bundesliga-2014-2015/ingolstadt-union-berlin/hOSx4VA9/;Darmstadt - RB Leipzig;https://www.betexplorer.com/soccer/germany/2-bundesliga-2014-2015/darmstadt-rb-leipzig/pM7Hdm3q/;St. Pauli - Heidenheim;https://www.betexplorer.com/soccer/germany/2-bundesliga-2014-2015/st-pauli-heidenheim/b1TY4Be3/;Aalen - FSV Frankfurt;https://www.betexplorer.com/soccer/germany/2-bundesliga-2014-2015/aalen-fsv-frankfurt/WERt3kQF/;Kaiserslautern - Bochum;https://www.betexplorer.com/soccer/germany/2-bundesliga-2014-2015/kaiserslautern-bochum/rgons83d/;Sandhausen - Nurnberg;https://www.betexplorer.com/soccer/germany/2-bundesliga-2014-2015/sandhausen-nurnberg/ljMo29uM/
12. ROUND;RB Leipzig - Kaiserslautern;https://www.betexplorer.com/soccer/germany/2-bundesliga-2014-2015/rb-leipzig-kaiserslautern/ARXvqUYq/;Bochum - Munich 1860;https://www.betexplorer.com/soccer/germany/2-bundesliga-2014-2015/bochum-munich-1860/Qgd8ljBM/;Braunschweig - Aalen;https://www.betexplorer.com/soccer/germany/2-bundesliga-2014-2015/braunschweig-aalen/rB0mgEdi/;FSV Frankfurt - Aue;https://www.betexplorer.com/soccer/germany/2-bundesliga-2014-2015/fsv-frankfurt-aue/Cjh4kWeG/;Heidenheim - Darmstadt;https://www.betexplorer.com/soccer/germany/2-bundesliga-2014-2015/heidenheim-darmstadt/8IoDmAQS/;Nurnberg - St. Pauli;https://www.betexplorer.com/soccer/germany/2-bundesliga-2014-2015/nurnberg-st-pauli/U7C5UUJj/;Dusseldorf - Ingolstadt;https://www.betexplorer.com/soccer/germany/2-bundesliga-2014-2015/dusseldorf-ingolstadt/vwfdihR3/;Karlsruher - Sandhausen;https://www.betexplorer.com/soccer/germany/2-bundesliga-2014-2015/karlsruher-sandhausen/M1aihYBc/;Union Berlin - Greuther Furth;https://www.betexplorer.com/soccer/germany/2-bundesliga-2014-2015/union-berlin-greuther-furth/ITh0jCtA/
11. ROUND;Darmstadt - Nurnberg;https://www.betexplorer.com/soccer/germany/2-bundesliga-2014-2015/darmstadt-nurnberg/IX81VA4p/;Ingolstadt - Heidenheim;https://www.betexplorer.com/soccer/germany/2-bundesliga-2014-2015/ingolstadt-heidenheim/jJhLkuja/;Munich 1860 - Braunschweig;https://www.betexplorer.com/soccer/germany/2-bundesliga-2014-2015/munich-1860-braunschweig/fiaCi1Ln/;Sandhausen - Aue;https://www.betexplorer.com/soccer/germany/2-bundesliga-2014-2015/sandhausen-aue/bqdTmJKB/;Kaiserslautern - Dusseldorf;https://www.betexplorer.com/soccer/germany/2-bundesliga-2014-2015/kaiserslautern-dusseldorf/0Ua8hs6t/;St. Pauli - Karlsruher;https://www.betexplorer.com/soccer/germany/2-bundesliga-2014-2015/st-pauli-karlsruher/8f3GjLzg/;Aalen - Union Berlin;https://www.betexplorer.com/soccer/germany/2-bundesliga-2014-2015/aalen-union-berlin/U9iPla55/;Greuther Furth - FSV Frankfurt;https://www.betexplorer.com/soccer/germany/2-bundesliga-2014-2015/greuther-furth-fsv-frankfurt/bLDtcNcP/;RB Leipzig - Bochum;https://www.betexplorer.com/soccer/germany/2-bundesliga-2014-2015/rb-leipzig-bochum/xzeXnwzI/
10. ROUND;Dusseldorf - St. Pauli;https://www.betexplorer.com/soccer/germany/2-bundesliga-2014-2015/dusseldorf-st-pauli/jcHpw26g/;Aue - Munich 1860;https://www.betexplorer.com/soccer/germany/2-bundesliga-2014-2015/aue-munich-1860/QF9cz0jC/;FSV Frankfurt - Ingolstadt;https://www.betexplorer.com/soccer/germany/2-bundesliga-2014-2015/fsv-frankfurt-ingolstadt/CC5gyty6/;Karlsruher - Aalen;https://www.betexplorer.com/soccer/germany/2-bundesliga-2014-2015/karlsruher-aalen/MNCtvrim/;Braunschweig - Greuther Furth;https://www.betexplorer.com/soccer/germany/2-bundesliga-2014-2015/braunschweig-greuther-furth/rXDxuOys/;Union Berlin - Sandhausen;https://www.betexplorer.com/soccer/germany/2-bundesliga-2014-2015/union-berlin-sandhausen/UmGlxMLa/;Bochum - Darmstadt;https://www.betexplorer.com/soccer/germany/2-bundesliga-2014-2015/bochum-darmstadt/Kx91ZJ5I/;Heidenheim - Kaiserslautern;https://www.betexplorer.com/soccer/germany/2-bundesliga-2014-2015/heidenheim-kaiserslautern/bT75YwLO/;Nurnberg - RB Leipzig;https://www.betexplorer.com/soccer/germany/2-bundesliga-2014-2015/nurnberg-rb-leipzig/xjyAq4TP/
9. ROUND;RB Leipzig - Heidenheim;https://www.betexplorer.com/soccer/germany/2-bundesliga-2014-2015/rb-leipzig-heidenheim/Q1UOL0yJ/;Darmstadt - Dusseldorf;https://www.betexplorer.com/soccer/germany/2-bundesliga-2014-2015/darmstadt-dusseldorf/v5I6ppEJ/;Ingolstadt - Braunschweig;https://www.betexplorer.com/soccer/germany/2-bundesliga-2014-2015/ingolstadt-braunschweig/dMx8Prxf/;Sandhausen - FSV Frankfurt;https://www.betexplorer.com/soccer/germany/2-bundesliga-2014-2015/sandhausen-fsv-frankfurt/UZzGNM66/;Kaiserslautern - Karlsruher;https://www.betexplorer.com/soccer/germany/2-bundesliga-2014-2015/kaiserslautern-karlsruher/0fqaR47s/;St. Pauli - Union Berlin;https://www.betexplorer.com/soccer/germany/2-bundesliga-2014-2015/st-pauli-union-berlin/rJY3QOMm/;Aalen - Munich 1860;https://www.betexplorer.com/soccer/germany/2-bundesliga-2014-2015/aalen-munich-1860/jqxCO2i0/;Bochum - Nurnberg;https://www.betexplorer.com/soccer/germany/2-bundesliga-2014-2015/bochum-nurnberg/nBVKMtMC/;Greuther Furth - Aue;https://www.betexplorer.com/soccer/germany/2-bundesliga-2014-2015/greuther-furth-aue/bocXVpaQ/
8. ROUND;Nurnberg - Kaiserslautern;https://www.betexplorer.com/soccer/germany/2-bundesliga-2014-2015/nurnberg-kaiserslautern/A1xfIRUQ/;Dusseldorf - RB Leipzig;https://www.betexplorer.com/soccer/germany/2-bundesliga-2014-2015/dusseldorf-rb-leipzig/O8IUBP7f/;FSV Frankfurt - St. Pauli;https://www.betexplorer.com/soccer/germany/2-bundesliga-2014-2015/fsv-frankfurt-st-pauli/APKt9NiD/;Heidenheim - Bochum;https://www.betexplorer.com/soccer/germany/2-bundesliga-2014-2015/heidenheim-bochum/jLcTWQqK/;Karlsruher - Ingolstadt;https://www.betexplorer.com/soccer/germany/2-bundesliga-2014-2015/karlsruher-ingolstadt/6XNPC5hl/;Union Berlin - Darmstadt;https://www.betexplorer.com/soccer/germany/2-bundesliga-2014-2015/union-berlin-darmstadt/dMGxA3x7/;Aue - Aalen;https://www.betexplorer.com/soccer/germany/2-bundesliga-2014-2015/aue-aalen/CUbPX6UD/;Braunschweig - Sandhausen;https://www.betexplorer.com/soccer/germany/2-bundesliga-2014-2015/braunschweig-sandhausen/StPLDowr/;Munich 1860 - Greuther Furth;https://www.betexplorer.com/soccer/germany/2-bundesliga-2014-2015/munich-1860-greuther-furth/2aHYAqN0/
7. ROUND;Bochum - Dusseldorf;https://www.betexplorer.com/soccer/germany/2-bundesliga-2014-2015/bochum-dusseldorf/ldiadp87/;Darmstadt - FSV Frankfurt;https://www.betexplorer.com/soccer/germany/2-bundesliga-2014-2015/darmstadt-fsv-frankfurt/bRYkJ7FK/;Heidenheim - Nurnberg;https://www.betexplorer.com/soccer/germany/2-bundesliga-2014-2015/heidenheim-nurnberg/xCpsLTp8/;Kaiserslautern - Union Berlin;https://www.betexplorer.com/soccer/germany/2-bundesliga-2014-2015/kaiserslautern-union-berlin/KGar0S8r/;RB Leipzig - Karlsruher;https://www.betexplorer.com/soccer/germany/2-bundesliga-2014-2015/rb-leipzig-karlsruher/G2qoKm0E/;Greuther Furth - Aalen;https://www.betexplorer.com/soccer/germany/2-bundesliga-2014-2015/greuther-furth-aalen/rixFHfvG/;Ingolstadt - Aue;https://www.betexplorer.com/soccer/germany/2-bundesliga-2014-2015/ingolstadt-aue/St3jb6we/;Sandhausen - Munich 1860;https://www.betexplorer.com/soccer/germany/2-bundesliga-2014-2015/sandhausen-munich-1860/A5hecQh1/;St. Pauli - Braunschweig;https://www.betexplorer.com/soccer/germany/2-bundesliga-2014-2015/st-pauli-braunschweig/EwananOl/
6. ROUND;Dusseldorf - Heidenheim;https://www.betexplorer.com/soccer/germany/2-bundesliga-2014-2015/dusseldorf-heidenheim/nkvMDQLp/;Karlsruher - Nurnberg;https://www.betexplorer.com/soccer/germany/2-bundesliga-2014-2015/karlsruher-nurnberg/fcnfI6DT/;Union Berlin - RB Leipzig;https://www.betexplorer.com/soccer/germany/2-bundesliga-2014-2015/union-berlin-rb-leipzig/UD36Lxui/;FSV Frankfurt - Bochum;https://www.betexplorer.com/soccer/germany/2-bundesliga-2014-2015/fsv-frankfurt-bochum/xv7EJG93/;Greuther Furth - Kaiserslautern;https://www.betexplorer.com/soccer/germany/2-bundesliga-2014-2015/greuther-furth-kaiserslautern/G6mjJnbN/;Munich 1860 - Ingolstadt;https://www.betexplorer.com/soccer/germany/2-bundesliga-2014-2015/munich-1860-ingolstadt/QuwQCpyi/;Aalen - Sandhausen;https://www.betexplorer.com/soccer/germany/2-bundesliga-2014-2015/aalen-sandhausen/rH7AKdfc/;Aue - St. Pauli;https://www.betexplorer.com/soccer/germany/2-bundesliga-2014-2015/aue-st-pauli/GU5IIzP9/;Braunschweig - Darmstadt;https://www.betexplorer.com/soccer/germany/2-bundesliga-2014-2015/braunschweig-darmstadt/YsboKSrH/
5. ROUND;Nurnberg - Dusseldorf;https://www.betexplorer.com/soccer/germany/2-bundesliga-2014-2015/nurnberg-dusseldorf/tlZ769EH/;Heidenheim - Union Berlin;https://www.betexplorer.com/soccer/germany/2-bundesliga-2014-2015/heidenheim-union-berlin/lfdZMUbb/;Sandhausen - Greuther Furth;https://www.betexplorer.com/soccer/germany/2-bundesliga-2014-2015/sandhausen-greuther-furth/hS2QOjUo/;St. Pauli - Munich 1860;https://www.betexplorer.com/soccer/germany/2-bundesliga-2014-2015/st-pauli-munich-1860/23NG4mqU/;Darmstadt - Aue;https://www.betexplorer.com/soccer/germany/2-bundesliga-2014-2015/darmstadt-aue/M7fsL8TA/;RB Leipzig - Braunschweig;https://www.betexplorer.com/soccer/germany/2-bundesliga-2014-2015/rb-leipzig-braunschweig/SpewMlE4/;Bochum - Karlsruher;https://www.betexplorer.com/soccer/germany/2-bundesliga-2014-2015/bochum-karlsruher/WI1UNAqh/;Ingolstadt - Aalen;https://www.betexplorer.com/soccer/germany/2-bundesliga-2014-2015/ingolstadt-aalen/vPEr07io/;Kaiserslautern - FSV Frankfurt;https://www.betexplorer.com/soccer/germany/2-bundesliga-2014-2015/kaiserslautern-fsv-frankfurt/KvYB5TTN/
4. ROUND;Greuther Furth - St. Pauli;https://www.betexplorer.com/soccer/germany/2-bundesliga-2014-2015/greuther-furth-st-pauli/nRDYiAaO/;Braunschweig - Bochum;https://www.betexplorer.com/soccer/germany/2-bundesliga-2014-2015/braunschweig-bochum/h4EUhjpI/;Munich 1860 - Darmstadt;https://www.betexplorer.com/soccer/germany/2-bundesliga-2014-2015/munich-1860-darmstadt/QiqqCDpt/;Sandhausen - Ingolstadt;https://www.betexplorer.com/soccer/germany/2-bundesliga-2014-2015/sandhausen-ingolstadt/C8oe9BUb/;Aue - Dusseldorf;https://www.betexplorer.com/soccer/germany/2-bundesliga-2014-2015/aue-dusseldorf/YNZ37kaB/;Karlsruher - Heidenheim;https://www.betexplorer.com/soccer/germany/2-bundesliga-2014-2015/karlsruher-heidenheim/QHCxiUEU/;Aalen - Kaiserslautern;https://www.betexplorer.com/soccer/germany/2-bundesliga-2014-2015/aalen-kaiserslautern/b5siAiFh/;FSV Frankfurt - RB Leipzig;https://www.betexplorer.com/soccer/germany/2-bundesliga-2014-2015/fsv-frankfurt-rb-leipzig/fXz08Vq5/;Union Berlin - Nurnberg;https://www.betexplorer.com/soccer/germany/2-bundesliga-2014-2015/union-berlin-nurnberg/4rrmBXan/
3. ROUND;Bochum - Union Berlin;https://www.betexplorer.com/soccer/germany/2-bundesliga-2014-2015/bochum-union-berlin/4U2EdYpg/;Darmstadt - Aalen;https://www.betexplorer.com/soccer/germany/2-bundesliga-2014-2015/darmstadt-aalen/fJeRgWUB/;Ingolstadt - Greuther Furth;https://www.betexplorer.com/soccer/germany/2-bundesliga-2014-2015/ingolstadt-greuther-furth/Qw4AcEVn/;Kaiserslautern - Braunschweig;https://www.betexplorer.com/soccer/germany/2-bundesliga-2014-2015/kaiserslautern-braunschweig/hjZeviVO/;Dusseldorf - Karlsruher;https://www.betexplorer.com/soccer/germany/2-bundesliga-2014-2015/dusseldorf-karlsruher/6gNw3z8P/;Nurnberg - FSV Frankfurt;https://www.betexplorer.com/soccer/germany/2-bundesliga-2014-2015/nurnberg-fsv-frankfurt/EazhuXFI/;Heidenheim - Munich 1860;https://www.betexplorer.com/soccer/germany/2-bundesliga-2014-2015/heidenheim-munich-1860/Y37Ieh0a/;RB Leipzig - Aue;https://www.betexplorer.com/soccer/germany/2-bundesliga-2014-2015/rb-leipzig-aue/Cf6MfCF5/;St. Pauli - Sandhausen;https://www.betexplorer.com/soccer/germany/2-bundesliga-2014-2015/st-pauli-sandhausen/rFE5bfGt/
2. ROUND;Greuther Furth - Nurnberg;https://www.betexplorer.com/soccer/germany/2-bundesliga-2014-2015/greuther-furth-nurnberg/KI023q28/;Ingolstadt - Darmstadt;https://www.betexplorer.com/soccer/germany/2-bundesliga-2014-2015/ingolstadt-darmstadt/48Rwpe1m/;Munich 1860 - RB Leipzig;https://www.betexplorer.com/soccer/germany/2-bundesliga-2014-2015/munich-1860-rb-leipzig/b9a623HE/;Sandhausen - Kaiserslautern;https://www.betexplorer.com/soccer/germany/2-bundesliga-2014-2015/sandhausen-kaiserslautern/0zLnrZVa/;Aue - Bochum;https://www.betexplorer.com/soccer/germany/2-bundesliga-2014-2015/aue-bochum/YmJftD0C/;Braunschweig - Heidenheim;https://www.betexplorer.com/soccer/germany/2-bundesliga-2014-2015/braunschweig-heidenheim/IDMJv0P7/;Aalen - St. Pauli;https://www.betexplorer.com/soccer/germany/2-bundesliga-2014-2015/aalen-st-pauli/nXGrqFGg/;FSV Frankfurt - Karlsruher;https://www.betexplorer.com/soccer/germany/2-bundesliga-2014-2015/fsv-frankfurt-karlsruher/fcKjsgo6/;Union Berlin - Dusseldorf;https://www.betexplorer.com/soccer/germany/2-bundesliga-2014-2015/union-berlin-dusseldorf/QHSZpyns/
1. ROUND;Kaiserslautern - Munich 1860;https://www.betexplorer.com/soccer/germany/2-bundesliga-2014-2015/kaiserslautern-munich-1860/jVQuidpR/;Darmstadt - Sandhausen;https://www.betexplorer.com/soccer/germany/2-bundesliga-2014-2015/darmstadt-sandhausen/ltyLsh7D/;Heidenheim - FSV Frankfurt;https://www.betexplorer.com/soccer/germany/2-bundesliga-2014-2015/heidenheim-fsv-frankfurt/SQnCqEx1/;Karlsruher - Union Berlin;https://www.betexplorer.com/soccer/germany/2-bundesliga-2014-2015/karlsruher-union-berlin/tAp0nGhr/;Nurnberg - Aue;https://www.betexplorer.com/soccer/germany/2-bundesliga-2014-2015/nurnberg-aue/CvSyhxVK/;Bochum - Greuther Furth;https://www.betexplorer.com/soccer/germany/2-bundesliga-2014-2015/bochum-greuther-furth/ENr8pfNf/;RB Leipzig - Aalen;https://www.betexplorer.com/soccer/germany/2-bundesliga-2014-2015/rb-leipzig-aalen/AkxHrYi7/;St. Pauli - Ingolstadt;https://www.betexplorer.com/soccer/germany/2-bundesliga-2014-2015/st-pauli-ingolstadt/K0q4oz8l/;Dusseldorf - Braunschweig;https://www.betexplorer.com/soccer/germany/2-bundesliga-2014-2015/dusseldorf-braunschweig/IHSXhIFE/
FINAL - 2ND LEG;Karlsruher - Hamburger SV;https://www.betexplorer.com/soccer/germany/2-bundesliga-2014-2015/karlsruher-hamburger/lKqN0IBq/
FINAL - 1ST LEG;Hamburger SV - Karlsruher;https://www.betexplorer.com/soccer/germany/2-bundesliga-2014-2015/hamburger-karlsruher/rw7f5b3S/
FINAL - 2ND LEG;Munich 1860 - Holstein Kiel;https://www.betexplorer.com/soccer/germany/2-bundesliga-2014-2015/munich-1860-holstein-kiel/dpmVbdtd/
FINAL - 1ST LEG;Holstein Kiel - Munich 1860;https://www.betexplorer.com/soccer/germany/2-bundesliga-2014-2015/holstein-kiel-munich-1860/2NmRaxRk/
