34. ROUND;Augsburg - Hamburger SV;https://www.betexplorer.com/soccer/germany/bundesliga-2015-2016/augsburg-hamburger/lGVTcs7K/;Bayer Leverkusen - Ingolstadt;https://www.betexplorer.com/soccer/germany/bundesliga-2015-2016/bayer-leverkusen-ingolstadt/M9wrzvFD/;Bayern Munich - Hannover;https://www.betexplorer.com/soccer/germany/bundesliga-2015-2016/bayern-munich-hannover/0fkZy0p1/;Darmstadt - B. Monchengladbach;https://www.betexplorer.com/soccer/germany/bundesliga-2015-2016/darmstadt-b-monchengladbach/tEA8jaaf/;Dortmund - FC Koln;https://www.betexplorer.com/soccer/germany/bundesliga-2015-2016/dortmund-koln/rJvvyKa7/;Hoffenheim - Schalke;https://www.betexplorer.com/soccer/germany/bundesliga-2015-2016/hoffenheim-schalke/80C0hLUs/;Mainz - Hertha Berlin;https://www.betexplorer.com/soccer/germany/bundesliga-2015-2016/mainz-hertha-berlin/2NB4iupl/;Werder Bremen - Eintracht Frankfurt;https://www.betexplorer.com/soccer/germany/bundesliga-2015-2016/werder-bremen-eintracht-frankfurt/WvLYd1MQ/;Wolfsburg - Stuttgart;https://www.betexplorer.com/soccer/germany/bundesliga-2015-2016/wolfsburg-vfb-stuttgart/APWPbNiE/
33. ROUND;B. Monchengladbach - Bayer Leverkusen;https://www.betexplorer.com/soccer/germany/bundesliga-2015-2016/b-monchengladbach-bayer-leverkusen/niPaN0V7/;Eintracht Frankfurt - Dortmund;https://www.betexplorer.com/soccer/germany/bundesliga-2015-2016/eintracht-frankfurt-dortmund/dM6jpOxL/;FC Koln - Werder Bremen;https://www.betexplorer.com/soccer/germany/bundesliga-2015-2016/koln-werder-bremen/zD5fqrhR/;Hamburger SV - Wolfsburg;https://www.betexplorer.com/soccer/germany/bundesliga-2015-2016/hamburger-wolfsburg/ld3rnp88/;Hannover - Hoffenheim;https://www.betexplorer.com/soccer/germany/bundesliga-2015-2016/hannover-hoffenheim/G6mNv20r/;Hertha Berlin - Darmstadt;https://www.betexplorer.com/soccer/germany/bundesliga-2015-2016/hertha-berlin-darmstadt/fcnRwMFl/;Ingolstadt - Bayern Munich;https://www.betexplorer.com/soccer/germany/bundesliga-2015-2016/ingolstadt-bayern-munich/lKoVxtVf/;Schalke - Augsburg;https://www.betexplorer.com/soccer/germany/bundesliga-2015-2016/schalke-augsburg/80QeOtG1/;Stuttgart - Mainz;https://www.betexplorer.com/soccer/germany/bundesliga-2015-2016/vfb-stuttgart-mainz/2a7no4NE/
32. ROUND;Werder Bremen - Stuttgart;https://www.betexplorer.com/soccer/germany/bundesliga-2015-2016/werder-bremen-vfb-stuttgart/8xnDW48L/;Bayer Leverkusen - Hertha Berlin;https://www.betexplorer.com/soccer/germany/bundesliga-2015-2016/bayer-leverkusen-hertha-berlin/CAh4YQw9/;Bayern Munich - B. Monchengladbach;https://www.betexplorer.com/soccer/germany/bundesliga-2015-2016/bayern-munich-b-monchengladbach/KG5IANo2/;Darmstadt - Eintracht Frankfurt;https://www.betexplorer.com/soccer/germany/bundesliga-2015-2016/darmstadt-eintracht-frankfurt/0zRiPM0e/;Dortmund - Wolfsburg;https://www.betexplorer.com/soccer/germany/bundesliga-2015-2016/dortmund-wolfsburg/YJg0Z6O2/;Hannover - Schalke;https://www.betexplorer.com/soccer/germany/bundesliga-2015-2016/hannover-schalke/2aoHVONR/;Hoffenheim - Ingolstadt;https://www.betexplorer.com/soccer/germany/bundesliga-2015-2016/hoffenheim-ingolstadt/vLxqRrWr/;Mainz - Hamburger SV;https://www.betexplorer.com/soccer/germany/bundesliga-2015-2016/mainz-hamburger/MqSmQ2ok/;Augsburg - FC Koln;https://www.betexplorer.com/soccer/germany/bundesliga-2015-2016/augsburg-koln/Uom9XpgF/
31. ROUND;B. Monchengladbach - Hoffenheim;https://www.betexplorer.com/soccer/germany/bundesliga-2015-2016/b-monchengladbach-hoffenheim/4SwMYZXi/;Eintracht Frankfurt - Mainz;https://www.betexplorer.com/soccer/germany/bundesliga-2015-2016/eintracht-frankfurt-mainz/Y7VxViXG/;FC Koln - Darmstadt;https://www.betexplorer.com/soccer/germany/bundesliga-2015-2016/koln-darmstadt/0Gb6DP1q/;Hertha Berlin - Bayern Munich;https://www.betexplorer.com/soccer/germany/bundesliga-2015-2016/hertha-berlin-bayern-munich/v7cACqHk/;Ingolstadt - Hannover;https://www.betexplorer.com/soccer/germany/bundesliga-2015-2016/ingolstadt-hannover/MVnFB3We/;Schalke - Bayer Leverkusen;https://www.betexplorer.com/soccer/germany/bundesliga-2015-2016/schalke-bayer-leverkusen/QyuIZFIo/;Stuttgart - Dortmund;https://www.betexplorer.com/soccer/germany/bundesliga-2015-2016/vfb-stuttgart-dortmund/fHWYVXHA/;Wolfsburg - Augsburg;https://www.betexplorer.com/soccer/germany/bundesliga-2015-2016/wolfsburg-augsburg/bkwQXgmb/;Hamburger SV - Werder Bremen;https://www.betexplorer.com/soccer/germany/bundesliga-2015-2016/hamburger-werder-bremen/ChsUWD24/
30. ROUND;Dortmund - Hamburger SV;https://www.betexplorer.com/soccer/germany/bundesliga-2015-2016/dortmund-hamburger/nVijLG3h/;Mainz - FC Koln;https://www.betexplorer.com/soccer/germany/bundesliga-2015-2016/mainz-koln/OzmFFCXT/;Augsburg - Stuttgart;https://www.betexplorer.com/soccer/germany/bundesliga-2015-2016/augsburg-vfb-stuttgart/feebJfY4/;Bayer Leverkusen - Eintracht Frankfurt;https://www.betexplorer.com/soccer/germany/bundesliga-2015-2016/bayer-leverkusen-eintracht-frankfurt/QLjfKzJb/;Bayern Munich - Schalke;https://www.betexplorer.com/soccer/germany/bundesliga-2015-2016/bayern-munich-schalke/462oMdln/;Darmstadt - Ingolstadt;https://www.betexplorer.com/soccer/germany/bundesliga-2015-2016/darmstadt-ingolstadt/QqZtBWuo/;Hoffenheim - Hertha Berlin;https://www.betexplorer.com/soccer/germany/bundesliga-2015-2016/hoffenheim-hertha-berlin/UDmBGhIN/;Werder Bremen - Wolfsburg;https://www.betexplorer.com/soccer/germany/bundesliga-2015-2016/werder-bremen-wolfsburg/Yof2IEmB/;Hannover - B. Monchengladbach;https://www.betexplorer.com/soccer/germany/bundesliga-2015-2016/hannover-b-monchengladbach/GAq7HY2H/
29. ROUND;FC Koln - Bayer Leverkusen;https://www.betexplorer.com/soccer/germany/bundesliga-2015-2016/koln-bayer-leverkusen/xKOX2ZmO/;Schalke - Dortmund;https://www.betexplorer.com/soccer/germany/bundesliga-2015-2016/schalke-dortmund/CCw88wKn/;Eintracht Frankfurt - Hoffenheim;https://www.betexplorer.com/soccer/germany/bundesliga-2015-2016/eintracht-frankfurt-hoffenheim/KrUS3FYH/;Hamburger SV - Darmstadt;https://www.betexplorer.com/soccer/germany/bundesliga-2015-2016/hamburger-darmstadt/YRRG6Hla/;Ingolstadt - B. Monchengladbach;https://www.betexplorer.com/soccer/germany/bundesliga-2015-2016/ingolstadt-b-monchengladbach/hWbsNxZu/;Stuttgart - Bayern Munich;https://www.betexplorer.com/soccer/germany/bundesliga-2015-2016/vfb-stuttgart-bayern-munich/nVVK5y45/;Werder Bremen - Augsburg;https://www.betexplorer.com/soccer/germany/bundesliga-2015-2016/werder-bremen-augsburg/thVO4eJB/;Wolfsburg - Mainz;https://www.betexplorer.com/soccer/germany/bundesliga-2015-2016/wolfsburg-mainz/j3xC7cZh/;Hertha Berlin - Hannover;https://www.betexplorer.com/soccer/germany/bundesliga-2015-2016/hertha-berlin-hannover/GANy2g3U/
28. ROUND;B. Monchengladbach - Hertha Berlin;https://www.betexplorer.com/soccer/germany/bundesliga-2015-2016/b-monchengladbach-hertha-berlin/S6drhIZ5/;Hoffenheim - FC Koln;https://www.betexplorer.com/soccer/germany/bundesliga-2015-2016/hoffenheim-koln/0Kfjjd4I/;Bayern Munich - Eintracht Frankfurt;https://www.betexplorer.com/soccer/germany/bundesliga-2015-2016/bayern-munich-eintracht-frankfurt/xI3VfKkm/;Darmstadt - Stuttgart;https://www.betexplorer.com/soccer/germany/bundesliga-2015-2016/darmstadt-vfb-stuttgart/IyP49J4t/;Dortmund - Werder Bremen;https://www.betexplorer.com/soccer/germany/bundesliga-2015-2016/dortmund-werder-bremen/Wv3Zgv5g/;Hannover - Hamburger SV;https://www.betexplorer.com/soccer/germany/bundesliga-2015-2016/hannover-hamburger/6cenixkC/;Ingolstadt - Schalke;https://www.betexplorer.com/soccer/germany/bundesliga-2015-2016/ingolstadt-schalke/GSxwEadP/;Mainz - Augsburg;https://www.betexplorer.com/soccer/germany/bundesliga-2015-2016/mainz-augsburg/ENbfkGJO/;Bayer Leverkusen - Wolfsburg;https://www.betexplorer.com/soccer/germany/bundesliga-2015-2016/bayer-leverkusen-wolfsburg/AV1wgbKa/
27. ROUND;Augsburg - Dortmund;https://www.betexplorer.com/soccer/germany/bundesliga-2015-2016/augsburg-dortmund/E3W8wJKC/;Stuttgart - Bayer Leverkusen;https://www.betexplorer.com/soccer/germany/bundesliga-2015-2016/vfb-stuttgart-bayer-leverkusen/Wvs4va56/;Eintracht Frankfurt - Hannover;https://www.betexplorer.com/soccer/germany/bundesliga-2015-2016/eintracht-frankfurt-hannover/tAOf1MCJ/;FC Koln - Bayern Munich;https://www.betexplorer.com/soccer/germany/bundesliga-2015-2016/koln-bayern-munich/K0Nb0tSP/;Hamburger SV - Hoffenheim;https://www.betexplorer.com/soccer/germany/bundesliga-2015-2016/hamburger-hoffenheim/Iyw0uuj0/;Hertha Berlin - Ingolstadt;https://www.betexplorer.com/soccer/germany/bundesliga-2015-2016/hertha-berlin-ingolstadt/Qs0Re0zs/;Werder Bremen - Mainz;https://www.betexplorer.com/soccer/germany/bundesliga-2015-2016/werder-bremen-mainz/hfVCxwzJ/;Wolfsburg - Darmstadt;https://www.betexplorer.com/soccer/germany/bundesliga-2015-2016/wolfsburg-darmstadt/OEwdtLzf/;Schalke - B. Monchengladbach;https://www.betexplorer.com/soccer/germany/bundesliga-2015-2016/schalke-b-monchengladbach/pOvhs1Lm/
26. ROUND;Bayer Leverkusen - Hamburger SV;https://www.betexplorer.com/soccer/germany/bundesliga-2015-2016/bayer-leverkusen-hamburger/AiFSv8ak/;Dortmund - Mainz;https://www.betexplorer.com/soccer/germany/bundesliga-2015-2016/dortmund-mainz/W0GOulpq/;Bayern Munich - Werder Bremen;https://www.betexplorer.com/soccer/germany/bundesliga-2015-2016/bayern-munich-werder-bremen/QJwdpUyS/;B. Monchengladbach - Eintracht Frankfurt;https://www.betexplorer.com/soccer/germany/bundesliga-2015-2016/b-monchengladbach-eintracht-frankfurt/vRJWwSEe/;Darmstadt - Augsburg;https://www.betexplorer.com/soccer/germany/bundesliga-2015-2016/darmstadt-augsburg/4CNfrs6s/;Hannover - FC Koln;https://www.betexplorer.com/soccer/germany/bundesliga-2015-2016/hannover-koln/IHIzwnU1/;Hoffenheim - Wolfsburg;https://www.betexplorer.com/soccer/germany/bundesliga-2015-2016/hoffenheim-wolfsburg/YP0N0kM8/;Ingolstadt - Stuttgart;https://www.betexplorer.com/soccer/germany/bundesliga-2015-2016/ingolstadt-vfb-stuttgart/Sn0Ra9yF/;Hertha Berlin - Schalke;https://www.betexplorer.com/soccer/germany/bundesliga-2015-2016/hertha-berlin-schalke/KMdJ1V62/
25. ROUND;Hamburger SV - Hertha Berlin;https://www.betexplorer.com/soccer/germany/bundesliga-2015-2016/hamburger-hertha-berlin/WnyjRlVk/;Mainz - Darmstadt;https://www.betexplorer.com/soccer/germany/bundesliga-2015-2016/mainz-darmstadt/SYKhoAML/;Augsburg - Bayer Leverkusen;https://www.betexplorer.com/soccer/germany/bundesliga-2015-2016/augsburg-bayer-leverkusen/bgTykhNd/;Dortmund - Bayern Munich;https://www.betexplorer.com/soccer/germany/bundesliga-2015-2016/dortmund-bayern-munich/nFaJWA7S/;Eintracht Frankfurt - Ingolstadt;https://www.betexplorer.com/soccer/germany/bundesliga-2015-2016/eintracht-frankfurt-ingolstadt/fLMpmWi9/;FC Koln - Schalke;https://www.betexplorer.com/soccer/germany/bundesliga-2015-2016/koln-schalke/YBLlnj7F/;Stuttgart - Hoffenheim;https://www.betexplorer.com/soccer/germany/bundesliga-2015-2016/vfb-stuttgart-hoffenheim/pjufQ8pd/;Werder Bremen - Hannover;https://www.betexplorer.com/soccer/germany/bundesliga-2015-2016/werder-bremen-hannover/xpSulCx3/;Wolfsburg - B. Monchengladbach;https://www.betexplorer.com/soccer/germany/bundesliga-2015-2016/wolfsburg-b-monchengladbach/lOooSUFq/
24. ROUND;Bayer Leverkusen - Werder Bremen;https://www.betexplorer.com/soccer/germany/bundesliga-2015-2016/bayer-leverkusen-werder-bremen/A98byZhc/;Bayern Munich - Mainz;https://www.betexplorer.com/soccer/germany/bundesliga-2015-2016/bayern-munich-mainz/hYwETMZj/;B. Monchengladbach - Stuttgart;https://www.betexplorer.com/soccer/germany/bundesliga-2015-2016/b-monchengladbach-vfb-stuttgart/4W72zg83/;Darmstadt - Dortmund;https://www.betexplorer.com/soccer/germany/bundesliga-2015-2016/darmstadt-dortmund/EsuAU2Kp/;Hertha Berlin - Eintracht Frankfurt;https://www.betexplorer.com/soccer/germany/bundesliga-2015-2016/hertha-berlin-eintracht-frankfurt/0b1BYWxG/;Hoffenheim - Augsburg;https://www.betexplorer.com/soccer/germany/bundesliga-2015-2016/hoffenheim-augsburg/vk0FXjhM/;Schalke - Hamburger SV;https://www.betexplorer.com/soccer/germany/bundesliga-2015-2016/schalke-hamburger/WI9fxFwi/;Hannover - Wolfsburg;https://www.betexplorer.com/soccer/germany/bundesliga-2015-2016/hannover-wolfsburg/IZB6ZCN9/;Ingolstadt - FC Koln;https://www.betexplorer.com/soccer/germany/bundesliga-2015-2016/ingolstadt-koln/d2hrZrCT/
23. ROUND;Augsburg - B. Monchengladbach;https://www.betexplorer.com/soccer/germany/bundesliga-2015-2016/augsburg-b-monchengladbach/GncNw7cb/;Dortmund - Hoffenheim;https://www.betexplorer.com/soccer/germany/bundesliga-2015-2016/dortmund-hoffenheim/48T4LPsU/;Eintracht Frankfurt - Schalke;https://www.betexplorer.com/soccer/germany/bundesliga-2015-2016/eintracht-frankfurt-schalke/OC0VyoSA/;Mainz - Bayer Leverkusen;https://www.betexplorer.com/soccer/germany/bundesliga-2015-2016/mainz-bayer-leverkusen/pSlvzPdN/;Hamburger SV - Ingolstadt;https://www.betexplorer.com/soccer/germany/bundesliga-2015-2016/hamburger-ingolstadt/KK3EuTSo/;Stuttgart - Hannover;https://www.betexplorer.com/soccer/germany/bundesliga-2015-2016/vfb-stuttgart-hannover/YN7Ivmrh/;Werder Bremen - Darmstadt;https://www.betexplorer.com/soccer/germany/bundesliga-2015-2016/werder-bremen-darmstadt/fwdRxRC4/;Wolfsburg - Bayern Munich;https://www.betexplorer.com/soccer/germany/bundesliga-2015-2016/wolfsburg-bayern-munich/6HFWGqjo/;FC Koln - Hertha Berlin;https://www.betexplorer.com/soccer/germany/bundesliga-2015-2016/koln-hertha-berlin/23aZz5sH/
22. ROUND;Bayer Leverkusen - Dortmund;https://www.betexplorer.com/soccer/germany/bundesliga-2015-2016/bayer-leverkusen-dortmund/0t2qS9bn/;Hannover - Augsburg;https://www.betexplorer.com/soccer/germany/bundesliga-2015-2016/hannover-augsburg/jVfdP7r5/;Schalke - Stuttgart;https://www.betexplorer.com/soccer/germany/bundesliga-2015-2016/schalke-vfb-stuttgart/Mk3uTkqt/;Bayern Munich - Darmstadt;https://www.betexplorer.com/soccer/germany/bundesliga-2015-2016/bayern-munich-darmstadt/MB0XKhiJ/;B. Monchengladbach - FC Koln;https://www.betexplorer.com/soccer/germany/bundesliga-2015-2016/b-monchengladbach-koln/UF6mRTDh/;Hertha Berlin - Wolfsburg;https://www.betexplorer.com/soccer/germany/bundesliga-2015-2016/hertha-berlin-wolfsburg/4Yb0ORcB/;Hoffenheim - Mainz;https://www.betexplorer.com/soccer/germany/bundesliga-2015-2016/hoffenheim-mainz/beb4NoDH/;Ingolstadt - Werder Bremen;https://www.betexplorer.com/soccer/germany/bundesliga-2015-2016/ingolstadt-werder-bremen/xnc8M5SN/;Eintracht Frankfurt - Hamburger SV;https://www.betexplorer.com/soccer/germany/bundesliga-2015-2016/eintracht-frankfurt-hamburger/865iQmTb/
21. ROUND;Augsburg - Bayern Munich;https://www.betexplorer.com/soccer/germany/bundesliga-2015-2016/augsburg-bayern-munich/td5CPGxl/;Hamburger SV - B. Monchengladbach;https://www.betexplorer.com/soccer/germany/bundesliga-2015-2016/hamburger-b-monchengladbach/ADEtVxFQ/;Darmstadt - Bayer Leverkusen;https://www.betexplorer.com/soccer/germany/bundesliga-2015-2016/darmstadt-bayer-leverkusen/AycTLYyD/;Dortmund - Hannover;https://www.betexplorer.com/soccer/germany/bundesliga-2015-2016/dortmund-hannover/lbQXWbpE/;FC Koln - Eintracht Frankfurt;https://www.betexplorer.com/soccer/germany/bundesliga-2015-2016/koln-eintracht-frankfurt/xObLNf70/;Stuttgart - Hertha Berlin;https://www.betexplorer.com/soccer/germany/bundesliga-2015-2016/vfb-stuttgart-hertha-berlin/nZ58QdNs/;Werder Bremen - Hoffenheim;https://www.betexplorer.com/soccer/germany/bundesliga-2015-2016/werder-bremen-hoffenheim/Kn4GOzhf/;Wolfsburg - Ingolstadt;https://www.betexplorer.com/soccer/germany/bundesliga-2015-2016/wolfsburg-ingolstadt/SlPyWIaK/;Mainz - Schalke;https://www.betexplorer.com/soccer/germany/bundesliga-2015-2016/mainz-schalke/GEcPMEM6/
20. ROUND;Hamburger SV - FC Koln;https://www.betexplorer.com/soccer/germany/bundesliga-2015-2016/hamburger-koln/ELoVCwgr/;Hoffenheim - Darmstadt;https://www.betexplorer.com/soccer/germany/bundesliga-2015-2016/hoffenheim-darmstadt/r1wn9eh7/;Bayer Leverkusen - Bayern Munich;https://www.betexplorer.com/soccer/germany/bundesliga-2015-2016/bayer-leverkusen-bayern-munich/fy5bIaVK/;Eintracht Frankfurt - Stuttgart;https://www.betexplorer.com/soccer/germany/bundesliga-2015-2016/eintracht-frankfurt-vfb-stuttgart/hCpZBc8l/;Hannover - Mainz;https://www.betexplorer.com/soccer/germany/bundesliga-2015-2016/hannover-mainz/nZqwBHNf/;Hertha Berlin - Dortmund;https://www.betexplorer.com/soccer/germany/bundesliga-2015-2016/hertha-berlin-dortmund/0xlsAyw1/;Ingolstadt - Augsburg;https://www.betexplorer.com/soccer/germany/bundesliga-2015-2016/ingolstadt-augsburg/Mixj8F7D/;Schalke - Wolfsburg;https://www.betexplorer.com/soccer/germany/bundesliga-2015-2016/schalke-wolfsburg/0E5fJuGE/;B. Monchengladbach - Werder Bremen;https://www.betexplorer.com/soccer/germany/bundesliga-2015-2016/b-monchengladbach-werder-bremen/YR32HJpR/
19. ROUND;Bayern Munich - Hoffenheim;https://www.betexplorer.com/soccer/germany/bundesliga-2015-2016/bayern-munich-hoffenheim/M9RH5MoF/;Wolfsburg - FC Koln;https://www.betexplorer.com/soccer/germany/bundesliga-2015-2016/wolfsburg-koln/WrHiaKOr/;Augsburg - Eintracht Frankfurt;https://www.betexplorer.com/soccer/germany/bundesliga-2015-2016/augsburg-eintracht-frankfurt/hb50cbge/;Bayer Leverkusen - Hannover;https://www.betexplorer.com/soccer/germany/bundesliga-2015-2016/bayer-leverkusen-hannover/fNPP30GR/;Darmstadt - Schalke;https://www.betexplorer.com/soccer/germany/bundesliga-2015-2016/darmstadt-schalke/2TniKL08/;Dortmund - Ingolstadt;https://www.betexplorer.com/soccer/germany/bundesliga-2015-2016/dortmund-ingolstadt/00QL4t1L/;Stuttgart - Hamburger SV;https://www.betexplorer.com/soccer/germany/bundesliga-2015-2016/vfb-stuttgart-hamburger/E76dbvvk/;Werder Bremen - Hertha Berlin;https://www.betexplorer.com/soccer/germany/bundesliga-2015-2016/werder-bremen-hertha-berlin/MX94dI81/;Mainz - B. Monchengladbach;https://www.betexplorer.com/soccer/germany/bundesliga-2015-2016/mainz-b-monchengladbach/0O88exO7/
18. ROUND;Eintracht Frankfurt - Wolfsburg;https://www.betexplorer.com/soccer/germany/bundesliga-2015-2016/eintracht-frankfurt-wolfsburg/EoVLo1fq/;Schalke - Werder Bremen;https://www.betexplorer.com/soccer/germany/bundesliga-2015-2016/schalke-werder-bremen/0vkoh3HF/;B. Monchengladbach - Dortmund;https://www.betexplorer.com/soccer/germany/bundesliga-2015-2016/b-monchengladbach-dortmund/r3vjiNWL/;FC Koln - Stuttgart;https://www.betexplorer.com/soccer/germany/bundesliga-2015-2016/koln-vfb-stuttgart/hxUPpL9k/;Hannover - Darmstadt;https://www.betexplorer.com/soccer/germany/bundesliga-2015-2016/hannover-darmstadt/z1JUquPe/;Hertha Berlin - Augsburg;https://www.betexplorer.com/soccer/germany/bundesliga-2015-2016/hertha-berlin-augsburg/l4NYrav2/;Hoffenheim - Bayer Leverkusen;https://www.betexplorer.com/soccer/germany/bundesliga-2015-2016/hoffenheim-bayer-leverkusen/27BG7rH2/;Ingolstadt - Mainz;https://www.betexplorer.com/soccer/germany/bundesliga-2015-2016/ingolstadt-mainz/tbAK62W8/;Hamburger SV - Bayern Munich;https://www.betexplorer.com/soccer/germany/bundesliga-2015-2016/hamburger-bayern-munich/MgwfjsnS/
17. ROUND;B. Monchengladbach - Darmstadt;https://www.betexplorer.com/soccer/germany/bundesliga-2015-2016/b-monchengladbach-darmstadt/CKmAjjtB/;Hertha Berlin - Mainz;https://www.betexplorer.com/soccer/germany/bundesliga-2015-2016/hertha-berlin-mainz/fsnwfPn3/;Eintracht Frankfurt - Werder Bremen;https://www.betexplorer.com/soccer/germany/bundesliga-2015-2016/eintracht-frankfurt-werder-bremen/0r5nX1uj/;FC Koln - Dortmund;https://www.betexplorer.com/soccer/germany/bundesliga-2015-2016/koln-dortmund/vZ3jWLfd/;Hamburger SV - Augsburg;https://www.betexplorer.com/soccer/germany/bundesliga-2015-2016/hamburger-augsburg/fqwFkAeH/;Hannover - Bayern Munich;https://www.betexplorer.com/soccer/germany/bundesliga-2015-2016/hannover-bayern-munich/GjmZf5Xd/;Ingolstadt - Bayer Leverkusen;https://www.betexplorer.com/soccer/germany/bundesliga-2015-2016/ingolstadt-bayer-leverkusen/l4osgq29/;Stuttgart - Wolfsburg;https://www.betexplorer.com/soccer/germany/bundesliga-2015-2016/vfb-stuttgart-wolfsburg/6L5rYsQq/;Schalke - Hoffenheim;https://www.betexplorer.com/soccer/germany/bundesliga-2015-2016/schalke-hoffenheim/YTl6iWQ4/
16. ROUND;Augsburg - Schalke;https://www.betexplorer.com/soccer/germany/bundesliga-2015-2016/augsburg-schalke/SE6pzVeU/;Dortmund - Eintracht Frankfurt;https://www.betexplorer.com/soccer/germany/bundesliga-2015-2016/dortmund-eintracht-frankfurt/hdEXxXBB/;Bayer Leverkusen - B. Monchengladbach;https://www.betexplorer.com/soccer/germany/bundesliga-2015-2016/bayer-leverkusen-b-monchengladbach/WnDyxiRH/;Bayern Munich - Ingolstadt;https://www.betexplorer.com/soccer/germany/bundesliga-2015-2016/bayern-munich-ingolstadt/bZETwDd5/;Darmstadt - Hertha Berlin;https://www.betexplorer.com/soccer/germany/bundesliga-2015-2016/darmstadt-hertha-berlin/vgz3hCBb/;Hoffenheim - Hannover;https://www.betexplorer.com/soccer/germany/bundesliga-2015-2016/hoffenheim-hannover/IwnffYtn/;Werder Bremen - FC Koln;https://www.betexplorer.com/soccer/germany/bundesliga-2015-2016/werder-bremen-koln/4zrjeERu/;Wolfsburg - Hamburger SV;https://www.betexplorer.com/soccer/germany/bundesliga-2015-2016/wolfsburg-hamburger/lO7tyBtO/;Mainz - Stuttgart;https://www.betexplorer.com/soccer/germany/bundesliga-2015-2016/mainz-vfb-stuttgart/02yaghdh/
15. ROUND;Eintracht Frankfurt - Darmstadt;https://www.betexplorer.com/soccer/germany/bundesliga-2015-2016/eintracht-frankfurt-darmstadt/dAICsect/;Stuttgart - Werder Bremen;https://www.betexplorer.com/soccer/germany/bundesliga-2015-2016/vfb-stuttgart-werder-bremen/f1WpnykP/;B. Monchengladbach - Bayern Munich;https://www.betexplorer.com/soccer/germany/bundesliga-2015-2016/b-monchengladbach-bayern-munich/pWlfPDsC/;FC Koln - Augsburg;https://www.betexplorer.com/soccer/germany/bundesliga-2015-2016/koln-augsburg/QqNGtFCn/;Hamburger SV - Mainz;https://www.betexplorer.com/soccer/germany/bundesliga-2015-2016/hamburger-mainz/hdh2NiCO/;Hertha Berlin - Bayer Leverkusen;https://www.betexplorer.com/soccer/germany/bundesliga-2015-2016/hertha-berlin-bayer-leverkusen/4zMKuZRh/;Ingolstadt - Hoffenheim;https://www.betexplorer.com/soccer/germany/bundesliga-2015-2016/ingolstadt-hoffenheim/naBPvgsa/;Wolfsburg - Dortmund;https://www.betexplorer.com/soccer/germany/bundesliga-2015-2016/wolfsburg-dortmund/vglbOXdI/;Schalke - Hannover;https://www.betexplorer.com/soccer/germany/bundesliga-2015-2016/schalke-hannover/6ujjQgS5/
14. ROUND;Augsburg - Wolfsburg;https://www.betexplorer.com/soccer/germany/bundesliga-2015-2016/augsburg-wolfsburg/fueAZc5J/;Bayer Leverkusen - Schalke;https://www.betexplorer.com/soccer/germany/bundesliga-2015-2016/bayer-leverkusen-schalke/6P1SAESI/;Dortmund - Stuttgart;https://www.betexplorer.com/soccer/germany/bundesliga-2015-2016/dortmund-vfb-stuttgart/SY2OBfDC/;Bayern Munich - Hertha Berlin;https://www.betexplorer.com/soccer/germany/bundesliga-2015-2016/bayern-munich-hertha-berlin/pADJCzb6/;Hannover - Ingolstadt;https://www.betexplorer.com/soccer/germany/bundesliga-2015-2016/hannover-ingolstadt/vDWtUyTt/;Hoffenheim - B. Monchengladbach;https://www.betexplorer.com/soccer/germany/bundesliga-2015-2016/hoffenheim-b-monchengladbach/hGzoTerm/;Mainz - Eintracht Frankfurt;https://www.betexplorer.com/soccer/germany/bundesliga-2015-2016/mainz-eintracht-frankfurt/nwzkSFcg/;Werder Bremen - Hamburger SV;https://www.betexplorer.com/soccer/germany/bundesliga-2015-2016/werder-bremen-hamburger/YVgEYHKP/;Darmstadt - FC Koln;https://www.betexplorer.com/soccer/germany/bundesliga-2015-2016/darmstadt-koln/QTYhRZCa/
13. ROUND;Hertha Berlin - Hoffenheim;https://www.betexplorer.com/soccer/germany/bundesliga-2015-2016/hertha-berlin-hoffenheim/h2eCEdTg/;Ingolstadt - Darmstadt;https://www.betexplorer.com/soccer/germany/bundesliga-2015-2016/ingolstadt-darmstadt/nPfGDGr0/;B. Monchengladbach - Hannover;https://www.betexplorer.com/soccer/germany/bundesliga-2015-2016/b-monchengladbach-hannover/rTomESHD/;Eintracht Frankfurt - Bayer Leverkusen;https://www.betexplorer.com/soccer/germany/bundesliga-2015-2016/eintracht-frankfurt-bayer-leverkusen/dz23GIbs/;FC Koln - Mainz;https://www.betexplorer.com/soccer/germany/bundesliga-2015-2016/koln-mainz/EBd8FxEm/;Schalke - Bayern Munich;https://www.betexplorer.com/soccer/germany/bundesliga-2015-2016/schalke-bayern-munich/4xmqF827/;Stuttgart - Augsburg;https://www.betexplorer.com/soccer/germany/bundesliga-2015-2016/vfb-stuttgart-augsburg/fRFyLbjQ/;Wolfsburg - Werder Bremen;https://www.betexplorer.com/soccer/germany/bundesliga-2015-2016/wolfsburg-werder-bremen/n1CTMKLD/;Hamburger SV - Dortmund;https://www.betexplorer.com/soccer/germany/bundesliga-2015-2016/hamburger-dortmund/04GXLvyK/
12. ROUND;Augsburg - Werder Bremen;https://www.betexplorer.com/soccer/germany/bundesliga-2015-2016/augsburg-werder-bremen/UcXbzJYF/;Dortmund - Schalke;https://www.betexplorer.com/soccer/germany/bundesliga-2015-2016/dortmund-schalke/YVwjxu43/;Bayer Leverkusen - FC Koln;https://www.betexplorer.com/soccer/germany/bundesliga-2015-2016/bayer-leverkusen-koln/j7YfyaJ9/;Bayern Munich - Stuttgart;https://www.betexplorer.com/soccer/germany/bundesliga-2015-2016/bayern-munich-vfb-stuttgart/fuunwLlc/;B. Monchengladbach - Ingolstadt;https://www.betexplorer.com/soccer/germany/bundesliga-2015-2016/b-monchengladbach-ingolstadt/txi4EyCd/;Darmstadt - Hamburger SV;https://www.betexplorer.com/soccer/germany/bundesliga-2015-2016/darmstadt-hamburger/dCmuGlm1/;Hoffenheim - Eintracht Frankfurt;https://www.betexplorer.com/soccer/germany/bundesliga-2015-2016/hoffenheim-eintracht-frankfurt/zcaWHAIl/;Mainz - Wolfsburg;https://www.betexplorer.com/soccer/germany/bundesliga-2015-2016/mainz-wolfsburg/ILlyHUXf/;Hannover - Hertha Berlin;https://www.betexplorer.com/soccer/germany/bundesliga-2015-2016/hannover-hertha-berlin/MgeSIj3r/
11. ROUND;Hamburger SV - Hannover;https://www.betexplorer.com/soccer/germany/bundesliga-2015-2016/hamburger-hannover/txFCOLZ3/;Stuttgart - Darmstadt;https://www.betexplorer.com/soccer/germany/bundesliga-2015-2016/vfb-stuttgart-darmstadt/fuJGNukA/;Augsburg - Mainz;https://www.betexplorer.com/soccer/germany/bundesliga-2015-2016/augsburg-mainz/x48LMa4G/;FC Koln - Hoffenheim;https://www.betexplorer.com/soccer/germany/bundesliga-2015-2016/koln-hoffenheim/nwbeGcsp/;Hertha Berlin - B. Monchengladbach;https://www.betexplorer.com/soccer/germany/bundesliga-2015-2016/hertha-berlin-b-monchengladbach/U1m0FHdj/;Schalke - Ingolstadt;https://www.betexplorer.com/soccer/germany/bundesliga-2015-2016/schalke-ingolstadt/8OG4Qs5i/;Werder Bremen - Dortmund;https://www.betexplorer.com/soccer/germany/bundesliga-2015-2016/werder-bremen-dortmund/Gf7PLJJM/;Wolfsburg - Bayer Leverkusen;https://www.betexplorer.com/soccer/germany/bundesliga-2015-2016/wolfsburg-bayer-leverkusen/nFF8P1Kc/;Eintracht Frankfurt - Bayern Munich;https://www.betexplorer.com/soccer/germany/bundesliga-2015-2016/eintracht-frankfurt-bayern-munich/pUBTKwZS/
10. ROUND;B. Monchengladbach - Schalke;https://www.betexplorer.com/soccer/germany/bundesliga-2015-2016/b-monchengladbach-schalke/jXHoAMKA/;Dortmund - Augsburg;https://www.betexplorer.com/soccer/germany/bundesliga-2015-2016/dortmund-augsburg/r7EwCrjb/;Bayer Leverkusen - Stuttgart;https://www.betexplorer.com/soccer/germany/bundesliga-2015-2016/bayer-leverkusen-vfb-stuttgart/McDsB254/;Bayern Munich - FC Koln;https://www.betexplorer.com/soccer/germany/bundesliga-2015-2016/bayern-munich-koln/0rPYCOzh/;Darmstadt - Wolfsburg;https://www.betexplorer.com/soccer/germany/bundesliga-2015-2016/darmstadt-wolfsburg/MLeU1bSj/;Hannover - Eintracht Frankfurt;https://www.betexplorer.com/soccer/germany/bundesliga-2015-2016/hannover-eintracht-frankfurt/UNGk9tzH/;Ingolstadt - Hertha Berlin;https://www.betexplorer.com/soccer/germany/bundesliga-2015-2016/ingolstadt-hertha-berlin/rVdQ2vDp/;Mainz - Werder Bremen;https://www.betexplorer.com/soccer/germany/bundesliga-2015-2016/mainz-werder-bremen/QkAb7K4T/;Hoffenheim - Hamburger SV;https://www.betexplorer.com/soccer/germany/bundesliga-2015-2016/hoffenheim-hamburger/Cn6f80kN/
9. ROUND;FC Koln - Hannover;https://www.betexplorer.com/soccer/germany/bundesliga-2015-2016/koln-hannover/z5XnkLro/;Stuttgart - Ingolstadt;https://www.betexplorer.com/soccer/germany/bundesliga-2015-2016/vfb-stuttgart-ingolstadt/r7h8d3jB/;Augsburg - Darmstadt;https://www.betexplorer.com/soccer/germany/bundesliga-2015-2016/augsburg-darmstadt/xUiCeN5H/;Eintracht Frankfurt - B. Monchengladbach;https://www.betexplorer.com/soccer/germany/bundesliga-2015-2016/eintracht-frankfurt-b-monchengladbach/YeoLg1zU/;Hamburger SV - Bayer Leverkusen;https://www.betexplorer.com/soccer/germany/bundesliga-2015-2016/hamburger-bayer-leverkusen/U3l4cqy5/;Schalke - Hertha Berlin;https://www.betexplorer.com/soccer/germany/bundesliga-2015-2016/schalke-hertha-berlin/8l0ea56h/;Werder Bremen - Bayern Munich;https://www.betexplorer.com/soccer/germany/bundesliga-2015-2016/werder-bremen-bayern-munich/GKjGfsLN/;Wolfsburg - Hoffenheim;https://www.betexplorer.com/soccer/germany/bundesliga-2015-2016/wolfsburg-hoffenheim/nuaabPLb/;Mainz - Dortmund;https://www.betexplorer.com/soccer/germany/bundesliga-2015-2016/mainz-dortmund/l8LUD4Lo/
8. ROUND;Bayer Leverkusen - Augsburg;https://www.betexplorer.com/soccer/germany/bundesliga-2015-2016/bayer-leverkusen-augsburg/hIwQqQ65/;Bayern Munich - Dortmund;https://www.betexplorer.com/soccer/germany/bundesliga-2015-2016/bayern-munich-dortmund/K4uIonxg/;Schalke - FC Koln;https://www.betexplorer.com/soccer/germany/bundesliga-2015-2016/schalke-koln/ERvMp6ia/;B. Monchengladbach - Wolfsburg;https://www.betexplorer.com/soccer/germany/bundesliga-2015-2016/b-monchengladbach-wolfsburg/AgYUrpMB/;Hannover - Werder Bremen;https://www.betexplorer.com/soccer/germany/bundesliga-2015-2016/hannover-werder-bremen/lpXYs4yI/;Hertha Berlin - Hamburger SV;https://www.betexplorer.com/soccer/germany/bundesliga-2015-2016/hertha-berlin-hamburger/r7WxsOjO/;Hoffenheim - Stuttgart;https://www.betexplorer.com/soccer/germany/bundesliga-2015-2016/hoffenheim-vfb-stuttgart/dAzstr6U/;Ingolstadt - Eintracht Frankfurt;https://www.betexplorer.com/soccer/germany/bundesliga-2015-2016/ingolstadt-eintracht-frankfurt/MX1m1Ryt/;Darmstadt - Mainz;https://www.betexplorer.com/soccer/germany/bundesliga-2015-2016/darmstadt-mainz/0O0i0oin/
7. ROUND;Dortmund - Darmstadt;https://www.betexplorer.com/soccer/germany/bundesliga-2015-2016/dortmund-darmstadt/6qQwoFor/;Eintracht Frankfurt - Hertha Berlin;https://www.betexplorer.com/soccer/germany/bundesliga-2015-2016/eintracht-frankfurt-hertha-berlin/2V9t5zwE/;Augsburg - Hoffenheim;https://www.betexplorer.com/soccer/germany/bundesliga-2015-2016/augsburg-hoffenheim/zPHfsXp7/;Hamburger SV - Schalke;https://www.betexplorer.com/soccer/germany/bundesliga-2015-2016/hamburger-schalke/vcOoqgGf/;Mainz - Bayern Munich;https://www.betexplorer.com/soccer/germany/bundesliga-2015-2016/mainz-bayern-munich/MJMEnSMn/;Stuttgart - B. Monchengladbach;https://www.betexplorer.com/soccer/germany/bundesliga-2015-2016/vfb-stuttgart-b-monchengladbach/h0SkrDV0/;Werder Bremen - Bayer Leverkusen;https://www.betexplorer.com/soccer/germany/bundesliga-2015-2016/werder-bremen-bayer-leverkusen/EFGbti0D/;Wolfsburg - Hannover;https://www.betexplorer.com/soccer/germany/bundesliga-2015-2016/wolfsburg-hannover/pzPspZ0l/;FC Koln - Ingolstadt;https://www.betexplorer.com/soccer/germany/bundesliga-2015-2016/koln-ingolstadt/veX9m87t/
6. ROUND;Bayer Leverkusen - Mainz;https://www.betexplorer.com/soccer/germany/bundesliga-2015-2016/bayer-leverkusen-mainz/6TyGVZoe/;B. Monchengladbach - Augsburg;https://www.betexplorer.com/soccer/germany/bundesliga-2015-2016/b-monchengladbach-augsburg/z3tKUg11/;Hannover - Stuttgart;https://www.betexplorer.com/soccer/germany/bundesliga-2015-2016/hannover-vfb-stuttgart/EguOTDG7/;Hoffenheim - Dortmund;https://www.betexplorer.com/soccer/germany/bundesliga-2015-2016/hoffenheim-dortmund/U1NAiH8E/;Schalke - Eintracht Frankfurt;https://www.betexplorer.com/soccer/germany/bundesliga-2015-2016/schalke-eintracht-frankfurt/SxwCWFWl/;Bayern Munich - Wolfsburg;https://www.betexplorer.com/soccer/germany/bundesliga-2015-2016/bayern-munich-wolfsburg/pEm7XeHr/;Darmstadt - Werder Bremen;https://www.betexplorer.com/soccer/germany/bundesliga-2015-2016/darmstadt-werder-bremen/2FLIkewR/;Hertha Berlin - FC Koln;https://www.betexplorer.com/soccer/germany/bundesliga-2015-2016/hertha-berlin-koln/GbJ6hcg8/;Ingolstadt - Hamburger SV;https://www.betexplorer.com/soccer/germany/bundesliga-2015-2016/ingolstadt-hamburger/OOMEjyOK/
5. ROUND;Augsburg - Hannover;https://www.betexplorer.com/soccer/germany/bundesliga-2015-2016/augsburg-hannover/tt5OuK92/;Dortmund - Bayer Leverkusen;https://www.betexplorer.com/soccer/germany/bundesliga-2015-2016/dortmund-bayer-leverkusen/hKOTJxmq/;Stuttgart - Schalke;https://www.betexplorer.com/soccer/germany/bundesliga-2015-2016/vfb-stuttgart-schalke/SxHtHzX1/;Darmstadt - Bayern Munich;https://www.betexplorer.com/soccer/germany/bundesliga-2015-2016/darmstadt-bayern-munich/ALduxx9R/;FC Koln - B. Monchengladbach;https://www.betexplorer.com/soccer/germany/bundesliga-2015-2016/koln-b-monchengladbach/x8bXwbvF/;Hamburger SV - Eintracht Frankfurt;https://www.betexplorer.com/soccer/germany/bundesliga-2015-2016/hamburger-eintracht-frankfurt/EZCxIGHe/;Werder Bremen - Ingolstadt;https://www.betexplorer.com/soccer/germany/bundesliga-2015-2016/werder-bremen-ingolstadt/KW3SvvP8/;Wolfsburg - Hertha Berlin;https://www.betexplorer.com/soccer/germany/bundesliga-2015-2016/wolfsburg-hertha-berlin/WANXId2k/;Mainz - Hoffenheim;https://www.betexplorer.com/soccer/germany/bundesliga-2015-2016/mainz-hoffenheim/GbcywIgL/
4. ROUND;Hoffenheim - Werder Bremen;https://www.betexplorer.com/soccer/germany/bundesliga-2015-2016/hoffenheim-werder-bremen/dzObPbPL/;Schalke - Mainz;https://www.betexplorer.com/soccer/germany/bundesliga-2015-2016/schalke-mainz/Cnle5wYk/;Bayer Leverkusen - Darmstadt;https://www.betexplorer.com/soccer/germany/bundesliga-2015-2016/bayer-leverkusen-darmstadt/jwma4cmd/;Bayern Munich - Augsburg;https://www.betexplorer.com/soccer/germany/bundesliga-2015-2016/bayern-munich-augsburg/IPli6JIq/;Eintracht Frankfurt - FC Koln;https://www.betexplorer.com/soccer/germany/bundesliga-2015-2016/eintracht-frankfurt-koln/6oVoS0u3/;Hannover - Dortmund;https://www.betexplorer.com/soccer/germany/bundesliga-2015-2016/hannover-dortmund/08UkRKf9/;Hertha Berlin - Stuttgart;https://www.betexplorer.com/soccer/germany/bundesliga-2015-2016/hertha-berlin-vfb-stuttgart/EBYgQvAF/;Ingolstadt - Wolfsburg;https://www.betexplorer.com/soccer/germany/bundesliga-2015-2016/ingolstadt-wolfsburg/zRM2OIvS/;B. Monchengladbach - Hamburger SV;https://www.betexplorer.com/soccer/germany/bundesliga-2015-2016/b-monchengladbach-hamburger/SfWsTtQd/
3. ROUND;Dortmund - Hertha Berlin;https://www.betexplorer.com/soccer/germany/bundesliga-2015-2016/dortmund-hertha-berlin/4MOHiK3j/;Werder Bremen - B. Monchengladbach;https://www.betexplorer.com/soccer/germany/bundesliga-2015-2016/werder-bremen-b-monchengladbach/hr5CD1Q9/;Augsburg - Ingolstadt;https://www.betexplorer.com/soccer/germany/bundesliga-2015-2016/augsburg-ingolstadt/Ei68EsB3/;Bayern Munich - Bayer Leverkusen;https://www.betexplorer.com/soccer/germany/bundesliga-2015-2016/bayern-munich-bayer-leverkusen/QVPDh0lp/;Darmstadt - Hoffenheim;https://www.betexplorer.com/soccer/germany/bundesliga-2015-2016/darmstadt-hoffenheim/rXcPAaAS/;FC Koln - Hamburger SV;https://www.betexplorer.com/soccer/germany/bundesliga-2015-2016/koln-hamburger/MH9GCLuG/;Mainz - Hannover;https://www.betexplorer.com/soccer/germany/bundesliga-2015-2016/mainz-hannover/088KBueM/;Stuttgart - Eintracht Frankfurt;https://www.betexplorer.com/soccer/germany/bundesliga-2015-2016/vfb-stuttgart-eintracht-frankfurt/WSG3FNec/;Wolfsburg - Schalke;https://www.betexplorer.com/soccer/germany/bundesliga-2015-2016/wolfsburg-schalke/IPCaG3ti/
2. ROUND;B. Monchengladbach - Mainz;https://www.betexplorer.com/soccer/germany/bundesliga-2015-2016/b-monchengladbach-mainz/8W20KCsP/;Ingolstadt - Dortmund;https://www.betexplorer.com/soccer/germany/bundesliga-2015-2016/ingolstadt-dortmund/nopiASJH/;Eintracht Frankfurt - Augsburg;https://www.betexplorer.com/soccer/germany/bundesliga-2015-2016/eintracht-frankfurt-augsburg/vFgWEj5n/;FC Koln - Wolfsburg;https://www.betexplorer.com/soccer/germany/bundesliga-2015-2016/koln-wolfsburg/I5hzEAKh/;Hamburger SV - Stuttgart;https://www.betexplorer.com/soccer/germany/bundesliga-2015-2016/hamburger-vfb-stuttgart/AukSFWkt/;Hannover - Bayer Leverkusen;https://www.betexplorer.com/soccer/germany/bundesliga-2015-2016/hannover-bayer-leverkusen/0UsuDUZb/;Hoffenheim - Bayern Munich;https://www.betexplorer.com/soccer/germany/bundesliga-2015-2016/hoffenheim-bayern-munich/8fomB84B/;Schalke - Darmstadt;https://www.betexplorer.com/soccer/germany/bundesliga-2015-2016/schalke-darmstadt/4bxKBKwP/;Hertha Berlin - Werder Bremen;https://www.betexplorer.com/soccer/germany/bundesliga-2015-2016/hertha-berlin-werder-bremen/EXoqClk5/
1. ROUND;Stuttgart - FC Koln;https://www.betexplorer.com/soccer/germany/bundesliga-2015-2016/vfb-stuttgart-koln/xYRaGrPg/;Wolfsburg - Eintracht Frankfurt;https://www.betexplorer.com/soccer/germany/bundesliga-2015-2016/wolfsburg-eintracht-frankfurt/rBSeHO9m/;Augsburg - Hertha Berlin;https://www.betexplorer.com/soccer/germany/bundesliga-2015-2016/augsburg-hertha-berlin/GOQ3F2v0/;Bayer Leverkusen - Hoffenheim;https://www.betexplorer.com/soccer/germany/bundesliga-2015-2016/bayer-leverkusen-hoffenheim/U7OiI4fs/;Darmstadt - Hannover;https://www.betexplorer.com/soccer/germany/bundesliga-2015-2016/darmstadt-hannover/6DJGC0OI/;Dortmund - B. Monchengladbach;https://www.betexplorer.com/soccer/germany/bundesliga-2015-2016/dortmund-b-monchengladbach/OQoPMpnQ/;Mainz - Ingolstadt;https://www.betexplorer.com/soccer/germany/bundesliga-2015-2016/mainz-ingolstadt/CjKCDt9C/;Werder Bremen - Schalke;https://www.betexplorer.com/soccer/germany/bundesliga-2015-2016/werder-bremen-schalke/YaL8EMg6/;Bayern Munich - Hamburger SV;https://www.betexplorer.com/soccer/germany/bundesliga-2015-2016/bayern-munich-hamburger/pzmLNQWJ/
FINAL - 2ND LEG;Nurnberg - Eintracht Frankfurt;https://www.betexplorer.com/soccer/germany/bundesliga-2015-2016/nurnberg-eintracht-frankfurt/SxZVL81I/
FINAL - 1ST LEG;Eintracht Frankfurt - Nurnberg;https://www.betexplorer.com/soccer/germany/bundesliga-2015-2016/eintracht-frankfurt-nurnberg/pEqRMlnC/
