38. ROUND;Atletico-MG - Chapecoense-SC;https://www.betexplorer.com/soccer/brazil/serie-a-2015/atletico-mg-chapecoense-sc/OEZc7upD/;Corinthians - Avai;https://www.betexplorer.com/soccer/brazil/serie-a-2015/corinthians-avai/QawwC3Vs/;Coritiba - Vasco;https://www.betexplorer.com/soccer/brazil/serie-a-2015/coritiba-vasco/jytzFi3J/;Figueirense - Fluminense;https://www.betexplorer.com/soccer/brazil/serie-a-2015/figueirense-fluminense/25Y16aaJ/;Flamengo RJ - Palmeiras;https://www.betexplorer.com/soccer/brazil/serie-a-2015/flamengo-rj-palmeiras/GlWk91F0/;Goias - Sao Paulo;https://www.betexplorer.com/soccer/brazil/serie-a-2015/goias-sao-paulo/URvvEBIP/;Internacional - Cruzeiro;https://www.betexplorer.com/soccer/brazil/serie-a-2015/internacional-cruzeiro/Uizf8LU6/;Joinville - Gremio;https://www.betexplorer.com/soccer/brazil/serie-a-2015/joinville-gremio/n7R59VQt/;Ponte Preta - Sport Recife;https://www.betexplorer.com/soccer/brazil/serie-a-2015/ponte-preta-sport-recife/YPtoAs0f/;Santos - Athletico-PR;https://www.betexplorer.com/soccer/brazil/serie-a-2015/santos-athletico-pr/fZssBNpl/
37. ROUND;Athletico-PR - Flamengo RJ;https://www.betexplorer.com/soccer/brazil/serie-a-2015/athletico-pr-flamengo-rj/Uib2I5hE/;Avai - Ponte Preta;https://www.betexplorer.com/soccer/brazil/serie-a-2015/avai-ponte-preta/GlAKgMFD/;Chapecoense-SC - Goias;https://www.betexplorer.com/soccer/brazil/serie-a-2015/chapecoense-sc-goias/OjiBGqNQ/;Cruzeiro - Joinville;https://www.betexplorer.com/soccer/brazil/serie-a-2015/cruzeiro-joinville/xbBGf207/;Gremio - Atletico-MG;https://www.betexplorer.com/soccer/brazil/serie-a-2015/gremio-atletico-mg/KMGBero1/;Palmeiras - Coritiba;https://www.betexplorer.com/soccer/brazil/serie-a-2015/palmeiras-coritiba/Y5Eabp1r/;Sport Recife - Corinthians;https://www.betexplorer.com/soccer/brazil/serie-a-2015/sport-recife-corinthians/tS16HP7K/;Vasco - Santos;https://www.betexplorer.com/soccer/brazil/serie-a-2015/vasco-santos/tWH7dOVf/;Fluminense - Internacional;https://www.betexplorer.com/soccer/brazil/serie-a-2015/fluminense-internacional/n9I3c4Gl/;Sao Paulo - Figueirense;https://www.betexplorer.com/soccer/brazil/serie-a-2015/sao-paulo-figueirense/SOyX2QhR/
36. ROUND;Atletico-MG - Goias;https://www.betexplorer.com/soccer/brazil/serie-a-2015/atletico-mg-goias/n9dYsPG1/;Corinthians - Sao Paulo;https://www.betexplorer.com/soccer/brazil/serie-a-2015/corinthians-sao-paulo/0lIkjm9L/;Coritiba - Santos;https://www.betexplorer.com/soccer/brazil/serie-a-2015/coritiba-santos/2HvL5S88/;Figueirense - Chapecoense-SC;https://www.betexplorer.com/soccer/brazil/serie-a-2015/figueirense-chapecoense-sc/0C0xsqW7/;Flamengo RJ - Ponte Preta;https://www.betexplorer.com/soccer/brazil/serie-a-2015/flamengo-rj-ponte-preta/EebQqonk/;Fluminense - Avai;https://www.betexplorer.com/soccer/brazil/serie-a-2015/fluminense-avai/dK3LpRWr/;Internacional - Gremio;https://www.betexplorer.com/soccer/brazil/serie-a-2015/internacional-gremio/hncUr51e/;Joinville - Vasco;https://www.betexplorer.com/soccer/brazil/serie-a-2015/joinville-vasco/lYxT36wL/;Sport Recife - Athletico-PR;https://www.betexplorer.com/soccer/brazil/serie-a-2015/sport-recife-athletico-pr/t8wP4nOE/;Palmeiras - Cruzeiro;https://www.betexplorer.com/soccer/brazil/serie-a-2015/palmeiras-cruzeiro/fBHgk7OR/
35. ROUND;Santos - Flamengo RJ;https://www.betexplorer.com/soccer/brazil/serie-a-2015/santos-flamengo-rj/nT2BkGIA/;Sao Paulo - Atletico-MG;https://www.betexplorer.com/soccer/brazil/serie-a-2015/sao-paulo-atletico-mg/6HoEjd34/;Vasco - Corinthians;https://www.betexplorer.com/soccer/brazil/serie-a-2015/vasco-corinthians/IFPrX72q/;Athletico-PR - Palmeiras;https://www.betexplorer.com/soccer/brazil/serie-a-2015/athletico-pr-palmeiras/tlBwgkP2/;Avai - Joinville;https://www.betexplorer.com/soccer/brazil/serie-a-2015/avai-joinville/hYHeU5n2/;Chapecoense-SC - Internacional;https://www.betexplorer.com/soccer/brazil/serie-a-2015/chapecoense-sc-internacional/23aniTgF/;Gremio - Fluminense;https://www.betexplorer.com/soccer/brazil/serie-a-2015/gremio-fluminense/WITnWRHk/;Ponte Preta - Figueirense;https://www.betexplorer.com/soccer/brazil/serie-a-2015/ponte-preta-figueirense/QJ1FlzYG/;Goias - Coritiba;https://www.betexplorer.com/soccer/brazil/serie-a-2015/goias-coritiba/KvAsh9v9/;Cruzeiro - Sport Recife;https://www.betexplorer.com/soccer/brazil/serie-a-2015/cruzeiro-sport-recife/EsJiVoXe/
34. ROUND;Cruzeiro - Sao Paulo;https://www.betexplorer.com/soccer/brazil/serie-a-2015/cruzeiro-sao-paulo/GnJiZfYT/;Figueirense - Atletico-MG;https://www.betexplorer.com/soccer/brazil/serie-a-2015/figueirense-atletico-mg/Ie5JUEto/;Flamengo RJ - Goias;https://www.betexplorer.com/soccer/brazil/serie-a-2015/flamengo-rj-goias/8MFqyH3H/;Fluminense - Chapecoense-SC;https://www.betexplorer.com/soccer/brazil/serie-a-2015/fluminense-chapecoense-sc/QcQvxclB/;Joinville - Santos;https://www.betexplorer.com/soccer/brazil/serie-a-2015/joinville-santos/SQnAixlb/;Palmeiras - Vasco;https://www.betexplorer.com/soccer/brazil/serie-a-2015/palmeiras-vasco/ENMzwwZ4/;Sport Recife - Gremio;https://www.betexplorer.com/soccer/brazil/serie-a-2015/sport-recife-gremio/Y3m6hIYi/;Athletico-PR - Avai;https://www.betexplorer.com/soccer/brazil/serie-a-2015/athletico-pr-avai/K0q2gbJo/;Corinthians - Coritiba;https://www.betexplorer.com/soccer/brazil/serie-a-2015/corinthians-coritiba/K0NWwJJb/;Internacional - Ponte Preta;https://www.betexplorer.com/soccer/brazil/serie-a-2015/internacional-ponte-preta/nDEmzyJN/
33. ROUND;Atletico-MG - Corinthians;https://www.betexplorer.com/soccer/brazil/serie-a-2015/atletico-mg-corinthians/fJkAMHlO/;Chapecoense-SC - Athletico-PR;https://www.betexplorer.com/soccer/brazil/serie-a-2015/chapecoense-sc-athletico-pr/tAOSva4h/;Coritiba - Figueirense;https://www.betexplorer.com/soccer/brazil/serie-a-2015/coritiba-figueirense/prVJtLZu/;Goias - Internacional;https://www.betexplorer.com/soccer/brazil/serie-a-2015/goias-internacional/OYTNuukn/;Gremio - Flamengo RJ;https://www.betexplorer.com/soccer/brazil/serie-a-2015/gremio-flamengo-rj/Cf05NcZH/;Santos - Palmeiras;https://www.betexplorer.com/soccer/brazil/serie-a-2015/santos-palmeiras/0xlfQaka/;Vasco - Fluminense;https://www.betexplorer.com/soccer/brazil/serie-a-2015/vasco-fluminense/Y311OwKB/;Avai - Cruzeiro;https://www.betexplorer.com/soccer/brazil/serie-a-2015/avai-cruzeiro/8MgELy4U/;Ponte Preta - Joinville;https://www.betexplorer.com/soccer/brazil/serie-a-2015/ponte-preta-joinville/vTnbPJ45/;Sao Paulo - Sport Recife;https://www.betexplorer.com/soccer/brazil/serie-a-2015/sao-paulo-sport-recife/IDbkRuzg/
32. ROUND;Atletico-MG - Ponte Preta;https://www.betexplorer.com/soccer/brazil/serie-a-2015/atletico-mg-ponte-preta/hWQS9v5I/;Chapecoense-SC - Avai;https://www.betexplorer.com/soccer/brazil/serie-a-2015/chapecoense-sc-avai/4AfoSLKn/;Corinthians - Flamengo RJ;https://www.betexplorer.com/soccer/brazil/serie-a-2015/corinthians-flamengo-rj/dpV7E2jm/;Coritiba - Sao Paulo;https://www.betexplorer.com/soccer/brazil/serie-a-2015/coritiba-sao-paulo/8v9FXscP/;Goias - Cruzeiro;https://www.betexplorer.com/soccer/brazil/serie-a-2015/goias-cruzeiro/AmesT15t/;Palmeiras - Sport Recife;https://www.betexplorer.com/soccer/brazil/serie-a-2015/palmeiras-sport-recife/QJZBDM5g/;Vasco - Gremio;https://www.betexplorer.com/soccer/brazil/serie-a-2015/vasco-gremio/nZNKB0z6/;Figueirense - Santos;https://www.betexplorer.com/soccer/brazil/serie-a-2015/figueirense-santos/WMPW8bKO/;Fluminense - Athletico-PR;https://www.betexplorer.com/soccer/brazil/serie-a-2015/fluminense-athletico-pr/4AYFCtLa/;Internacional - Joinville;https://www.betexplorer.com/soccer/brazil/serie-a-2015/internacional-joinville/b9ROAKkC/
31. ROUND;Athletico-PR - Corinthians;https://www.betexplorer.com/soccer/brazil/serie-a-2015/athletico-pr-corinthians/b9kXK4DJ/;Cruzeiro - Fluminense;https://www.betexplorer.com/soccer/brazil/serie-a-2015/cruzeiro-fluminense/6F2oc1LC/;Flamengo RJ - Internacional;https://www.betexplorer.com/soccer/brazil/serie-a-2015/flamengo-rj-internacional/nDnpaNj0/;Gremio - Chapecoense-SC;https://www.betexplorer.com/soccer/brazil/serie-a-2015/gremio-chapecoense-sc/Q3olbs66/;Joinville - Figueirense;https://www.betexplorer.com/soccer/brazil/serie-a-2015/joinville-figueirense/IgW3Frys/;Ponte Preta - Coritiba;https://www.betexplorer.com/soccer/brazil/serie-a-2015/ponte-preta-coritiba/hjmt03yf/;Santos - Goias;https://www.betexplorer.com/soccer/brazil/serie-a-2015/santos-goias/vmqx1qMm/;Sao Paulo - Vasco;https://www.betexplorer.com/soccer/brazil/serie-a-2015/sao-paulo-vasco/dOgX1P6s/;Sport Recife - Atletico-MG;https://www.betexplorer.com/soccer/brazil/serie-a-2015/sport-recife-atletico-mg/CCgyKOSP/;Avai - Palmeiras;https://www.betexplorer.com/soccer/brazil/serie-a-2015/avai-palmeiras/p61kdLzJ/
30. ROUND;Corinthians - Goias;https://www.betexplorer.com/soccer/brazil/serie-a-2015/corinthians-goias/QNiR5Y7F/;Gremio - Santos;https://www.betexplorer.com/soccer/brazil/serie-a-2015/gremio-santos/ILW5bj0k/;Vasco - Chapecoense-SC;https://www.betexplorer.com/soccer/brazil/serie-a-2015/vasco-chapecoense-sc/vVX1aWpq/;Athletico-PR - Cruzeiro;https://www.betexplorer.com/soccer/brazil/serie-a-2015/athletico-pr-cruzeiro/CYSeLD72/;Atletico-MG - Internacional;https://www.betexplorer.com/soccer/brazil/serie-a-2015/atletico-mg-internacional/CrW9cAFe/;Figueirense - Flamengo RJ;https://www.betexplorer.com/soccer/brazil/serie-a-2015/figueirense-flamengo-rj/ATlDdUU1/;Fluminense - Sao Paulo;https://www.betexplorer.com/soccer/brazil/serie-a-2015/fluminense-sao-paulo/byjZ3CxS/;Joinville - Coritiba;https://www.betexplorer.com/soccer/brazil/serie-a-2015/joinville-coritiba/KbW3JixF/;Palmeiras - Ponte Preta;https://www.betexplorer.com/soccer/brazil/serie-a-2015/palmeiras-ponte-preta/KpiV4hNL/;Sport Recife - Avai;https://www.betexplorer.com/soccer/brazil/serie-a-2015/sport-recife-avai/jPRaKXM8/
29. ROUND;Avai - Vasco;https://www.betexplorer.com/soccer/brazil/serie-a-2015/avai-vasco/ObBWqiod/;Chapecoense-SC - Palmeiras;https://www.betexplorer.com/soccer/brazil/serie-a-2015/chapecoense-sc-palmeiras/CKmN6Eh9/;Cruzeiro - Gremio;https://www.betexplorer.com/soccer/brazil/serie-a-2015/cruzeiro-gremio/p8CSpXVk/;Flamengo RJ - Joinville;https://www.betexplorer.com/soccer/brazil/serie-a-2015/flamengo-rj-joinville/QNVejg8S/;Goias - Figueirense;https://www.betexplorer.com/soccer/brazil/serie-a-2015/goias-figueirense/UebI7fw3/;Ponte Preta - Corinthians;https://www.betexplorer.com/soccer/brazil/serie-a-2015/ponte-preta-corinthians/W0WiiZhM/;Santos - Fluminense;https://www.betexplorer.com/soccer/brazil/serie-a-2015/santos-fluminense/hAXmhFwG/;Sao Paulo - Athletico-PR;https://www.betexplorer.com/soccer/brazil/serie-a-2015/sao-paulo-athletico-pr/zZxqgeO9/;Coritiba - Atletico-MG;https://www.betexplorer.com/soccer/brazil/serie-a-2015/coritiba-atletico-mg/j5aE8zOd/;Internacional - Sport Recife;https://www.betexplorer.com/soccer/brazil/serie-a-2015/internacional-sport-recife/2qNNoDGq/
28. ROUND;Athletico-PR - Ponte Preta;https://www.betexplorer.com/soccer/brazil/serie-a-2015/athletico-pr-ponte-preta/joyXecvi/;Cruzeiro - Coritiba;https://www.betexplorer.com/soccer/brazil/serie-a-2015/cruzeiro-coritiba/8MBnloLp/;Figueirense - Corinthians;https://www.betexplorer.com/soccer/brazil/serie-a-2015/figueirense-corinthians/nDAjm5zi/;Flamengo RJ - Vasco;https://www.betexplorer.com/soccer/brazil/serie-a-2015/flamengo-rj-vasco/xvLGg7cN/;Gremio - Avai;https://www.betexplorer.com/soccer/brazil/serie-a-2015/gremio-avai/GUJKhRCT/;Joinville - Atletico-MG;https://www.betexplorer.com/soccer/brazil/serie-a-2015/joinville-atletico-mg/drvufy93/;Santos - Internacional;https://www.betexplorer.com/soccer/brazil/serie-a-2015/santos-internacional/tCR7eTSA/;Sao Paulo - Palmeiras;https://www.betexplorer.com/soccer/brazil/serie-a-2015/sao-paulo-palmeiras/nkS3d9D4/;Sport Recife - Chapecoense-SC;https://www.betexplorer.com/soccer/brazil/serie-a-2015/sport-recife-chapecoense-sc/2LvyeHgc/;Fluminense - Goias;https://www.betexplorer.com/soccer/brazil/serie-a-2015/fluminense-goias/fFVBfmrH/
27. ROUND;Atletico-MG - Flamengo RJ;https://www.betexplorer.com/soccer/brazil/serie-a-2015/atletico-mg-flamengo-rj/CMIku8rU/;Avai - Sao Paulo;https://www.betexplorer.com/soccer/brazil/serie-a-2015/avai-sao-paulo/lrAHzSjo/;Chapecoense-SC - Cruzeiro;https://www.betexplorer.com/soccer/brazil/serie-a-2015/chapecoense-sc-cruzeiro/8bTackbb/;Corinthians - Santos;https://www.betexplorer.com/soccer/brazil/serie-a-2015/corinthians-santos/0IyUqWTb/;Coritiba - Athletico-PR;https://www.betexplorer.com/soccer/brazil/serie-a-2015/coritiba-athletico-pr/2obaaBTo/;Goias - Joinville;https://www.betexplorer.com/soccer/brazil/serie-a-2015/goias-joinville/txc3bVrh/;Ponte Preta - Fluminense;https://www.betexplorer.com/soccer/brazil/serie-a-2015/ponte-preta-fluminense/MXPxrAbB/;Vasco - Sport Recife;https://www.betexplorer.com/soccer/brazil/serie-a-2015/vasco-sport-recife/j7UtsUDH/;Internacional - Figueirense;https://www.betexplorer.com/soccer/brazil/serie-a-2015/internacional-figueirense/UcTptlTN/;Palmeiras - Gremio;https://www.betexplorer.com/soccer/brazil/serie-a-2015/palmeiras-gremio/rsRYrjq5/
26. ROUND;Flamengo RJ - Coritiba;https://www.betexplorer.com/soccer/brazil/serie-a-2015/flamengo-rj-coritiba/fNPcsw80/;Sao Paulo - Chapecoense-SC;https://www.betexplorer.com/soccer/brazil/serie-a-2015/sao-paulo-chapecoense-sc/QsxopuOs/;Athletico-PR - Gremio;https://www.betexplorer.com/soccer/brazil/serie-a-2015/athletico-pr-gremio/GUZHnYqt/;Cruzeiro - Vasco;https://www.betexplorer.com/soccer/brazil/serie-a-2015/cruzeiro-vasco/2mT5uHxD/;Figueirense - Avai;https://www.betexplorer.com/soccer/brazil/serie-a-2015/figueirense-avai/tvS9vyhJ/;Fluminense - Palmeiras;https://www.betexplorer.com/soccer/brazil/serie-a-2015/fluminense-palmeiras/CbzgrJhf/;Goias - Ponte Preta;https://www.betexplorer.com/soccer/brazil/serie-a-2015/goias-ponte-preta/fLYLohan/;Internacional - Corinthians;https://www.betexplorer.com/soccer/brazil/serie-a-2015/internacional-corinthians/8QT1tcN6/;Joinville - Sport Recife;https://www.betexplorer.com/soccer/brazil/serie-a-2015/joinville-sport-recife/lrYPpCEh/;Santos - Atletico-MG;https://www.betexplorer.com/soccer/brazil/serie-a-2015/santos-atletico-mg/Y7ykqawl/
25. ROUND;Avai - Goias;https://www.betexplorer.com/soccer/brazil/serie-a-2015/avai-goias/E38SRc8D/;Chapecoense-SC - Flamengo RJ;https://www.betexplorer.com/soccer/brazil/serie-a-2015/chapecoense-sc-flamengo-rj/OYkJlLFQ/;Corinthians - Joinville;https://www.betexplorer.com/soccer/brazil/serie-a-2015/corinthians-joinville/tdLuy2oR/;Cruzeiro - Atletico-MG;https://www.betexplorer.com/soccer/brazil/serie-a-2015/cruzeiro-atletico-mg/zD9OSwg7/;Gremio - Sao Paulo;https://www.betexplorer.com/soccer/brazil/serie-a-2015/gremio-sao-paulo/IyFJTJw1/;Palmeiras - Figueirense;https://www.betexplorer.com/soccer/brazil/serie-a-2015/palmeiras-figueirense/nwb8WLgr/;Ponte Preta - Santos;https://www.betexplorer.com/soccer/brazil/serie-a-2015/ponte-preta-santos/pOGBVu9l/;Sport Recife - Fluminense;https://www.betexplorer.com/soccer/brazil/serie-a-2015/sport-recife-fluminense/tA0Ek10K/;Vasco - Athletico-PR;https://www.betexplorer.com/soccer/brazil/serie-a-2015/vasco-athletico-pr/voGFUaOf/;Coritiba - Internacional;https://www.betexplorer.com/soccer/brazil/serie-a-2015/coritiba-internacional/S6dAjsoE/
24. ROUND;Flamengo RJ - Cruzeiro;https://www.betexplorer.com/soccer/brazil/serie-a-2015/flamengo-rj-cruzeiro/6JxZHMvk/;Goias - Sport Recife;https://www.betexplorer.com/soccer/brazil/serie-a-2015/goias-sport-recife/YVHXxOGE/;Joinville - Chapecoense-SC;https://www.betexplorer.com/soccer/brazil/serie-a-2015/joinville-chapecoense-sc/25MyxrWK/;Atletico-MG - Avai;https://www.betexplorer.com/soccer/brazil/serie-a-2015/atletico-mg-avai/vXzsG091/;Corinthians - Gremio;https://www.betexplorer.com/soccer/brazil/serie-a-2015/corinthians-gremio/Uyz6OO1L/;Coritiba - Fluminense;https://www.betexplorer.com/soccer/brazil/serie-a-2015/coritiba-fluminense/fuJTw418/;Figueirense - Athletico-PR;https://www.betexplorer.com/soccer/brazil/serie-a-2015/figueirense-athletico-pr/hzuoFKO7/;Internacional - Palmeiras;https://www.betexplorer.com/soccer/brazil/serie-a-2015/internacional-palmeiras/pAywHtfe/;Ponte Preta - Vasco;https://www.betexplorer.com/soccer/brazil/serie-a-2015/ponte-preta-vasco/Q7LyJ2Pr/;Santos - Sao Paulo;https://www.betexplorer.com/soccer/brazil/serie-a-2015/santos-sao-paulo/ObZ9NrHR/
23. ROUND;Athletico-PR - Joinville;https://www.betexplorer.com/soccer/brazil/serie-a-2015/athletico-pr-joinville/fJsgRQH2/;Avai - Coritiba;https://www.betexplorer.com/soccer/brazil/serie-a-2015/avai-coritiba/63lB2su2/;Chapecoense-SC - Ponte Preta;https://www.betexplorer.com/soccer/brazil/serie-a-2015/chapecoense-sc-ponte-preta/GYV1P4nF/;Cruzeiro - Figueirense;https://www.betexplorer.com/soccer/brazil/serie-a-2015/cruzeiro-figueirense/SCk73NPe/;Fluminense - Flamengo RJ;https://www.betexplorer.com/soccer/brazil/serie-a-2015/fluminense-flamengo-rj/GY9W9PnS/;Gremio - Goias;https://www.betexplorer.com/soccer/brazil/serie-a-2015/gremio-goias/pl0243Ak/;Palmeiras - Corinthians;https://www.betexplorer.com/soccer/brazil/serie-a-2015/palmeiras-corinthians/xrBSA5XL/;Sao Paulo - Internacional;https://www.betexplorer.com/soccer/brazil/serie-a-2015/sao-paulo-internacional/K6GNBoIF/;Sport Recife - Santos;https://www.betexplorer.com/soccer/brazil/serie-a-2015/sport-recife-santos/Y9tcQpX8/;Vasco - Atletico-MG;https://www.betexplorer.com/soccer/brazil/serie-a-2015/vasco-atletico-mg/YDdb5qeq/
22. ROUND;Figueirense - Gremio;https://www.betexplorer.com/soccer/brazil/serie-a-2015/figueirense-gremio/WpzTk4ed/;Santos - Chapecoense-SC;https://www.betexplorer.com/soccer/brazil/serie-a-2015/santos-chapecoense-sc/QR5qBER4/;Atletico-MG - Athletico-PR;https://www.betexplorer.com/soccer/brazil/serie-a-2015/atletico-mg-athletico-pr/hfyPjptj/;Corinthians - Fluminense;https://www.betexplorer.com/soccer/brazil/serie-a-2015/corinthians-fluminense/W46uCfCb/;Coritiba - Sport Recife;https://www.betexplorer.com/soccer/brazil/serie-a-2015/coritiba-sport-recife/YkEBEmYd/;Flamengo RJ - Avai;https://www.betexplorer.com/soccer/brazil/serie-a-2015/flamengo-rj-avai/Mgah9hdH/;Goias - Palmeiras;https://www.betexplorer.com/soccer/brazil/serie-a-2015/goias-palmeiras/ngIFD7m3/;Internacional - Vasco;https://www.betexplorer.com/soccer/brazil/serie-a-2015/internacional-vasco/bJMLiQQq/;Joinville - Sao Paulo;https://www.betexplorer.com/soccer/brazil/serie-a-2015/joinville-sao-paulo/tGHJCR29/;Ponte Preta - Cruzeiro;https://www.betexplorer.com/soccer/brazil/serie-a-2015/ponte-preta-cruzeiro/vV9mAYtB/
21. ROUND;Athletico-PR - Goias;https://www.betexplorer.com/soccer/brazil/serie-a-2015/athletico-pr-goias/dnESEdSu/;Avai - Internacional;https://www.betexplorer.com/soccer/brazil/serie-a-2015/avai-internacional/KQxNgDdU/;Chapecoense-SC - Corinthians;https://www.betexplorer.com/soccer/brazil/serie-a-2015/chapecoense-sc-corinthians/hE7yDzch/;Cruzeiro - Santos;https://www.betexplorer.com/soccer/brazil/serie-a-2015/cruzeiro-santos/8jZIfgsO/;Fluminense - Atletico-MG;https://www.betexplorer.com/soccer/brazil/serie-a-2015/fluminense-atletico-mg/I1t6cec5/;Gremio - Coritiba;https://www.betexplorer.com/soccer/brazil/serie-a-2015/gremio-coritiba/QRqEeZRH/;Palmeiras - Joinville;https://www.betexplorer.com/soccer/brazil/serie-a-2015/palmeiras-joinville/vBs2byra/;Sao Paulo - Ponte Preta;https://www.betexplorer.com/soccer/brazil/serie-a-2015/sao-paulo-ponte-preta/dnhcaHSh/;Sport Recife - Flamengo RJ;https://www.betexplorer.com/soccer/brazil/serie-a-2015/sport-recife-flamengo-rj/zwDWDGsn/;Vasco - Figueirense;https://www.betexplorer.com/soccer/brazil/serie-a-2015/vasco-figueirense/nyoAdFCB/
20. ROUND;Atletico-MG - Palmeiras;https://www.betexplorer.com/soccer/brazil/serie-a-2015/atletico-mg-palmeiras/8UcrrGcI/;Corinthians - Cruzeiro;https://www.betexplorer.com/soccer/brazil/serie-a-2015/corinthians-cruzeiro/AF1Nnvqm/;Coritiba - Chapecoense-SC;https://www.betexplorer.com/soccer/brazil/serie-a-2015/coritiba-chapecoense-sc/nD2N5JkP/;Figueirense - Sport Recife;https://www.betexplorer.com/soccer/brazil/serie-a-2015/figueirense-sport-recife/nLdnszDO/;Flamengo RJ - Sao Paulo;https://www.betexplorer.com/soccer/brazil/serie-a-2015/flamengo-rj-sao-paulo/04fzpxT5/;Internacional - Athletico-PR;https://www.betexplorer.com/soccer/brazil/serie-a-2015/internacional-athletico-pr/E7bvqdrC/;Joinville - Fluminense;https://www.betexplorer.com/soccer/brazil/serie-a-2015/joinville-fluminense/rqlg0cDn/;Ponte Preta - Gremio;https://www.betexplorer.com/soccer/brazil/serie-a-2015/ponte-preta-gremio/Iu5VpIDa/;Goias - Vasco;https://www.betexplorer.com/soccer/brazil/serie-a-2015/goias-vasco/lMlk1wbt/;Santos - Avai;https://www.betexplorer.com/soccer/brazil/serie-a-2015/santos-avai/vk6Robbg/
19. ROUND;Avai - Corinthians;https://www.betexplorer.com/soccer/brazil/serie-a-2015/avai-corinthians/EgJ5UdTI/;Chapecoense-SC - Atletico-MG;https://www.betexplorer.com/soccer/brazil/serie-a-2015/chapecoense-sc-atletico-mg/WO2JmKTt/;Cruzeiro - Internacional;https://www.betexplorer.com/soccer/brazil/serie-a-2015/cruzeiro-internacional/z3K1VxEC/;Fluminense - Figueirense;https://www.betexplorer.com/soccer/brazil/serie-a-2015/fluminense-figueirense/pERlYvUg/;Gremio - Joinville;https://www.betexplorer.com/soccer/brazil/serie-a-2015/gremio-joinville/IRPdWIb6/;Palmeiras - Flamengo RJ;https://www.betexplorer.com/soccer/brazil/serie-a-2015/palmeiras-flamengo-rj/WANpZKEm/;Sao Paulo - Goias;https://www.betexplorer.com/soccer/brazil/serie-a-2015/sao-paulo-goias/lnYuz1as/;Sport Recife - Ponte Preta;https://www.betexplorer.com/soccer/brazil/serie-a-2015/sport-recife-ponte-preta/QsQjh0LP/;Athletico-PR - Santos;https://www.betexplorer.com/soccer/brazil/serie-a-2015/athletico-pr-santos/Sd7mgt6J/;Vasco - Coritiba;https://www.betexplorer.com/soccer/brazil/serie-a-2015/vasco-coritiba/vyRhXbq0/
18. ROUND;Atletico-MG - Gremio;https://www.betexplorer.com/soccer/brazil/serie-a-2015/atletico-mg-gremio/roJLYj37/;Joinville - Cruzeiro;https://www.betexplorer.com/soccer/brazil/serie-a-2015/joinville-cruzeiro/nwnEvsiQ/;Ponte Preta - Avai;https://www.betexplorer.com/soccer/brazil/serie-a-2015/ponte-preta-avai/hdQ8ygJl/;Corinthians - Sport Recife;https://www.betexplorer.com/soccer/brazil/serie-a-2015/corinthians-sport-recife/M93yf1ZF/;Coritiba - Palmeiras;https://www.betexplorer.com/soccer/brazil/serie-a-2015/coritiba-palmeiras/0Mm6t3MD/;Figueirense - Sao Paulo;https://www.betexplorer.com/soccer/brazil/serie-a-2015/figueirense-sao-paulo/dlNPXAID/;Flamengo RJ - Athletico-PR;https://www.betexplorer.com/soccer/brazil/serie-a-2015/flamengo-rj-athletico-pr/AXKDzDYf/;Goias - Chapecoense-SC;https://www.betexplorer.com/soccer/brazil/serie-a-2015/goias-chapecoense-sc/vDnAuNyK/;Internacional - Fluminense;https://www.betexplorer.com/soccer/brazil/serie-a-2015/internacional-fluminense/lOJHZWm1/;Santos - Vasco;https://www.betexplorer.com/soccer/brazil/serie-a-2015/santos-vasco/E5R4xZ3r/
17. ROUND;Athletico-PR - Sport Recife;https://www.betexplorer.com/soccer/brazil/serie-a-2015/athletico-pr-sport-recife/lKBOd3kc/;Chapecoense-SC - Figueirense;https://www.betexplorer.com/soccer/brazil/serie-a-2015/chapecoense-sc-figueirense/AZaXfsK9/;Cruzeiro - Palmeiras;https://www.betexplorer.com/soccer/brazil/serie-a-2015/cruzeiro-palmeiras/MDJxZacj/;Goias - Atletico-MG;https://www.betexplorer.com/soccer/brazil/serie-a-2015/goias-atletico-mg/SAASeN43/;Gremio - Internacional;https://www.betexplorer.com/soccer/brazil/serie-a-2015/gremio-internacional/vkUXZurp/;Ponte Preta - Flamengo RJ;https://www.betexplorer.com/soccer/brazil/serie-a-2015/ponte-preta-flamengo-rj/86w2u2KM/;Santos - Coritiba;https://www.betexplorer.com/soccer/brazil/serie-a-2015/santos-coritiba/UFvbtr5G/;Sao Paulo - Corinthians;https://www.betexplorer.com/soccer/brazil/serie-a-2015/sao-paulo-corinthians/2g81sOkA/;Vasco - Joinville;https://www.betexplorer.com/soccer/brazil/serie-a-2015/vasco-joinville/2Tx6vMZS/;Avai - Fluminense;https://www.betexplorer.com/soccer/brazil/serie-a-2015/avai-fluminense/04ItYJCd/
16. ROUND;Coritiba - Goias;https://www.betexplorer.com/soccer/brazil/serie-a-2015/coritiba-goias/Gx6kpQ5i/;Figueirense - Ponte Preta;https://www.betexplorer.com/soccer/brazil/serie-a-2015/figueirense-ponte-preta/EXR6LtTj/;Flamengo RJ - Santos;https://www.betexplorer.com/soccer/brazil/serie-a-2015/flamengo-rj-santos/4bxXRrjN/;Internacional - Chapecoense-SC;https://www.betexplorer.com/soccer/brazil/serie-a-2015/internacional-chapecoense-sc/rkyyR25T/;Joinville - Avai;https://www.betexplorer.com/soccer/brazil/serie-a-2015/joinville-avai/O29cr4z4/;Palmeiras - Athletico-PR;https://www.betexplorer.com/soccer/brazil/serie-a-2015/palmeiras-athletico-pr/AaqOT4LA/;Sport Recife - Cruzeiro;https://www.betexplorer.com/soccer/brazil/serie-a-2015/sport-recife-cruzeiro/UuAgqpLc/;Fluminense - Gremio;https://www.betexplorer.com/soccer/brazil/serie-a-2015/fluminense-gremio/MZnSSOzH/;Atletico-MG - Sao Paulo;https://www.betexplorer.com/soccer/brazil/serie-a-2015/atletico-mg-sao-paulo/zsT2MMDp/;Corinthians - Vasco;https://www.betexplorer.com/soccer/brazil/serie-a-2015/corinthians-vasco/GxpKUp64/
15. ROUND;Atletico-MG - Figueirense;https://www.betexplorer.com/soccer/brazil/serie-a-2015/atletico-mg-figueirense/jeCcDqyU/;Chapecoense-SC - Fluminense;https://www.betexplorer.com/soccer/brazil/serie-a-2015/chapecoense-sc-fluminense/xnoGVQjb/;Coritiba - Corinthians;https://www.betexplorer.com/soccer/brazil/serie-a-2015/coritiba-corinthians/tKi7XnMo/;Goias - Flamengo RJ;https://www.betexplorer.com/soccer/brazil/serie-a-2015/goias-flamengo-rj/KAjBW6yh/;Gremio - Sport Recife;https://www.betexplorer.com/soccer/brazil/serie-a-2015/gremio-sport-recife/8WMhEPLN/;Ponte Preta - Internacional;https://www.betexplorer.com/soccer/brazil/serie-a-2015/ponte-preta-internacional/MFOpGoiB/;Santos - Joinville;https://www.betexplorer.com/soccer/brazil/serie-a-2015/santos-joinville/rPPtHRy5/;Sao Paulo - Cruzeiro;https://www.betexplorer.com/soccer/brazil/serie-a-2015/sao-paulo-cruzeiro/00zxI7Mb/;Vasco - Palmeiras;https://www.betexplorer.com/soccer/brazil/serie-a-2015/vasco-palmeiras/UuOlF56H/;Avai - Athletico-PR;https://www.betexplorer.com/soccer/brazil/serie-a-2015/avai-athletico-pr/SG3P83qo/
14. ROUND;Athletico-PR - Chapecoense-SC;https://www.betexplorer.com/soccer/brazil/serie-a-2015/athletico-pr-chapecoense-sc/EqYPK9xt/;Corinthians - Atletico-MG;https://www.betexplorer.com/soccer/brazil/serie-a-2015/corinthians-atletico-mg/hMie5Uxg/;Cruzeiro - Avai;https://www.betexplorer.com/soccer/brazil/serie-a-2015/cruzeiro-avai/zJ2F06iO/;Figueirense - Coritiba;https://www.betexplorer.com/soccer/brazil/serie-a-2015/figueirense-coritiba/E91JaQ6U/;Fluminense - Vasco;https://www.betexplorer.com/soccer/brazil/serie-a-2015/fluminense-vasco/0ne33875/;Joinville - Ponte Preta;https://www.betexplorer.com/soccer/brazil/serie-a-2015/joinville-ponte-preta/ncWXIm7h/;Palmeiras - Santos;https://www.betexplorer.com/soccer/brazil/serie-a-2015/palmeiras-santos/Meda4lha/;Sport Recife - Sao Paulo;https://www.betexplorer.com/soccer/brazil/serie-a-2015/sport-recife-sao-paulo/hzXTJTin/;Flamengo RJ - Gremio;https://www.betexplorer.com/soccer/brazil/serie-a-2015/flamengo-rj-gremio/rBp82SMB/;Internacional - Goias;https://www.betexplorer.com/soccer/brazil/serie-a-2015/internacional-goias/td3B1nxI/
13. ROUND;Athletico-PR - Fluminense;https://www.betexplorer.com/soccer/brazil/serie-a-2015/athletico-pr-fluminense/KUzJOIwE/;Avai - Chapecoense-SC;https://www.betexplorer.com/soccer/brazil/serie-a-2015/avai-chapecoense-sc/6Rny0Z0D/;Cruzeiro - Goias;https://www.betexplorer.com/soccer/brazil/serie-a-2015/cruzeiro-goias/SzlX0Fo7/;Flamengo RJ - Corinthians;https://www.betexplorer.com/soccer/brazil/serie-a-2015/flamengo-rj-corinthians/8YXV2yHf/;Joinville - Internacional;https://www.betexplorer.com/soccer/brazil/serie-a-2015/joinville-internacional/EVhi6ANn/;Ponte Preta - Atletico-MG;https://www.betexplorer.com/soccer/brazil/serie-a-2015/ponte-preta-atletico-mg/EBYR3H1l/;Sao Paulo - Coritiba;https://www.betexplorer.com/soccer/brazil/serie-a-2015/sao-paulo-coritiba/fRie9wvR/;Sport Recife - Palmeiras;https://www.betexplorer.com/soccer/brazil/serie-a-2015/sport-recife-palmeiras/W63n7j8t/;Gremio - Vasco;https://www.betexplorer.com/soccer/brazil/serie-a-2015/gremio-vasco/nPWZ1eW0/;Santos - Figueirense;https://www.betexplorer.com/soccer/brazil/serie-a-2015/santos-figueirense/08UN4cnr/
12. ROUND;Corinthians - Athletico-PR;https://www.betexplorer.com/soccer/brazil/serie-a-2015/corinthians-athletico-pr/8ATDd0fL/;Fluminense - Cruzeiro;https://www.betexplorer.com/soccer/brazil/serie-a-2015/fluminense-cruzeiro/4tFqivIr/;Atletico-MG - Sport Recife;https://www.betexplorer.com/soccer/brazil/serie-a-2015/atletico-mg-sport-recife/fV7dlx21/;Chapecoense-SC - Gremio;https://www.betexplorer.com/soccer/brazil/serie-a-2015/chapecoense-sc-gremio/GzgiAJOK/;Coritiba - Ponte Preta;https://www.betexplorer.com/soccer/brazil/serie-a-2015/coritiba-ponte-preta/8AkqCuf8/;Figueirense - Joinville;https://www.betexplorer.com/soccer/brazil/serie-a-2015/figueirense-joinville/65B0mdH7/;Goias - Santos;https://www.betexplorer.com/soccer/brazil/serie-a-2015/goias-santos/n1lmBa9E/;Internacional - Flamengo RJ;https://www.betexplorer.com/soccer/brazil/serie-a-2015/internacional-flamengo-rj/088hkIne/;Palmeiras - Avai;https://www.betexplorer.com/soccer/brazil/serie-a-2015/palmeiras-avai/2XSHeK9R/;Vasco - Sao Paulo;https://www.betexplorer.com/soccer/brazil/serie-a-2015/vasco-sao-paulo/MH9ljbXl/
11. ROUND;Avai - Sport Recife;https://www.betexplorer.com/soccer/brazil/serie-a-2015/avai-sport-recife/KzYJzJX1/;Chapecoense-SC - Vasco;https://www.betexplorer.com/soccer/brazil/serie-a-2015/chapecoense-sc-vasco/f7P9ctuF/;Cruzeiro - Athletico-PR;https://www.betexplorer.com/soccer/brazil/serie-a-2015/cruzeiro-athletico-pr/tpZFyaIe/;Flamengo RJ - Figueirense;https://www.betexplorer.com/soccer/brazil/serie-a-2015/flamengo-rj-figueirense/pIu7wLmq/;Goias - Corinthians;https://www.betexplorer.com/soccer/brazil/serie-a-2015/goias-corinthians/Crz5bMP8/;Internacional - Atletico-MG;https://www.betexplorer.com/soccer/brazil/serie-a-2015/internacional-atletico-mg/bLqBxu3k/;Ponte Preta - Palmeiras;https://www.betexplorer.com/soccer/brazil/serie-a-2015/ponte-preta-palmeiras/Sxgur1uS/;Santos - Gremio;https://www.betexplorer.com/soccer/brazil/serie-a-2015/santos-gremio/lnfyqsQL/;Sao Paulo - Fluminense;https://www.betexplorer.com/soccer/brazil/serie-a-2015/sao-paulo-fluminense/WAaWqNAF/;Coritiba - Joinville;https://www.betexplorer.com/soccer/brazil/serie-a-2015/coritiba-joinville/Yiy1a2A2/
10. ROUND;Corinthians - Ponte Preta;https://www.betexplorer.com/soccer/brazil/serie-a-2015/corinthians-ponte-preta/pfykXqR9/;Figueirense - Goias;https://www.betexplorer.com/soccer/brazil/serie-a-2015/figueirense-goias/pIJyOuld/;Fluminense - Santos;https://www.betexplorer.com/soccer/brazil/serie-a-2015/fluminense-santos/hKvcVNeM/;Athletico-PR - Sao Paulo;https://www.betexplorer.com/soccer/brazil/serie-a-2015/athletico-pr-sao-paulo/nNcKnPQd/;Atletico-MG - Coritiba;https://www.betexplorer.com/soccer/brazil/serie-a-2015/atletico-mg-coritiba/6RKXOLYk/;Gremio - Cruzeiro;https://www.betexplorer.com/soccer/brazil/serie-a-2015/gremio-cruzeiro/xhGTP1Jq/;Joinville - Flamengo RJ;https://www.betexplorer.com/soccer/brazil/serie-a-2015/joinville-flamengo-rj/hK0Sp3e9/;Palmeiras - Chapecoense-SC;https://www.betexplorer.com/soccer/brazil/serie-a-2015/palmeiras-chapecoense-sc/vHzgW3tG/;Sport Recife - Internacional;https://www.betexplorer.com/soccer/brazil/serie-a-2015/sport-recife-internacional/bc1Ooqt3/;Vasco - Avai;https://www.betexplorer.com/soccer/brazil/serie-a-2015/vasco-avai/zqU1UsBS/
9. ROUND;Atletico-MG - Joinville;https://www.betexplorer.com/soccer/brazil/serie-a-2015/atletico-mg-joinville/KfUcCrkp/;Corinthians - Figueirense;https://www.betexplorer.com/soccer/brazil/serie-a-2015/corinthians-figueirense/AHOCXhLh/;Coritiba - Cruzeiro;https://www.betexplorer.com/soccer/brazil/serie-a-2015/coritiba-cruzeiro/n1Mqznsi/;Goias - Fluminense;https://www.betexplorer.com/soccer/brazil/serie-a-2015/goias-fluminense/QiLmZ5dc/;Internacional - Santos;https://www.betexplorer.com/soccer/brazil/serie-a-2015/internacional-santos/vcGTTAKH/;Palmeiras - Sao Paulo;https://www.betexplorer.com/soccer/brazil/serie-a-2015/palmeiras-sao-paulo/htEHWCza/;Ponte Preta - Athletico-PR;https://www.betexplorer.com/soccer/brazil/serie-a-2015/ponte-preta-athletico-pr/WWCLVWk5/;Vasco - Flamengo RJ;https://www.betexplorer.com/soccer/brazil/serie-a-2015/vasco-flamengo-rj/06HPUj5B/;Avai - Gremio;https://www.betexplorer.com/soccer/brazil/serie-a-2015/avai-gremio/YcY1B24j/;Chapecoense-SC - Sport Recife;https://www.betexplorer.com/soccer/brazil/serie-a-2015/chapecoense-sc-sport-recife/63xoYPB3/
8. ROUND;Fluminense - Ponte Preta;https://www.betexplorer.com/soccer/brazil/serie-a-2015/fluminense-ponte-preta/8zctZpu0/;Athletico-PR - Coritiba;https://www.betexplorer.com/soccer/brazil/serie-a-2015/athletico-pr-coritiba/G0KwverP/;Cruzeiro - Chapecoense-SC;https://www.betexplorer.com/soccer/brazil/serie-a-2015/cruzeiro-chapecoense-sc/bPkgWrPI/;Gremio - Palmeiras;https://www.betexplorer.com/soccer/brazil/serie-a-2015/gremio-palmeiras/42jkXO9C/;Joinville - Goias;https://www.betexplorer.com/soccer/brazil/serie-a-2015/joinville-goias/CW59YY5n/;Sao Paulo - Avai;https://www.betexplorer.com/soccer/brazil/serie-a-2015/sao-paulo-avai/MJbYz7Am/;Flamengo RJ - Atletico-MG;https://www.betexplorer.com/soccer/brazil/serie-a-2015/flamengo-rj-atletico-mg/janoY4f6/;Santos - Corinthians;https://www.betexplorer.com/soccer/brazil/serie-a-2015/santos-corinthians/UqbxzRPg/;Sport Recife - Vasco;https://www.betexplorer.com/soccer/brazil/serie-a-2015/sport-recife-vasco/I965ZEjt/;Figueirense - Internacional;https://www.betexplorer.com/soccer/brazil/serie-a-2015/figueirense-internacional/xGlcV2vP/
7. ROUND;Avai - Figueirense;https://www.betexplorer.com/soccer/brazil/serie-a-2015/avai-figueirense/AuVFIPfJ/;Gremio - Athletico-PR;https://www.betexplorer.com/soccer/brazil/serie-a-2015/gremio-athletico-pr/EDy7KoQ6/;Palmeiras - Fluminense;https://www.betexplorer.com/soccer/brazil/serie-a-2015/palmeiras-fluminense/UPZfNmtl/;Ponte Preta - Goias;https://www.betexplorer.com/soccer/brazil/serie-a-2015/ponte-preta-goias/t0waM7ef/;Sport Recife - Joinville;https://www.betexplorer.com/soccer/brazil/serie-a-2015/sport-recife-joinville/xnN1tTnQ/;Vasco - Cruzeiro;https://www.betexplorer.com/soccer/brazil/serie-a-2015/vasco-cruzeiro/zNx3LRA0/;Chapecoense-SC - Sao Paulo;https://www.betexplorer.com/soccer/brazil/serie-a-2015/chapecoense-sc-sao-paulo/rTaUymes/;Corinthians - Internacional;https://www.betexplorer.com/soccer/brazil/serie-a-2015/corinthians-internacional/n1pjOTQs/;Coritiba - Flamengo RJ;https://www.betexplorer.com/soccer/brazil/serie-a-2015/coritiba-flamengo-rj/OrJcs9XJ/;Atletico-MG - Santos;https://www.betexplorer.com/soccer/brazil/serie-a-2015/atletico-mg-santos/WlWBJ5uD/
6. ROUND;Figueirense - Palmeiras;https://www.betexplorer.com/soccer/brazil/serie-a-2015/figueirense-palmeiras/zNGX5nBD/;Fluminense - Sport Recife;https://www.betexplorer.com/soccer/brazil/serie-a-2015/fluminense-sport-recife/MqrP9UBl/;Goias - Avai;https://www.betexplorer.com/soccer/brazil/serie-a-2015/goias-avai/GIgKTk3K/;Athletico-PR - Vasco;https://www.betexplorer.com/soccer/brazil/serie-a-2015/athletico-pr-vasco/xSfGUVmE/;Internacional - Coritiba;https://www.betexplorer.com/soccer/brazil/serie-a-2015/internacional-coritiba/SdDP78t1/;Joinville - Corinthians;https://www.betexplorer.com/soccer/brazil/serie-a-2015/joinville-corinthians/phbOS9IQ/;Sao Paulo - Gremio;https://www.betexplorer.com/soccer/brazil/serie-a-2015/sao-paulo-gremio/QDdgFjlR/;Atletico-MG - Cruzeiro;https://www.betexplorer.com/soccer/brazil/serie-a-2015/atletico-mg-cruzeiro/MJCT6Se7/;Flamengo RJ - Chapecoense-SC;https://www.betexplorer.com/soccer/brazil/serie-a-2015/flamengo-rj-chapecoense-sc/l6EL8lRf/;Santos - Ponte Preta;https://www.betexplorer.com/soccer/brazil/serie-a-2015/santos-ponte-preta/rgqLAAdr/
5. ROUND;Palmeiras - Internacional;https://www.betexplorer.com/soccer/brazil/serie-a-2015/palmeiras-internacional/b3dEEJcG/;Sport Recife - Goias;https://www.betexplorer.com/soccer/brazil/serie-a-2015/sport-recife-goias/Uo3pHCJE/;Athletico-PR - Figueirense;https://www.betexplorer.com/soccer/brazil/serie-a-2015/athletico-pr-figueirense/je4tIh48/;Avai - Atletico-MG;https://www.betexplorer.com/soccer/brazil/serie-a-2015/avai-atletico-mg/2uBbg9R7/;Chapecoense-SC - Joinville;https://www.betexplorer.com/soccer/brazil/serie-a-2015/chapecoense-sc-joinville/CAhkGWYK/;Cruzeiro - Flamengo RJ;https://www.betexplorer.com/soccer/brazil/serie-a-2015/cruzeiro-flamengo-rj/OlCffkC1/;Fluminense - Coritiba;https://www.betexplorer.com/soccer/brazil/serie-a-2015/fluminense-coritiba/zTJsciSr/;Gremio - Corinthians;https://www.betexplorer.com/soccer/brazil/serie-a-2015/gremio-corinthians/tQMkeVde/;Sao Paulo - Santos;https://www.betexplorer.com/soccer/brazil/serie-a-2015/sao-paulo-santos/tS19FarA/;Vasco - Ponte Preta;https://www.betexplorer.com/soccer/brazil/serie-a-2015/vasco-ponte-preta/UkJodBsk/
4. ROUND;Atletico-MG - Vasco;https://www.betexplorer.com/soccer/brazil/serie-a-2015/atletico-mg-vasco/EFMAfb6p/;Corinthians - Palmeiras;https://www.betexplorer.com/soccer/brazil/serie-a-2015/corinthians-palmeiras/EirS2Mb4/;Figueirense - Cruzeiro;https://www.betexplorer.com/soccer/brazil/serie-a-2015/figueirense-cruzeiro/h6LEgILj/;Flamengo RJ - Fluminense;https://www.betexplorer.com/soccer/brazil/serie-a-2015/flamengo-rj-fluminense/4tyu0KrN/;Goias - Gremio;https://www.betexplorer.com/soccer/brazil/serie-a-2015/goias-gremio/8E31HLDc/;Internacional - Sao Paulo;https://www.betexplorer.com/soccer/brazil/serie-a-2015/internacional-sao-paulo/rXZravbT/;Joinville - Athletico-PR;https://www.betexplorer.com/soccer/brazil/serie-a-2015/joinville-athletico-pr/2y35GuT3/;Santos - Sport Recife;https://www.betexplorer.com/soccer/brazil/serie-a-2015/santos-sport-recife/8EsW1tEA/;Coritiba - Avai;https://www.betexplorer.com/soccer/brazil/serie-a-2015/coritiba-avai/fBacI1bi/;Ponte Preta - Chapecoense-SC;https://www.betexplorer.com/soccer/brazil/serie-a-2015/ponte-preta-chapecoense-sc/MHoz10TG/
3. ROUND;Athletico-PR - Atletico-MG;https://www.betexplorer.com/soccer/brazil/serie-a-2015/athletico-pr-atletico-mg/vZkF5OEo/;Avai - Flamengo RJ;https://www.betexplorer.com/soccer/brazil/serie-a-2015/avai-flamengo-rj/QV1Xtuxo/;Chapecoense-SC - Santos;https://www.betexplorer.com/soccer/brazil/serie-a-2015/chapecoense-sc-santos/z1qO32qb/;Cruzeiro - Ponte Preta;https://www.betexplorer.com/soccer/brazil/serie-a-2015/cruzeiro-ponte-preta/4Se6oLTT/;Fluminense - Corinthians;https://www.betexplorer.com/soccer/brazil/serie-a-2015/fluminense-corinthians/Ew3glNqB/;Gremio - Figueirense;https://www.betexplorer.com/soccer/brazil/serie-a-2015/gremio-figueirense/M361n1EN/;Palmeiras - Goias;https://www.betexplorer.com/soccer/brazil/serie-a-2015/palmeiras-goias/zm4kk3U4/;Sport Recife - Coritiba;https://www.betexplorer.com/soccer/brazil/serie-a-2015/sport-recife-coritiba/IPlJ4rUi/;Sao Paulo - Joinville;https://www.betexplorer.com/soccer/brazil/serie-a-2015/sao-paulo-joinville/hOEpjqFb/;Vasco - Internacional;https://www.betexplorer.com/soccer/brazil/serie-a-2015/vasco-internacional/rD7cmsaH/
2. ROUND;Atletico-MG - Fluminense;https://www.betexplorer.com/soccer/brazil/serie-a-2015/atletico-mg-fluminense/46KVYspO/;Corinthians - Chapecoense-SC;https://www.betexplorer.com/soccer/brazil/serie-a-2015/corinthians-chapecoense-sc/6iOAw6Vh/;Figueirense - Vasco;https://www.betexplorer.com/soccer/brazil/serie-a-2015/figueirense-vasco/rcJZX1aU/;Flamengo RJ - Sport Recife;https://www.betexplorer.com/soccer/brazil/serie-a-2015/flamengo-rj-sport-recife/dtHNz4FB/;Internacional - Avai;https://www.betexplorer.com/soccer/brazil/serie-a-2015/internacional-avai/AqLRZNUH/;Joinville - Palmeiras;https://www.betexplorer.com/soccer/brazil/serie-a-2015/joinville-palmeiras/vLAtiPah/;Ponte Preta - Sao Paulo;https://www.betexplorer.com/soccer/brazil/serie-a-2015/ponte-preta-sao-paulo/EHRIyp05/;Santos - Cruzeiro;https://www.betexplorer.com/soccer/brazil/serie-a-2015/santos-cruzeiro/zRSExQpa/;Coritiba - Gremio;https://www.betexplorer.com/soccer/brazil/serie-a-2015/coritiba-gremio/67CYhoVu/;Goias - Athletico-PR;https://www.betexplorer.com/soccer/brazil/serie-a-2015/goias-athletico-pr/pbBxh5pn/
1. ROUND;Athletico-PR - Internacional;https://www.betexplorer.com/soccer/brazil/serie-a-2015/athletico-pr-internacional/Aqqzp8hP/;Avai - Santos;https://www.betexplorer.com/soccer/brazil/serie-a-2015/avai-santos/dtehLOFO/;Cruzeiro - Corinthians;https://www.betexplorer.com/soccer/brazil/serie-a-2015/cruzeiro-corinthians/IkdlM40I/;Fluminense - Joinville;https://www.betexplorer.com/soccer/brazil/serie-a-2015/fluminense-joinville/S03yP6Ga/;Gremio - Ponte Preta;https://www.betexplorer.com/soccer/brazil/serie-a-2015/gremio-ponte-preta/0E1qNpoC/;Sao Paulo - Flamengo RJ;https://www.betexplorer.com/soccer/brazil/serie-a-2015/sao-paulo-flamengo-rj/WY9SQSom/;Sport Recife - Figueirense;https://www.betexplorer.com/soccer/brazil/serie-a-2015/sport-recife-figueirense/pxz2uS0t/;Vasco - Goias;https://www.betexplorer.com/soccer/brazil/serie-a-2015/vasco-goias/MN2uOQV5/;Chapecoense-SC - Coritiba;https://www.betexplorer.com/soccer/brazil/serie-a-2015/chapecoense-sc-coritiba/S0P6vnGn/;Palmeiras - Atletico-MG;https://www.betexplorer.com/soccer/brazil/serie-a-2015/palmeiras-atletico-mg/EcaXPn1g/
